requestSource,product,serviceRegion,requestType,focTarget
egain,broadband,nb,billinginquiry-balancetransferpaymentupdate,0.0
smartpath,btce,west,billinginquiry-dispute,0.0
smartpath,conferencingservices,on,billinginquiry-copyofinvoice,0.0
smartpath,datacentreandcloud,on,disconnect,0.0
pss,businesslines,on,billinginquiry-billingaccountupdate,0.0
pss,tollfree,on,generalinquiry-othergeneral,0.0
kana,dryloopdsl,qc,change,0.0
smartpath,globalipvpn,intl,disconnect,0.0
smartpath,siptrunk,on,billinginquiry-balancetransferpaymentupdate,0.0
ssc,businessinternet,east,generalinquiry-othergeneral,0.0
smartpath,eip,on,billinginquiry-billingaccountupdate,0.0
kana,digitalprivateline,qc,generalinquiry-othergeneral,0.0
smartpath,businessinternetdedicated,on,coaching,0.0
eom,siptrunk,west,pcoesamedayexpedite,0.0
smartpath,globalipvpn,intl,generalinquiry-pricingconfirmation,0.0
kana,centrex,west,add,0.0
smartpath,eip,ns,generalinquiry-othergeneral,0.0
smartpath,businessinternet,nl,generalinquiry-accountcontractupdate,0.0
kana,siptrunk,west,billinginquiry-otherbilling,0.0
smartpath,corporatehardwareorders,qc,hardwareordercancel,0.0
smartpath,siptrunk,on,portout,0.0
smartpath,eip,on,billinginquiry-invoiceexplanation,0.0
ssc,eip,on,generalinquiry-serviceaddressinformation,0.0
smartpath,digitalprivateline,on,change,0.0
smartpath,directorylisting,qc,generalinquiry-accountcontractupdate,0.0
email,saput,qc,billinginquiry-otherbilling,0.0
smartpath,businessinternetdedicated,nb,add,0.0
smartpath,businesslines,east,generalinquiry-othergeneral,0.0
smartpath,businesslines,nb,billinginquiry-dispute,0.0
smartpath,corporatehardwareorders,nl,hardwareorderchange,0.0
smartpath,tollfree,ns,add,0.0
pss,businessinternet,on,billinginquiry-copyofinvoice,0.0
smartpath,businessinternetbrokered,ab,billinginquiry-otherbilling,0.0
smartpath,localaccesspackage,on,add,0.0
smartpath,broadband,on,generalinquiry-transferresponsibility,0.0
smartpath,managedsecurityservices,nb,generalinquiry-othergeneral,0.0
smartpath,broadband,bc,disconnect,0.0
pwo,businessinternetbrokered,new brunswick,new,0.0
smartpath,tollfree,on,billinginquiry-obmsupport,0.0
smartpath,tollfree,qc,billinginquiry-invoiceexplanation,0.0
kana,datalegacy,ab,disconnect,0.0
smartpath,btce,ns,new,0.0
eom,businessinternetdedicated,east,facilitycheck,0.0
smartpath,tollfreeinternational,qc,coaching,0.0
email,ethernet,intl,add,0.0
kana,switchredirect,on,disconnect,0.0
kana,businessinternet,on,generalinquiry-transferresponsibility,0.0
kana,localaccesspackage,on,change,0.0
kana,saput,east,billinginquiry-otherbilling,0.0
smartpath,ipvpn,on,billinginquiry-otherbilling,0.0
smartpath,localaccesspackage,on,disconnect,0.0
smartpath,megalink,on,generalinquiry-copyofequipmentrecord,0.0
eom,siptrunk,qc,generalinquiry-othergeneral,0.0
kana,sap,on,move,0.0
smartpath,broadband,qc,billinginquiry-copyofinvoice,0.0
kana,centrex,on,generalinquiry-portout,0.0
eom,globalprivateline,on,agreementcreation,0.0
smartpath,businesslines,on,generalinquiry-pricingconfirmation,0.0
kana,tollfree,nb,winback,0.0
eom,businessinternetdedicated,on,escpartner,0.0
smartpath,sap,on,generalinquiry-accountcontractupdate,0.0
smartpath,btce,west,generalinquiry-othergeneral,0.0
eom,tollfreeinternational,qc,pcoesamedayexpedite,0.0
pss,businessinternetdedicated,on,billinginquiry-copyofinvoice,0.0
eomtask,btce,qc,removelicense,0.0
eom,infrastructureservices,on,agreementcreationvalidated,0.0
eom,wavelength,intl,project,0.0
smartpath,businessinternetdedicated,qc,billinginquiry-incorrectrate,0.0
smartpath,conferencingservices,on,change,0.0
kana,ipvpn,bc,generalinquiry-othergeneral,0.0
smartpath,managedservices,ns,change,0.0
kana,businesslines,west,billinginquiry-otherbilling,0.0
smartpath,businesslines,sk,add,0.0
kana,btce,on,generalinquiry-serviceaddressinformation,0.0
smartpath,businessinternetdedicated,on,generalinquiry-transferresponsibility,0.0
smartpath,megalink,ns,generalinquiry-directinwardcalling,0.0
smartpath,professionalservices,bc,billinginquiry-invoiceexplanation,0.0
eom,localaccesspackage,east,agreementcreation,0.0
smartpath,saput,qc,billinginquiry-copyofinvoice,0.0
smartpath,niceincontactcxone,qc,change,0.0
kana,ipvpn,on,generalinquiry-accountcontractupdate,0.0
smartpath,corporatehardwareorders,qc,noactionrequired,0.0
smartpath,datalegacy,on,escpartner,0.0
smartpath,bellmerakimanagement,on,add,0.0
smartpath,corporatehardwareorders,on,deploymentupgrade,0.0
eom,microlink | centrex,qc,pcoesamedayexpedite,0.0
kana,businessinternet,on,billinginquiry-invoiceexplanation,0.0
kana,directorylisting,west,generalinquiry-directorylistings,0.0
pss,businessinternet,on,generalinquiry-transferresponsibility,0.0
smartpath,globalbusinessinternetservice,on,coaching,0.0
eom,business internet dedicated | business internet dedicated | ethernet internetworking priority | 1fl,qc,agreementregistered,0.0
ssc,tollfree,on,generalinquiry-directinwardcalling,0.0
ssc,otherdataservices,on,billinginquiry-balancetransferpaymentupdate,0.0
smartpath,vnet,qc,add,0.0
smartpath,siptrunk,ab,glct,0.0
smartpath,corporateaccountservice,on,new,0.0
smartpath,businessinternet,on,billinginquiry-billingaccountupdate,0.0
smartpath,corporatebillinginquiries,on,billinginquiry,0.0
pwo,businessinternetdedicated,on,agreementcreation,0.0
ssc,tollfree,ns,disconnect,0.0
pss,businesslines,ab,generalinquiry-othergeneral,0.0
eom,globalbusinessinternetdedicated,qc,pricing,0.0
smartpath,corporatehardwareorders,on,newactivationportin,0.0
smartpath,businessinternetdedicated,qc,agreementcreation,0.0
smartpath,btce,bc,billinginquiry-invoiceexplanation,0.0
smartpath,centrex,ns,generalinquiry-copyofequipmentrecord,0.0
smartpath,businesslines,on,escpartner,0.0
smartpath,vnet,ab,add,0.0
ssc,centrex,on,billinginquiry-otherbilling,0.0
smartpath,siptrunk,on,generalinquiry-pricingconfirmation,0.0
kana,datalegacy,nl,disconnect,0.0
eom,ethernet,qc,facilitycheck,0.0
smartpath,internetconnectservice,on,facilitycheck,0.0
kana,siptrunk,on,generalinquiry-copyofequipmentrecord,0.0
smartpath,corporateaccountservice,bc,newactivationportin,0.0
smartpath,siptrunk,bc,coaching,0.0
smartpath,siptrunk,ab,coaching,0.0
smartpath,corporategeneralinquiries,on,technicalsupport,0.0
smartpath,broadband,pe,billinginquiry-otherbilling,0.0
smartpath,businessinternet,qc,reconnection,0.0
kana,businesslines,nl,disconnect,0.0
smartpath,megalink,pe,add,0.0
smartpath,businesslines,on,billinginquiry-invoiceexplanation,0.0
pss,businesslines,west,billinginquiry-billingaccountupdate,0.0
smartpath,digitalprivateline,qc,glct,0.0
pss,datalegacy,on,disconnect,0.0
kana,businessinternetdedicated,on,generalinquiry-othergeneral,0.0
pss,businessinternet,qc,billinginquiry-copyofinvoice,0.0
smartpath,sap,on,coaching,0.0
smartpath,businessinternetbrokered,on,billinginquiry-balancetransferpaymentupdate,0.0
smartpath,corporatehardwareorders,ns,hardwareorderchange,0.0
pss,localaccesspackage,on,move,0.0
smartpath,siptrunk,ab,generalinquiry-othergeneral,0.0
pss,datalegacy,qc,disconnect,0.0
smartpath,btce,west,coaching,0.0
smartpath,tollfree,qc,billinginquiry-copyofinvoice,0.0
eom,businessinternet,qc,project,0.0
smartpath,businessinternet,qc,billinginquiry-invoiceexplanation,0.0
ssc,businesslines,ab,billinginquiry-copyofinvoice,0.0
ssc,businessinternet,qc,generalinquiry-pricingconfirmation,0.0
smartpath,corporateaccountservice,on,changesim,0.0
kana,businessinternetbrokered,on,billinginquiry-otherbilling,0.0
kana,megalink,west,move,0.0
smartpath,globalipvpn,on,billinginquiry-copyofinvoice,0.0
smartpath,audioconferencing,on,billinginquiry-dispute,0.0
smartpath,corporatereporting,on,serviceandrepair,0.0
smartpath,businessinternet,qc,billinginquiry-incorrectrate,0.0
ssc,centrex,on,generalinquiry-serviceaddressinformation,0.0
smartpath,professionalservices,west,coaching,0.0
ssc,businesslines,qc,generalinquiry-pricingconfirmation,0.0
smartpath,broadband,on,generalinquiry-pricingconfirmation,0.0
smartpath,globalipvpn,qc,disconnect,0.0
ssc,locallink,west,billinginquiry-copyofinvoice,0.0
ssc,businesslines,nl,disconnect,0.0
email,corporatehardwareorders,nl,changesim,0.0
ssc,businessinternet,mb,generalinquiry-othergeneral,0.0
kana,businesslines,ab,generalinquiry-othergeneral,0.0
kana,tollfree,on,billinginquiry-otherbilling,0.0
smartpath,businessinternet,on,disconnect,0.0
smartpath,tollfree,nl,disconnect,0.0
smartpath,megalink,east,billinginquiry-otherbilling,0.0
pss,audioconferencing,on,billinginquiry-otherbilling,0.0
smartpath,centrex,west,disconnect,0.0
smartpath,businessinternetbrokered,ab,billinginquiry-invoiceexplanation,0.0
smartpath,businesslines,nl,billinginquiry-dispute,0.0
smartpath,megalink,ab,billinginquiry-otherbilling,0.0
ssc,businesslines,pe,disconnect,0.0
smartpath,ondemandcontactcentre,on,add,0.0
kana,localaccesspackage,on,generalinquiry-othergeneral,0.0
email,wavelength,intl,billinginquiry-obmsupport,0.0
ssc,centrex,qc,billinginquiry-incorrectrate,0.0
kana,tollfree,on,generalinquiry-feasibilityinformation,0.0
smartpath,businessinternet,on,generalinquiry-portout,0.0
smartpath,businesslines,nl,billinginquiry-otherbilling,0.0
ssc,businessinternet,west,billinginquiry-incorrectrate,0.0
kana,businessinternet,qc,generalinquiry-serviceaddressinformation,0.0
pwo,businessinternet,on,billinginquiry-otherbilling,0.0
smartpath,tollfree,on,generalinquiry-serviceaddressinformation,0.0
smartpath,ipvpn,ns,generalinquiry-othergeneral,0.0
kana,businessinternetdedicated,west,move,0.0
smartpath,corporatehardwareinquiries,on,new,0.0
smartpath,sap,qc,billinginquiry-copyofinvoice,0.0
kana,saput,on,add,0.0
smartpath,megalink,qc,new,0.0
smartpath,centrex,on,billinginquiry-copyofinvoice,0.0
smartpath,tollfree,on,billinginquiry-incorrectrate,0.0
smartpath,datalegacy,on,generalinquiry-reseller,0.0
kana,datalegacy,qc,add,0.0
smartpath,datalegacy,ab,generalinquiry-serviceaddressinformation,0.0
eom,globalipvpn,intl,agreementcreationvalidated,0.0
kana,wavelength,intl,add,0.0
eom,businessinternetdedicated,west,facilitycheck,0.0
kana,ethernet,west,move,0.0
smartpath,conferencingservices,on,disconnect,0.0
smartpath,businessinternetdedicated,bc,billinginquiry-otherbilling,0.0
smartpath,businessinternet,west,generalinquiry-serviceaddressinformation,0.0
smartpath,ethernet,qc,agreementcreation,0.0
smartpath,datalegacy,west,change,0.0
smartpath,ipvpn,qc,billinginquiry-copyofinvoice,0.0
pss,tollfree,west,billinginquiry-otherbilling,0.0
smartpath,centrex,ns,disconnect,0.0
smartpath,businessinternetdedicated,qc,migration,0.0
smartpath,businessinternet,on,generalinquiry-accountcontractupdate,0.0
kana,centrex,on,move,0.0
kana,wavelength,intl,pricing,0.0
email,webex,qc,change,0.0
smartpath,businessinternet,nb,generalinquiry-accountcontractupdate,0.0
smartpath,megalink,ab,billinginquiry-copyofinvoice,0.0
smartpath,datalegacy,nb,generalinquiry-othergeneral,0.0
kana,megalink,qc,add,0.0
smartpath,tollfree,west,generalinquiry-othergeneral,0.0
eom,businessinternetdedicated,west,pcoesamedayexpedite,0.0
kana,broadband,on,3235,0.0
pss,switchredirect,on,generalinquiry-othergeneral,0.0
smartpath,broadcast,on,change,0.0
email,ondemandcontactcentre,nl,add,0.0
kana,msos365,on,change,0.0
email,ondemandcontactcentre,nb,generalinquiry-othergeneral,0.0
smartpath,managedsecurityservices,qc,disconnect,0.0
smartpath,payphone,on,billinginquiry-balancetransferpaymentupdate,0.0
kana,businesslines,qc,winback,0.0
kana,sap,west,billinginquiry-otherbilling,0.0
smartpath,centrex,on,billinginquiry-balancetransferpaymentupdate,0.0
eom,managedservices,on,escpartner,0.0
smartpath,ipvpn,bc,billinginquiry-incorrectrate,0.0
pss,businessinternetdedicated,qc,billinginquiry-copyofinvoice,0.0
ssc,businessinternet,qc,change,0.0
smartpath,businesslines,east,generalinquiry-serviceaddressinformation,0.0
smartpath,bandwidthselect,on,disconnect,0.0
smartpath,globalipvpn,west,change,0.0
smartpath,corporateselfservetools,on,nationaldistributionteam,0.0
kana,businessinternetbrokered,west,disconnect,0.0
smartpath,centrex,nb,move,0.0
smartpath,businesslines,west,billinginquiry-copyofinvoice,0.0
ssc,businesslines,on,billinginquiry-billingaccountupdate,0.0
pss,wavelength,on,generalinquiry-othergeneral,0.0
smartpath,tollfree,qc,generalinquiry-feasibilityinformation,0.0
ssc,businessinternet,nb,move,0.0
pss,sap,qc,generalinquiry-othergeneral,0.0
kana,businessinternetdedicated,qc,generalinquiry-transferresponsibility,0.0
smartpath,businessinternetdedicated,qc,billinginquiry-otherbilling,0.0
smartpath,dryloopdsl,on,billinginquiry-otherbilling,0.0
kana,tollfree,on,move,0.0
kana,ethernet,on,change,0.0
kana,businessinternet,qc,disconnect,0.0
kana,vnet,on,billinginquiry-invoiceexplanation,0.0
smartpath,businesslines,mb,new,0.0
eom,businessinternetbrokered,west,agreementcreationvalidated,0.0
smartpath,ethernet,ab,generalinquiry-othergeneral,0.0
kana,businesslines,pe,disconnect,0.0
kana,msos365,qc,generalinquiry-othergeneral,0.0
smartpath,btce,qc,migration,0.0
kana,businesslines,on,change,0.0
smartpath,businessinternet,nb,pinreset,0.0
kana,resellerinternet,qc,change,0.0
smartpath,managedsecurityservices,qc,generalinquiry-othergeneral,0.0
kana,datalegacy,qc,billinginquiry-copyofinvoice,0.0
ssc,businesslines,on,generalinquiry-accountcontractupdate,0.0
eom,businesslines,ab,escpartner,0.0
smartpath,saput,qc,billinginquiry-balancetransferpaymentupdate,0.0
smartpath,centrex,nb,new,0.0
eom,btce,on,facilitycheck,0.0
email,webex,qc,temporaryservice,0.0
kana,businesslines,mb,new,0.0
kana,businesslines,on,winback,0.0
email,datalegacy,west,change,0.0
smartpath,siptrunk,on,agreementcreation,0.0
eom,vnet,qc,generalinquiry-othergeneral,0.0
smartpath,businesslines,mb,billinginquiry-invoiceexplanation,0.0
kana,sap,qc,billinginquiry-otherbilling,0.0
smartpath,audioconferencing,qc,billinginquiry-balancetransferpaymentupdate,0.0
smartpath,businesslines,nb,generalinquiry-othergeneral,0.0
smartpath,ondemandcontactcentre,on,change,0.0
smartpath,megalink,qc,billinginquiry-balancetransferpaymentupdate,0.0
smartpath,eip,qc,coaching,0.0
smartpath,businessinternet,on,billinginquiry-dslpromo,0.0
pss,sap,on,add,0.0
smartpath,eip,qc,generalinquiry-othergeneral,0.0
smartpath,businesslines,nb,billinginquiry-billingaccountupdate,0.0
kana,wavelength,bc,generalinquiry-othergeneral,0.0
smartpath,businesslines,ab,billinginquiry-incorrectrate,0.0
smartpath,corporategeneralinquiries,on,requestimei,0.0
kana,directorylisting,qc,new,0.0
smartpath,globalprivateline,on,generalinquiry-pricingconfirmation,0.0
kana,businesslines,ab,3235,0.0
smartpath,webex,on,generalinquiry-othergeneral,0.0
ssc,locallink,on,billinginquiry-billingaccountupdate,0.0
email,wavelength,qc,add,0.0
ssc,btce,west,billinginquiry-invoiceexplanation,0.0
kana,megalink,qc,move,0.0
smartpath,businesslines,ab,billinginquiry-balancetransferpaymentupdate,0.0
smartpath,infrastructureservices,on,new,0.0
smartpath,businessinternetdedicated,ab,generalinquiry-accountcontractupdate,0.0
email,megalink,ab,generalinquiry-othergeneral,0.0
kana,saput,qc,change,0.0
ssc,businessinternet,on,billinginquiry-incorrectrate,0.0
smartpath,audioconferencing,on,billinginquiry-billingaccountupdate,0.0
smartpath,businessinternet,pe,generalinquiry-othergeneral,0.0
smartpath,businessinternetdedicated,mb,coaching,0.0
kana,tollfreeinternational,on,new,0.0
kana,centrex,on,billinginquiry-incorrectrate,0.0
ssc,globalbusinessinternetservice,intl,add,0.0
email,corporategeneralinquiries,on,status,0.0
kana,saput,on,new,0.0
smartpath,megalink,on,generalinquiry-feasibilityinformation,0.0
smartpath,broadband,west,billinginquiry-invoiceexplanation,0.0
kana,tollfreeinternational,west,change,0.0
smartpath,businesslines,nb,migration,0.0
kana,digitalprivateline,on,generalinquiry-othergeneral,0.0
email,warehousesupport,on,noactionrequired,0.0
smartpath,businessinternetbrokered,bc,new,0.0
smartpath,corporatehardwareinquiries,on,return,0.0
ssc,centrex,qc,billinginquiry-otherbilling,0.0
smartpath,centrex,on,reconnection,0.0
smartpath,siptrunk,west,generalinquiry-serviceaddressinformation,0.0
smartpath,localaccesspackage,on,billinginquiry-copyofinvoice,0.0
smartpath,ipvpn,ab,generalinquiry-othergeneral,0.0
smartpath,businessinternetdedicated,bc,generalinquiry-othergeneral,0.0
smartpath,ipvpn,qc,add,0.0
email,corporategeneralinquiries,on,change,0.0
pss,ethernet,on,billinginquiry-copyofinvoice,0.0
smartpath,conferencingservices,on,billinginquiry-otherbilling,0.0
smartpath,businessinternetdedicated,qc,billinginquiry-custombill,0.0
kana,digitalprivateline,on,change,0.0
email,videoconferencing,on,generalinquiry-othergeneral,0.0
kana,btce,on,generalinquiry-othergeneral,0.0
smartpath,businesslines,nb,billinginquiry-obmsupport,0.0
smartpath,broadband,west,add,0.0
pss,businesslines,ab,change,0.0
smartpath,businessinternetdedicated,pe,generalinquiry-othergeneral,0.0
smartpath,ethernetaccessservice,on,billinginquiry-otherbilling,0.0
kana,businessinternetbrokered,west,generalinquiry-othergeneral,0.0
kana,vnet,nb,change,0.0
eom,nice incontact cxone - powered by bell,on,agreementcreation,0.0
smartpath,directorylisting,on,migration,0.0
smartpath,corporatehardwareorders,qc,smartpathinquiry,0.0
pwo,businessinternetdedicated,qc,agreementcreation,0.0
pwo,businessinternetdedicated,ab,pcoesamedayexpedite,0.0
smartpath,businessinternet,on,billinginquiry-invoiceexplanation,0.0
smartpath,broadband,west,generalinquiry-othergeneral,0.0
smartpath,infrastructureservices,qc,generalinquiry-othergeneral,0.0
ssc,businessinternetdedicated,on,billinginquiry-invoiceexplanation,0.0
kana,btce,east,billinginquiry-otherbilling,0.0
email,ethernet,west,billinginquiry-otherbilling,0.0
smartpath,businessinternet,on,billinginquiry-obmsupport,0.0
smartpath,siptrunk,nl,disconnect,0.0
ssc,ipvpn,on,generalinquiry-transferresponsibility,0.0
smartpath,digitalprivateline,on,move,0.0
smartpath,businesslines,west,generalinquiry-directinwardcalling,0.0
email,ethernet,ns,new,0.0
kana,localaccesspackage,qc,change,0.0
kana,btce,pe,generalinquiry-othergeneral,0.0
smartpath,siptrunk,east,disconnect,0.0
smartpath,corporateaccountservice,on,upgrade,0.0
pwo,businessinternetbrokered,on,new,0.0
smartpath,ethernet,west,billinginquiry-otherbilling,0.0
eom,tollfree,on,agreementcreationvalidated,0.0
eom,broadband,on,facilitycheck,0.0
ssc,businesslines,on,generalinquiry-directinwardcalling,0.0
kana,businesslines,nl,new,0.0
kana,datalegacy,on,new,0.0
smartpath,saput,qc,disconnect,0.0
smartpath,webex,on,billinginquiry-dispute,0.0
eom,digitalprivateline,qc,agreementregistered,0.0
eom,ipvpn,qc,agreementcreation,0.0
smartpath,businessinternet,on,generalinquiry-reseller,0.0
smartpath,btce,bc,migration,0.0
smartpath,businessinternetbrokered,on,facilitycheck,0.0
kana,tollfreeinternational,qc,change,0.0
smartpath,businesslines,nb,billinginquiry-balancetransferpaymentupdate,0.0
smartpath,corporatereporting,on,orders,0.0
smartpath,centrex,ns,billinginquiry-otherbilling,0.0
smartpath,businesslines,west,billinginquiry-obmsupport,0.0
ssc,centrex,qc,billinginquiry-invoiceexplanation,0.0
kana,megalink,on,change,0.0
smartpath,businesslines,qc,billinginquiry-invoiceexplanation,0.0
pss,businesslines,qc,disconnect,0.0
smartpath,audioconferencing,bc,800features,0.0
kana,businessinternet,qc,billinginquiry-incorrectrate,0.0
smartpath,bellmerakimanagement,qc,coaching,0.0
smartpath,managedservices,qc,billinginquiry-otherbilling,0.0
kana,ondemandcontactcentre,on,generalinquiry-othergeneral,0.0
kana,eip,west,new,0.0
smartpath,localaccesspackage,west,generalinquiry-directinwardcalling,0.0
smartpath,btce,bc,winback,0.0
kana,ethernet,east,add,0.0
smartpath,corporateaccountservice,on,cancelsubscriber,0.0
smartpath,businessinternet,ab,generalinquiry-transferresponsibility,0.0
smartpath,centrex,on,add,0.0
kana,businessinternetdedicated,ab,change,0.0
smartpath,corporatehardwareorders,bc,upgrade,0.0
ssc,centrex,nb,generalinquiry-accountcontractupdate,0.0
smartpath,infrastructureservices,on,generalinquiry-othergeneral,0.0
eom,managedservices,east,agreementcreation,0.0
smartpath,broadcast,on,coaching,0.0
pss,centrex,ns,disconnect,0.0
smartpath,businessinternetdedicated,on,generalinquiry-directinwardcalling,0.0
smartpath,businesslines,pe,billinginquiry-custombill,0.0
pwo,businessinternetdedicated,on,facilitycheck,0.0
smartpath,megalink,bc,coaching,0.0
smartpath,infrastructureservices,on,change,0.0
smartpath,businessinternet,ns,change,0.0
smartpath,ethernetinternetworkinglite,on,coaching,0.0
ssc,tollfree,qc,billinginquiry-incorrectrate,0.0
email,managedsecurityservices,nb,add,0.0
pss,megalink,ab,change,0.0
eom,globalipvpn,west,agreementcreationvalidated,0.0
smartpath,corporateaccountservice,on,adjustments,0.0
smartpath,ipvpn,ab,add,0.0
smartpath,btce,on,portout,0.0
pss,megalink,west,billinginquiry-billingaccountupdate,0.0
ssc,megalink,qc,generalinquiry-copyofequipmentrecord,0.0
smartpath,globalipvpn,intl,move,0.0
eom,wavelength,on,escpartner,0.0
pss,centrex,qc,billinginquiry-copyofinvoice,0.0
pss,megalink,qc,generalinquiry-othergeneral,0.0
eom,wirelessbackupbis,on,generalinquiry-othergeneral,0.0
smartpath,audioconferencing,on,webcastproduction,0.0
smartpath,businessinternetbrokered,bc,generalinquiry-accountcontractupdate,0.0
smartpath,megalink,on,escpartner,0.0
kana,ondemandcontactcentre,west,change,0.0
kana,tollfree,west,generalinquiry-othergeneral,0.0
kana,sap,on,generalinquiry-transferresponsibility,0.0
smartpath,ethernet,qc,agreementregistered,0.0
smartpath,broadband,ns,change,0.0
smartpath,vnet,qc,billinginquiry-otherbilling,0.0
email,eip,ns,generalinquiry-othergeneral,0.0
smartpath,businesslines,west,coaching,0.0
smartpath,businessinternet,qc,facilitycheck,0.0
eom,virtualnetworkservices,on,pcoesamedayexpedite,0.0
eom,businessinternetbrokered,west,facilitycheck,0.0
eom,wavelength,west,agreementcreation,0.0
eom,centrex,qc,generalinquiry-othergeneral,0.0
smartpath,professionalservices,ns,billinginquiry-balancetransferpaymentupdate,0.0
smartpath,localaccesspackage,bc,disconnect,0.0
kana,saput,ns,billinginquiry-copyofinvoice,0.0
smartpath,datacentreandcloud,bc,billinginquiry-copyofinvoice,0.0
pss,tollfree,qc,generalinquiry-copyofequipmentrecord,0.0
eom,tollfree,qc,agreementregistered,0.0
pss,businesslines,qc,generalinquiry-othergeneral,0.0
kana,businesslines,west,billinginquiry-copyofinvoice,0.0
pwo,businessinternetbrokered,newfoundland and labrador,facilitycheck,0.0
smartpath,businessinternet,on,billinginquiry-leasing,0.0
smartpath,corporateservicerepair,qc,serviceandrepair,0.0
eom,ipvpn,west,agreementcreationvalidated,0.0
smartpath,businesslines,nu,billinginquiry-balancetransferpaymentupdate,0.0
kana,megalink,ab,change,0.0
pss,sap,on,change,0.0
kana,businesslines,qc,generalinquiry-directorylistings,0.0
smartpath,centrex,nl,billinginquiry-billingaccountupdate,0.0
smartpath,dedicatedinternetaccess,qc,disconnect,0.0
pwo,businesslines,west,agreementcreation,0.0
kana,datalegacy,on,billinginquiry-balancetransferpaymentupdate,0.0
smartpath,businessinternet,on,generalinquiry-pricingconfirmation,0.0
smartpath,businessinternetbrokered,west,generalinquiry-accountcontractupdate,0.0
smartpath,btce,mb,add,0.0
pwo,ipvpn,ab,facilitycheck,0.0
smartpath,btce,on,billinginquiry-dispute,0.0
ssc,businesslines,on,generalinquiry-serviceaddressinformation,0.0
pss,businessinternetdedicated,ns,change,0.0
smartpath,tollfree,on,billinginquiry-balancetransferpaymentupdate,0.0
smartpath,digitalprivateline,on,generalinquiry-transferresponsibility,0.0
smartpath,btce,on,billinginquiry-obmsupport,0.0
eom,siptrunk,on,escpartner,0.0
smartpath,btce,qc,billinginquiry-dispute,0.0
smartpath,centrex,nl,pricing,0.0
smartpath,infrastructureservices,on,agreementcreation,0.0
smartpath,megalink,on,migration,0.0
smartpath,businessinternetdedicated,on,generalinquiry-serviceaddressinformation,0.0
kana,btce,west,new,0.0
smartpath,ethernet,on,generalinquiry-othergeneral,0.0
smartpath,tollfree,on,disconnect,0.0
smartpath,businessinternet,intl,billinginquiry-otherbilling,0.0
smartpath,corporatehardwareorders,ab,hardwareorderchange,0.0
smartpath,audioconferencing,nl,billinginquiry-copyofinvoice,0.0
ssc,centrex,on,generalinquiry-accountcontractupdate,0.0
smartpath,ondemandcontactcentre,nb,generalinquiry-othergeneral,0.0
eom,centrex,west,agreementcreation,0.0
smartpath,corporatehardwareorders,qc,upgrade,0.0
eom,managedservices,west,generalinquiry-othergeneral,0.0
eom,globalipvpn,west,facilitycheck,0.0
smartpath,internetconnectservice,on,add,0.0
eom,businessinternet,qc,escpartner,0.0
pss,ethernet,on,add,0.0
ssc,otherdataservices,qc,generalinquiry-transferresponsibility,0.0
smartpath,corporatehardwareorders,qc,hardwareorderchange,0.0
smartpath,megalink,bc,billinginquiry-otherbilling,0.0
smartpath,megalink,qc,generalinquiry-copyofequipmentrecord,0.0
smartpath,businessinternetbrokered,qc,billinginquiry-otherbilling,0.0
pss,businesslines,qc,billinginquiry-copyofinvoice,0.0
smartpath,businesslines,intl,billinginquiry-copyofinvoice,0.0
smartpath,corporatehardwareorders,on,return,0.0
ssc,centrex,west,billinginquiry-billingaccountupdate,0.0
smartpath,businesslines,on,new,0.0
smartpath,centrex,on,generalinquiry-othergeneral,0.0
smartpath,businessinternet,nl,billinginquiry-billingaccountupdate,0.0
smartpath,ipvpn,on,billinginquiry-invoiceexplanation,0.0
smartpath,businesslines,qc,generalinquiry-accountcontractupdate,0.0
ssc,locallink,bc,generalinquiry-accountcontractupdate,0.0
ssc,tollfree,intl,generalinquiry-othergeneral,0.0
ssc,otherdataservices,ns,disconnect,0.0
smartpath,siptrunk,on,generalinquiry-othergeneral,0.0
ssc,siptrunk,on,generalinquiry-feasibilityinformation,0.0
smartpath,ethernet,qc,coaching,0.0
ssc,ipvpn,west,billinginquiry-otherbilling,0.0
smartpath,msos365,on,billinginquiry-otherbilling,0.0
smartpath,warehousesupport,on,upgrade,0.0
eom,tollfree,qc,agreementcreationvalidated,0.0
kana,tollfree,on,generalinquiry-copyofequipmentrecord,0.0
smartpath,businesslines,qc,billinginquiry-dispute,0.0
smartpath,businessinternet,qc,serviceassurance,0.0
smartpath,switchredirect,qc,disconnect,0.0
smartpath,businesslines,on,winback,0.0
smartpath,businesslines,pe,generalinquiry-othergeneral,0.0
smartpath,businesslines,qc,winback,0.0
smartpath,businessinternet,qc,migration,0.0
smartpath,btce,bc,temporaryservice,0.0
smartpath,tollfree,qc,billinginquiry-billingaccountupdate,0.0
pss,businesslines,qc,generalinquiry-transferresponsibility,0.0
smartpath,datalegacy,on,billinginquiry-copyofinvoice,0.0
ssc,ipvpn,west,billinginquiry-billingaccountupdate,0.0
smartpath,btce,bc,billinginquiry-balancetransferpaymentupdate,0.0
smartpath,ethernet,ab,add,0.0
smartpath,msos365,ab,generalinquiry-othergeneral,0.0
smartpath,businesslines,qc,trafficstudy,0.0
eom,vnet,on,generalinquiry-othergeneral,0.0
ssc,ipvpn,qc,billinginquiry-copyofinvoice,0.0
smartpath,businesslines,west,trafficstudybilling,0.0
smartpath,ethernet,on,agreementcreation,0.0
smartpath,businesslines,nb,add,0.0
smartpath,msos365,bc,add,0.0
pss,businessinternet,bc,add,0.0
kana,broadband,on,disconnect,0.0
smartpath,btce,sk,coaching,0.0
ssc,ipvpn,on,billinginquiry-balancetransferpaymentupdate,0.0
kana,sap,on,billinginquiry-otherbilling,0.0
smartpath,digitalprivateline,qc,generalinquiry-othergeneral,0.0
smartpath,centrex,west,portout,0.0
smartpath,darkfibre,ab,generalinquiry-othergeneral,0.0
smartpath,megalink,west,generalinquiry-accountcontractupdate,0.0
kana,businessinternetdedicated,east,change,0.0
smartpath,ethernet,bc,billinginquiry-otherbilling,0.0
smartpath,localaccesspackage,on,generalinquiry-transferresponsibility,0.0
kana,broadband,on,generalinquiry-othergeneral,0.0
smartpath,businessinternet,nb,new,0.0
pwo,businessinternetbrokered,ab,agreementregistered,0.0
smartpath,businesslines,on,billinginquiry-custombill,0.0
smartpath,siptrunk,ab,migration,0.0
smartpath,megalink,ns,add,0.0
ssc,siptrunk,west,billinginquiry-copyofinvoice,0.0
smartpath,localaccesspackage,on,billinginquiry-dispute,0.0
smartpath,datalegacy,qc,generalinquiry-accountcontractupdate,0.0
eom,ondemandcontactcentre,on,agreementregistered,0.0
smartpath,businessinternet,on,billinginquiry-incorrectrate,0.0
smartpath,businesslines,bc,billinginquiry-billingaccountupdate,0.0
pss,tollfree,qc,billinginquiry-copyofinvoice,0.0
smartpath,infrastructureservices,on,billinginquiry-billingaccountupdate,0.0
smartpath,vnet,west,billinginquiry-otherbilling,0.0
smartpath,businessinternet,qc,agreementcreation,0.0
smartpath,businessinternetdedicated,ns,add,0.0
ssc,businesslines,west,billinginquiry-invoiceexplanation,0.0
smartpath,corporatehardwareinquiries,qc,orders,0.0
smartpath,ipvpn,sk,new,0.0
smartpath,internalteamsupport,on,inventoryavailability,0.0
smartpath,businesslines,ns,billinginquiry-otherbilling,0.0
pss,sap,on,generalinquiry-othergeneral,0.0
kana,megalink,on,generalinquiry-othergeneral,0.0
ssc,ethernet,west,billinginquiry-incorrectrate,0.0
kana,businessinternetdedicated,west,billinginquiry-otherbilling,0.0
smartpath,businessinternet,nl,change,0.0
smartpath,globalbusinessinternetdedicated,intl,pricing,0.0
smartpath,dryloopdsl,on,billinginquiry-invoiceexplanation,0.0
smartpath,btce,on,billinginquiry-billingaccountupdate,0.0
smartpath,dedicatedinternetaccess,on,change,0.0
pss,businesslines,qc,billinginquiry-billingaccountupdate,0.0
smartpath,businesslines,on,generalinquiry-transferresponsibility,0.0
smartpath,tollfree,ab,add,0.0
kana,directorylisting,qc,generalinquiry-accountcontractupdate,0.0
ssc,centrex,on,generalinquiry-transferresponsibility,0.0
smartpath,localaccesspackage,west,change,0.0
kana,businessinternet,on,generalinquiry-serviceaddressinformation,0.0
smartpath,centrex,on,change,0.0
smartpath,switchredirect,on,billinginquiry-invoiceexplanation,0.0
kana,ethernet,west,add,0.0
smartpath,siptrunk,bc,move,0.0
ssc,businessinternet,on,generalinquiry-transferresponsibility,0.0
smartpath,corporateaccountservice,ab,adjustments,0.0
smartpath,globalbusinessinternetdedicated,intl,change,0.0
smartpath,datalegacy,on,generalinquiry-copyofequipmentrecord,0.0
smartpath,wavelength,on,billinginquiry-copyofinvoice,0.0
kana,tollfree,bc,winback,0.0
kana,tollfree,on,change,0.0
kana,directorylisting,on,generalinquiry-directorylistings,0.0
eom,businessinternetdedicated,qc,generalinquiry-othergeneral,0.0
smartpath,corporateaccountservice,on,deploymentupgrade,0.0
kana,megalink,east,generalinquiry-othergeneral,0.0
ssc,businesslines,mb,move,0.0
kana,ipvpn,bc,move,0.0
smartpath,businesslines,pe,billinginquiry-balancetransferpaymentupdate,0.0
ssc,siptrunk,qc,generalinquiry-accountcontractupdate,0.0
smartpath,corporategeneralinquiries,on,pricing,0.0
kana,sap,qc,add,0.0
smartpath,businessinternet,nb,disconnect,0.0
smartpath,globalipvpn,qc,generalinquiry-othergeneral,0.0
smartpath,tollfree,qc,billinginquiry-obmsupport,0.0
smartpath,btce,qc,coaching,0.0
ssc,siptrunk,west,billinginquiry-invoiceexplanation,0.0
smartpath,globalipvpn,ab,disconnect,0.0
smartpath,wavelength,ab,add,0.0
eom,managedservices,west,agreementcreation,0.0
kana,directorylisting,qc,disconnect,0.0
smartpath,businessinternet,west,billinginquiry-otherbilling,0.0
smartpath,corporateservicerepair,on,wirelessclientcare,0.0
smartpath,corporatehardwareorders,bc,newactivations,0.0
eom,megalink,bc,agreementcreationvalidated,0.0
eom,globalipvpn,west,agreementcreation,0.0
smartpath,broadcast,on,disconnect,0.0
smartpath,managedservices,on,billinginquiry-invoiceexplanation,0.0
ssc,btce,mb,disconnect,0.0
smartpath,ipvpn,west,billinginquiry-otherbilling,0.0
pwo,businessinternet,west,facilitycheck,0.0
smartpath,siptrunk,nl,change,0.0
smartpath,audioconferencing,qc,generalinquiry-othergeneral,0.0
ssc,locallink,west,billinginquiry-billingaccountupdate,0.0
smartpath,resellerinternet,qc,agreementcreation,0.0
smartpath,centrex,on,portout,0.0
smartpath,centrex,nl,billinginquiry-invoiceexplanation,0.0
ssc,businessinternet,west,generalinquiry-pricingconfirmation,0.0
ssc,megalink,ns,generalinquiry-directinwardcalling,0.0
ssc,businessinternet,nt,disconnect,0.0
kana,ondemandcontactcentre,on,change,0.0
smartpath,businesslines,east,disconnect,0.0
smartpath,businessinternetdedicated,ns,billinginquiry-copyofinvoice,0.0
smartpath,businesslines,west,winback,0.0
eom,wavelength,west,generalinquiry-othergeneral,0.0
smartpath,centrex,nb,billinginquiry-custombill,0.0
smartpath,businessinternet,qc,generalinquiry-pricingconfirmation,0.0
smartpath,businesslines,on,billinginquiry-billingaccountupdate,0.0
kana,digitalprivateline,on,add,0.0
smartpath,centrex,nl,move,0.0
smartpath,broadband,on,disconnect,0.0
smartpath,businesslines,ns,new,0.0
kana,sap,qc,billinginquiry-billingaccountupdate,0.0
pss,megalink,bc,generalinquiry-directinwardcalling,0.0
smartpath,siptrunk,pe,add,0.0
smartpath,localaccesspackage,qc,billinginquiry-incorrectrate,0.0
smartpath,megalink,qc,facilitycheck,0.0
smartpath,businessinternetbrokered,qc,generalinquiry-othergeneral,0.0
smartpath,switchredirect,qc,billinginquiry-billingaccountupdate,0.0
pss,locallink,west,generalinquiry-othergeneral,0.0
smartpath,ipvpn,on,generalinquiry-feasibilityinformation,0.0
pss,megalink,qc,billinginquiry-copyofinvoice,0.0
smartpath,professionalservices,on,disconnect,0.0
pwo,ipvpn,mb,facilitycheck,0.0
smartpath,businessinternet,on,billinginquiry-custombill,0.0
smartpath,localaccesspackage,on,billinginquiry-balancetransferpaymentupdate,0.0
smartpath,businesslines,ab,generalinquiry-transferresponsibility,0.0
smartpath,centrex,west,winback,0.0
kana,localaccesspackage,west,new,0.0
pss,centrex,qc,move,0.0
smartpath,btce,west,agreementcreation,0.0
smartpath,sap,intl,billinginquiry-otherbilling,0.0
smartpath,megalink,east,add,0.0
ssc,businessinternet,nb,change,0.0
smartpath,ipvpn,qc,migration,0.0
smartpath,corporatehardwareorders,ab,return,0.0
smartpath,businessinternet,qc,billinginquiry-dispute,0.0
smartpath,msos365,qc,billinginquiry-copyofinvoice,0.0
smartpath,businessinternetbrokered,west,coaching,0.0
smartpath,sap,qc,billinginquiry-balancetransferpaymentupdate,0.0
smartpath,btce,nb,billinginquiry-invoiceexplanation,0.0
pwo,managedservices,qc,agreementcreation,0.0
kana,saput,on,billinginquiry-copyofinvoice,0.0
ssc,otherdataservices,west,billinginquiry-billingaccountupdate,0.0
ssc,siptrunk,on,billinginquiry-invoiceexplanation,0.0
eom,megalink,bc,agreementregistered,0.0
kana,ipvpn,ns,new,0.0
kana,wavelength,east,disconnect,0.0
smartpath,tollfree,qc,generalinquiry-directorylistings,0.0
smartpath,adsllas,on,add,0.0
smartpath,ipvpn,nb,coaching,0.0
smartpath,centrex,west,billinginquiry-balancetransferpaymentupdate,0.0
ssc,siptrunk,on,generalinquiry-directinwardcalling,0.0
smartpath,businesslines,on,trafficstudyconsultation,0.0
smartpath,bellmerakimanagement,on,billinginquiry-dispute,0.0
smartpath,megalink,qc,generalinquiry-feasibilityinformation,0.0
smartpath,managedservices,on,disconnect,0.0
kana,businesslines,qc,generalinquiry-accountcontractupdate,0.0
smartpath,darkfibre,intl,disconnect,0.0
smartpath,corporatehardwareorders,on,movesubscriber,0.0
smartpath,siptrunk,mb,generalinquiry-copyofequipmentrecord,0.0
pss,centrex,west,add,0.0
smartpath,businessinternetdedicated,bc,billinginquiry-billingaccountupdate,0.0
smartpath,businesslines,on,change,0.0
smartpath,tollfree,qc,winback,0.0
pwo,businessinternetdedicated,qc,generalinquiry-othergeneral,0.0
kana,msos365,qc,disconnect,0.0
smartpath,ipvpn,mb,disconnect,0.0
ssc,megalink,qc,generalinquiry-othergeneral,0.0
ssc,tollfree,west,generalinquiry-copyofequipmentrecord,0.0
smartpath,corporatehardwareorders,on,accountservicerep,0.0
smartpath,wavelength,on,agreementcreation,0.0
pss,businessinternet,mb,billinginquiry-billingaccountupdate,0.0
smartpath,localaccesspackage,on,billinginquiry-otherbilling,0.0
eom,localaccesspackage,on,agreementcreation,0.0
eom,businesslines,on,generalinquiry-othergeneral,0.0
smartpath,audioconferencing,bc,billinginquiry-copyofinvoice,0.0
smartpath,ondemandcontactcentre,ns,change,0.0
smartpath,btce,qc,billinginquiry-invoiceexplanation,0.0
smartpath,businessinternetdedicated,ns,disconnect,0.0
kana,ethernet,west,generalinquiry-transferresponsibility,0.0
smartpath,centrex,nl,add,0.0
smartpath,globalipvpn,intl,generalinquiry-othergeneral,0.0
smartpath,centrex,pe,change,0.0
kana,globalprivateline,intl,disconnect,0.0
smartpath,businesslines,on,distance,0.0
smartpath,corporatehardwareorders,on,devicemdmenrollment,0.0
smartpath,businessinternet,ns,billinginquiry-dispute,0.0
ssc,centrex,qc,generalinquiry-copyofequipmentrecord,0.0
smartpath,msos365,on,billinginquiry-balancetransferpaymentupdate,0.0
kana,businesslines,bc,generalinquiry-othergeneral,0.0
kana,resellerinternet,on,generalinquiry-othergeneral,0.0
smartpath,tollfree,bc,add,0.0
kana,businessinternetbrokered,qc,move,0.0
smartpath,darkfibre,qc,add,0.0
smartpath,businessinternetdedicated,on,suspension,0.0
smartpath,btce,qc,trafficstudybilling,0.0
smartpath,tollfree,on,generalinquiry-othergeneral,0.0
smartpath,ondemandcontactcentre,bc,add,0.0
ssc,businesslines,ns,billinginquiry-copyofinvoice,0.0
kana,businessinternetdedicated,west,generalinquiry-accountcontractupdate,0.0
eom,btce,qc,agreementcreationcomplex,0.0
smartpath,businesslines,qc,billinginquiry-otherbilling,0.0
ssc,otherdataservices,qc,billinginquiry-copyofinvoice,0.0
smartpath,corporategeneralinquiries,on,orders,0.0
smartpath,payphone,qc,billinginquiry-otherbilling,0.0
eom,ethernet,west,agreementcreation,0.0
ssc,ethernet,qc,billinginquiry-copyofinvoice,0.0
ssc,btce,on,generalinquiry-serviceaddressinformation,0.0
kana,centrex,on,generalinquiry-othergeneral,0.0
kana,msos365,west,billinginquiry-balancetransferpaymentupdate,0.0
smartpath,businesslines,nb,trafficstudy,0.0
kana,businesslines,east,billinginquiry-otherbilling,0.0
smartpath,businesslines,nb,agreementregistered,0.0
pwo,businessinternet,east,new,0.0
smartpath,globalipvpn,on,change,0.0
smartpath,ipvpn,nl,change,0.0
smartpath,siptrunk,east,generalinquiry-othergeneral,0.0
kana,switchredirect,on,generalinquiry-othergeneral,0.0
smartpath,broadband,on,change,0.0
kana,vnet,east,change,0.0
smartpath,dedicatedinternetaccess,qc,billinginquiry-balancetransferpaymentupdate,0.0
smartpath,businesslines,nl,billinginquiry-balancetransferpaymentupdate,0.0
smartpath,ethernet,on,billinginquiry-otherbilling,0.0
kana,businesslines,west,move,0.0
pss,businessinternet,mb,disconnect,0.0
smartpath,eip,ab,generalinquiry-accountcontractupdate,0.0
kana,wavelength,qc,generalinquiry-othergeneral,0.0
smartpath,businessinternet,on,billinginquiry-banrequest,0.0
smartpath,audioconferencing,ab,change,0.0
smartpath,wavelength,west,facilitycheck,0.0
kana,directorylisting,qc,bliffman,0.0
ssc,locallink,on,billinginquiry-copyofinvoice,0.0
pwo,businesslines,on,agreementcreationvalidated,0.0
eom,centrex,on,agreementcreationcomplex,0.0
pss,localaccesspackage,on,add,0.0
eom,ethernet,qc,agreementcreationvalidated,0.0
email,ethernet,qc,billinginquiry-custombill,0.0
kana,centrex,on,generalinquiry-pricingconfirmation,0.0
ssc,ethernet,qc,generalinquiry-pricingconfirmation,0.0
eom,btce,west,agreementcreationvalidated,0.0
pss,otherdataservices,on,billinginquiry-copyofinvoice,0.0
pss,tollfree,on,change,0.0
kana,businesslines,on,agreementcreationvalidated,0.0
eom,businessinternet,qc,generalinquiry-othergeneral,0.0
ssc,onenet,on,generalinquiry-pricingconfirmation,0.0
smartpath,professionalservices,on,coaching,0.0
pwo,managedservices,qc,agreementcreationvalidated,0.0
smartpath,businessinternetdedicated,ab,billinginquiry-invoiceexplanation,0.0
smartpath,darkfibre,ab,billinginquiry-otherbilling,0.0
kana,businesslines,west,new,0.0
kana,tollfree,west,winback,0.0
kana,msos365,west,add,0.0
smartpath,tollfreeinternational,intl,trafficstudybilling,0.0
kana,saput,qc,generalinquiry-othergeneral,0.0
smartpath,megalink,on,billinginquiry-invoiceexplanation,0.0
pwo,btce,east,generalinquiry-othergeneral,0.0
smartpath,nddos,qc,coaching,0.0
kana,ipvpn,west,billinginquiry-otherbilling,0.0
smartpath,wavelength,on,generalinquiry-othergeneral,0.0
eom,businessinternetbrokered,qc,generalinquiry-othergeneral,0.0
kana,businesslines,on,generalinquiry-feasibilityinformation,0.0
pss,tollfree,qc,billinginquiry-otherbilling,0.0
smartpath,microlink,ab,disconnect,0.0
smartpath,businessinternetbrokered,nb,disconnect,0.0
pss,businesslines,west,billinginquiry-copyofinvoice,0.0
smartpath,audioconferencing,intl,generalinquiry-othergeneral,0.0
kana,businesslines,west,billinginquiry-invoiceexplanation,0.0
eom,ondemandcontactcentre,qc,agreementregistered,0.0
smartpath,businessinternetbrokered,west,billinginquiry-otherbilling,0.0
smartpath,globalipvpn,on,generalinquiry-pricingconfirmation,0.0
smartpath,businesslines,west,billinginquiry-dispute,0.0
smartpath,businessinternet,nl,disconnect,0.0
email,eip,on,disconnect,0.0
kana,siptrunk,qc,generalinquiry-serviceaddressinformation,0.0
smartpath,ondemandcontactcentre,on,billinginquiry-balancetransferpaymentupdate,0.0
smartpath,businessinternet,ab,generalinquiry-accountcontractupdate,0.0
smartpath,corporatehardwareorders,nb,changesim,0.0
smartpath,datalegacy,qc,generalinquiry-directinwardcalling,0.0
kana,tollfree,on,generalinquiry-othergeneral,0.0
smartpath,businesslines,nt,generalinquiry-othergeneral,0.0
smartpath,btce,mb,migration,0.0
kana,msos365,ab,change,0.0
kana,businessinternet,on,billinginquiry-incorrectrate,0.0
smartpath,globalipvpn,mb,add,0.0
ssc,megalink,qc,billinginquiry-otherbilling,0.0
smartpath,contactcentre,ns,generalinquiry-othergeneral,0.0
smartpath,tollfree,intl,new,0.0
smartpath,siptrunk,west,generalinquiry-transferresponsibility,0.0
smartpath,businessinternetdedicated,on,disconnect,0.0
smartpath,megalink,qc,coaching,0.0
email,dedicatedinternetaccess,on,facilitycheck,0.0
smartpath,professionalservices,on,billinginquiry-billingaccountupdate,0.0
smartpath,corporatehardwareinquiries,on,hardwareorderchange,0.0
ssc,businessinternet,on,generalinquiry-serviceaddressinformation,0.0
smartpath,businesslines,qc,billinginquiry-copyofinvoice,0.0
smartpath,btce,qc,generalinquiry-portout,0.0
ssc,businesslines,qc,billinginquiry-billingaccountupdate,0.0
ssc,businesslines,ab,add,0.0
eom,wavelength,qc,agreementcreationvalidated,0.0
pwo,businessinternet,on,agreementcreation,0.0
smartpath,globalbusinessinternetservice,on,generalinquiry-othergeneral,0.0
kana,siptrunk,qc,new,0.0
smartpath,businesslines,west,billinginquiry-incorrectrate,0.0
kana,megalink,qc,billinginquiry-copyofinvoice,0.0
smartpath,centrex,ns,facilitycheck,0.0
smartpath,directorylisting,qc,change,0.0
kana,localaccesspackage,qc,generalinquiry-othergeneral,0.0
smartpath,businesslines,mb,billinginquiry-otherbilling,0.0
smartpath,businesslines,bc,billinginquiry-copyofinvoice,0.0
smartpath,directorylisting,qc,3235,0.0
smartpath,businesslines,nl,facilitycheck,0.0
smartpath,directorylisting,on,escpartner,0.0
ssc,megalink,west,billinginquiry-balancetransferpaymentupdate,0.0
ssc,businessinternetdedicated,on,billinginquiry-balancetransferpaymentupdate,0.0
smartpath,broadband,nb,billinginquiry-otherbilling,0.0
smartpath,vnet,west,add,0.0
smartpath,globalbusinessinternetdedicated,intl,generalinquiry-othergeneral,0.0
smartpath,businessinternet,ab,billinginquiry-invoiceexplanation,0.0
smartpath,businesslines,nb,facilitycheck,0.0
smartpath,professionalservices,on,billinginquiry-copyofinvoice,0.0
ssc,megalink,on,billinginquiry-billingaccountupdate,0.0
smartpath,ipvpn,ab,billinginquiry-billingaccountupdate,0.0
smartpath,globalipvpn,on,pricing,0.0
smartpath,switchredirect,qc,generalinquiry-othergeneral,0.0
kana,businessinternetdedicated,on,new,0.0
kana,saput,bc,change,0.0
smartpath,sap,qc,billinginquiry-invoiceexplanation,0.0
kana,digitalprivateline,west,billinginquiry-otherbilling,0.0
ssc,tollfree,on,generalinquiry-othergeneral,0.0
eom,siptrunk,east,new,0.0
kana,globalbusinessinternetdedicated,intl,add,0.0
smartpath,businessinternetbrokered,qc,new,0.0
ssc,locallink,on,billinginquiry-incorrectrate,0.0
kana,businesslines,ab,generalinquiry-accountcontractupdate,0.0
smartpath,businessinternetdedicated,nb,generalinquiry-othergeneral,0.0
ssc,centrex,west,generalinquiry-copyofequipmentrecord,0.0
smartpath,megalink,on,winback,0.0
smartpath,ethernet,qc,generalinquiry-serviceaddressinformation,0.0
smartpath,centrex,west,billinginquiry-otherbilling,0.0
smartpath,centrex,nb,generalinquiry-othergeneral,0.0
smartpath,localaccesspackage,on,new,0.0
smartpath,datalegacy,qc,billinginquiry-incorrectrate,0.0
ssc,tollfree,west,billinginquiry-incorrectrate,0.0
smartpath,megalink,west,change,0.0
ssc,eip,on,generalinquiry-accountcontractupdate,0.0
kana,saput,west,billinginquiry-copyofinvoice,0.0
ssc,btce,qc,billinginquiry-otherbilling,0.0
smartpath,corporateaccountservice,on,newactivationportin,0.0
smartpath,corporategeneralinquiries,on,movesubscriber,0.0
smartpath,corporatehardwareinquiries,on,noactionrequired,0.0
smartpath,businessinternet,ns,billinginquiry-otherbilling,0.0
smartpath,businessinternetdedicated,qc,generalinquiry-accountcontractupdate,0.0
kana,digitalprivateline,west,change,0.0
smartpath,managedservices,on,billinginquiry-otherbilling,0.0
smartpath,corporategeneralinquiries,on,upgrade,0.0
kana,msos365,qc,new,0.0
smartpath,megalink,qc,generalinquiry-accountcontractupdate,0.0
smartpath,btce,ab,change,0.0
smartpath,btce,qc,billinginquiry-incorrectrate,0.0
smartpath,broadband,ns,billinginquiry-otherbilling,0.0
smartpath,centrex,on,move,0.0
kana,vnet,ab,add,0.0
smartpath,btce,bc,change,0.0
smartpath,microlink,ab,generalinquiry-othergeneral,0.0
smartpath,megalink,west,generalinquiry-othergeneral,0.0
smartpath,localaccesspackage,on,generalinquiry-serviceaddressinformation,0.0
pss,tollfree,on,billinginquiry-otherbilling,0.0
smartpath,datalegacy,on,billinginquiry-otherbilling,0.0
smartpath,localaccesspackage,qc,billinginquiry-billingaccountupdate,0.0
smartpath,businesslines,on,800features,0.0
smartpath,centrex,ns,temporaryservice,0.0
eom,globalmanagedsdwan,on,pricing,0.0
smartpath,localaccesspackage,qc,billinginquiry-invoiceexplanation,0.0
smartpath,tollfreeinternational,intl,generalinquiry-othergeneral,0.0
kana,resellerbusinesslines,on,generalinquiry-othergeneral,0.0
smartpath,directorylisting,on,3235,0.0
smartpath,managedservices,qc,disconnect,0.0
kana,globalipvpn,on,pricing,0.0
ssc,ethernet,qc,move,0.0
smartpath,businesslines,ns,move,0.0
smartpath,managedservices,bc,change,0.0
smartpath,audioconferencing,west,coaching,0.0
kana,wavelength,west,new,0.0
pss,siptrunk,qc,add,0.0
kana,businessinternetbrokered,west,change,0.0
smartpath,businesslines,west,migration,0.0
ssc,btce,west,billinginquiry-copyofinvoice,0.0
smartpath,businesslines,west,portout,0.0
smartpath,globalipvpn,intl,billinginquiry-invoiceexplanation,0.0
kana,businessinternetdedicated,intl,generalinquiry-othergeneral,0.0
smartpath,centrex,west,generalinquiry-accountcontractupdate,0.0
pwo,businessinternet,on,agreementregistered,0.0
smartpath,ondemandcontactcentre,ns,add,0.0
smartpath,directorylisting,west,generalinquiry-directorylistings,0.0
smartpath,ipvpn,yt,coaching,0.0
smartpath,adsllas,on,billinginquiry-invoiceexplanation,0.0
smartpath,globalbusinessinternetservice,qc,billinginquiry-billingaccountupdate,0.0
smartpath,businesslines,mb,coaching,0.0
ssc,businesslines,on,generalinquiry-pricingconfirmation,0.0
kana,vnet,west,generalinquiry-othergeneral,0.0
email,tollfree,west,billinginquiry-otherbilling,0.0
smartpath,corporategeneralinquiries,on,newactivations,0.0
smartpath,businesslines,qc,add,0.0
eom,businessinternetdedicated,west,agreementcreation,0.0
smartpath,adsllas,on,billinginquiry-otherbilling,0.0
kana,sap,on,billinginquiry-copyofinvoice,0.0
smartpath,siptrunk,qc,generalinquiry-directinwardcalling,0.0
smartpath,wavelength,ab,facilitycheck,0.0
kana,siptrunk,on,move,0.0
pwo,businessinternetbrokered,nova scotia,facilitycheck,0.0
kana,ipvpn,on,generalinquiry-othergeneral,0.0
smartpath,btce,on,generalinquiry-transferresponsibility,0.0
kana,businessinternetdedicated,qc,move,0.0
eom,bell managed threat detection and response,qc,agreementregistered,0.0
smartpath,btce,qc,billinginquiry-billingaccountupdate,0.0
kana,btce,on,generalinquiry-feasibilityinformation,0.0
kana,centrex,on,billinginquiry-copyofinvoice,0.0
smartpath,businessinternetdedicated,bc,facilitycheck,0.0
eom,ipvpn,on,agreementregistered,0.0
smartpath,centrex,pe,billinginquiry-otherbilling,0.0
smartpath,corporategeneralinquiries,bc,noactionrequired,0.0
eom,ondemandcontactcentre,qc,agreementcreationvalidated,0.0
smartpath,ipvpn,sk,facilitycheck,0.0
smartpath,tollfree,qc,generalinquiry-pricingconfirmation,0.0
eom,eip,qc,agreementregistered,0.0
smartpath,businessinternet,on,escpartner,0.0
smartpath,btce,on,move,0.0
smartpath,audioconferencing,qc,disconnect,0.0
eom,globalipvpn,intl,facilitycheck,0.0
smartpath,btce,bc,billinginquiry-otherbilling,0.0
email,tollfree,qc,billinginquiry-custombill,0.0
email,megalink,on,generalinquiry-othergeneral,0.0
kana,businesslines,on,billinginquiry-billingaccountupdate,0.0
email,tollfree,on,billinginquiry-custombill,0.0
smartpath,businessinternet,pe,billinginquiry-otherbilling,0.0
smartpath,businessinternet,qc,generalinquiry-serviceaddressinformation,0.0
pss,microlink,on,disconnect,0.0
email,corporatehardwareorders,qc,generalinquiry-othergeneral,0.0
smartpath,businessinternetdedicated,ab,migration,0.0
pss,locallink,east,disconnect,0.0
smartpath,businessinternetdedicated,on,generalinquiry-feasibilityinformation,0.0
smartpath,audioconferencing,on,generalinquiry-othergeneral,0.0
email,resellerbusinesslines,on,disconnect,0.0
smartpath,ethernet,on,billinginquiry-balancetransferpaymentupdate,0.0
email,corporatehardwareinquiries,on,requestimei,0.0
kana,businessinternetbrokered,bc,generalinquiry-othergeneral,0.0
ssc,businessinternet,qc,billinginquiry-balancetransferpaymentupdate,0.0
kana,directorylisting,on,disconnect,0.0
email,ethernet,on,distance,0.0
eom,professionalservices,on,generalinquiry-othergeneral,0.0
email,datalegacy,qc,disconnect,0.0
kana,globalprivateline,on,disconnect,0.0
ssc,btce,sk,add,0.0
smartpath,directorylisting,on,disconnect,0.0
smartpath,datalegacy,on,billinginquiry-balancetransferpaymentupdate,0.0
pwo,businessinternetbrokered,on,facilitycheck,0.0
kana,vnet,nl,change,0.0
eom,globalprivateline,intl,agreementcreation,0.0
eom,msos365,on,agreementcreation,0.0
smartpath,businesslines,on,coaching,0.0
eom,siptrunk,east,agreementcreation,0.0
smartpath,megalink,on,generalinquiry-accountcontractupdate,0.0
smartpath,warehousesupport,on,ordertrackingstatus,0.0
smartpath,payphone,on,add,0.0
kana,globalipvpn,intl,new,0.0
smartpath,centrex,qc,generalinquiry-othergeneral,0.0
eom,btce,qc,project,0.0
kana,businessinternetdedicated,qc,generalinquiry-reseller,0.0
kana,megalink,qc,generalinquiry-othergeneral,0.0
smartpath,businessinternet,nl,generalinquiry-othergeneral,0.0
smartpath,businesslines,qc,billinginquiry-incorrectrate,0.0
smartpath,businesslines,west,move,0.0
smartpath,businessinternet,mb,billinginquiry-invoiceexplanation,0.0
smartpath,businessinternet,qc,billinginquiry-billingaccountupdate,0.0
email,webcasting,qc,generalinquiry-othergeneral,0.0
eom,tollfree,on,agreementregistered,0.0
kana,btce,on,generalinquiry-transferresponsibility,0.0
eom,globalprivateline,on,generalinquiry-othergeneral,0.0
kana,tollfreeinternational,qc,generalinquiry-othergeneral,0.0
smartpath,broadband,intl,disconnect,0.0
kana,centrex,ns,generalinquiry-othergeneral,0.0
pss,localaccesspackage,on,disconnect,0.0
kana,globalipvpn,qc,change,0.0
eom,globalprivateline,intl,agreementregistered,0.0
smartpath,ipvpn,ab,trafficstudyconsultation,0.0
smartpath,businesslines,nl,generalinquiry-othergeneral,0.0
smartpath,businessinternetdedicated,ab,coaching,0.0
kana,businesslines,qc,generalinquiry-othergeneral,0.0
kana,siptrunk,on,generalinquiry-directinwardcalling,0.0
email,siptrunk,on,billinginquiry-obmsupport,0.0
smartpath,centrex,on,generalinquiry-serviceaddressinformation,0.0
smartpath,corporategeneralinquiries,on,wirelessclientcare,0.0
kana,globalipvpn,on,change,0.0
eom,businessinternet,east,agreementregistered,0.0
eom,professionalservices,on,agreementcreation,0.0
eom,managedservices,qc,agreementcreation,0.0
eom,ondemandcontactcentre,qc,agreementcreation,0.0
eom,businessinternetdedicated,on,facilitycheck,0.0
email,managedservices,west,change,0.0
pss,businesslines,east,generalinquiry-othergeneral,0.0
kana,businessinternet,qc,generalinquiry-feasibilityinformation,0.0
kana,businesslines,ab,disconnect,0.0
ssc,wavelength,on,generalinquiry-accountcontractupdate,0.0
smartpath,businessinternet,mb,billinginquiry-copyofinvoice,0.0
smartpath,broadcast,on,billinginquiry-otherbilling,0.0
kana,businesslines,on,trafficstudy,0.0
kana,adsllas,on,generalinquiry-othergeneral,0.0
smartpath,broadcast,west,coaching,0.0
smartpath,businesslines,qc,reconnection,0.0
pwo,ipvpn,nova scotia,facilitycheck,0.0
kana,businessinternetdedicated,west,facilitycheck,0.0
pwo,businessinternetdedicated,on,generalinquiry-othergeneral,0.0
smartpath,businessinternetbrokered,qc,disconnect,0.0
smartpath,ethernet,qc,billinginquiry-otherbilling,0.0
kana,businessinternet,on,new,0.0
smartpath,businesslines,nb,move,0.0
kana,vnet,qc,billinginquiry-otherbilling,0.0
kana,businessinternetbrokered,on,add,0.0
kana,tollfree,ab,new,0.0
eom,localaccesspackage,qc,new,0.0
smartpath,managedservices,on,billinginquiry-copyofinvoice,0.0
smartpath,businessinternetbrokered,qc,coaching,0.0
eom,businessinternet,west,agreementregistered,0.0
email,corporateaccountservice,on,accountservicerep,0.0
kana,sap,east,billinginquiry-copyofinvoice,0.0
kana,businesslines,nl,change,0.0
kana,globalipvpn,intl,move,0.0
smartpath,businessinternet,intl,billinginquiry-copyofinvoice,0.0
smartpath,btce,sk,migration,0.0
kana,ethernet,on,pricing,0.0
kana,businessinternet,nb,billinginquiry-otherbilling,0.0
ssc,businessinternetdedicated,qc,billinginquiry-balancetransferpaymentupdate,0.0
eom,digitalprivateline,on,facilitycheck,0.0
smartpath,businesslines,nb,suspension,0.0
smartpath,webex,on,change,0.0
email,msos365,on,new,0.0
email,webex,east,billinginquiry-otherbilling,0.0
email,webex,on,serviceassurance,0.0
eom,businessinternetbrokered,on,agreementcreationvalidated,0.0
smartpath,darkfibre,west,disconnect,0.0
smartpath,datalegacy,on,coaching,0.0
smartpath,btce,ns,add,0.0
pss,btce,on,billinginquiry-incorrectrate,0.0
smartpath,businessinternet,on,generalinquiry-copyofequipmentrecord,0.0
kana,digitalprivateline,qc,add,0.0
kana,businessinternetdedicated,qc,billinginquiry-copyofinvoice,0.0
ssc,businesslines,on,generalinquiry-transferresponsibility,0.0
email,ethernet,ab,facilitycheck,0.0
eom,globalipvpn,qc,agreementregistered,0.0
smartpath,businesslines,nl,billinginquiry-obmsupport,0.0
kana,sap,qc,change,0.0
smartpath,megalink,bc,move,0.0
smartpath,businessinternet,nb,billinginquiry-copyofinvoice,0.0
email,ethernetconnectservice,qc,change,0.0
smartpath,businessinternetbrokered,on,new,0.0
smartpath,businessinternet,on,billinginquiry-dispute,0.0
smartpath,corporatehardwareorders,on,ordertrackingstatus,0.0
smartpath,businesslines,west,billinginquiry-billingaccountupdate,0.0
pwo,businessinternetdedicated,west,agreementcreationvalidated,0.0
email,businessinternetdedicated,qc,change,0.0
eom,tollfree,west,agreementcreation,0.0
eom,globalipvpn,west,pricing,0.0
eom,managedservices,nova scotia,agreementcreationvalidated,0.0
smartpath,businessinternetdedicated,qc,billinginquiry-copyofinvoice,0.0
smartpath,broadcast,qc,billinginquiry-copyofinvoice,0.0
kana,businessinternet,on,generalinquiry-copyofequipmentrecord,0.0
ssc,businesslines,on,billinginquiry-balancetransferpaymentupdate,0.0
email,audioconferencing,on,temporaryservice,0.0
smartpath,centrex,ns,generalinquiry-directinwardcalling,0.0
smartpath,datalegacy,on,billinginquiry-obmsupport,0.0
smartpath,ethernetinternetworkinglite,on,billinginquiry-otherbilling,0.0
pss,businessinternetdedicated,qc,generalinquiry-othergeneral,0.0
kana,businesslines,ns,add,0.0
eom,megalink,on,agreementregistered,0.0
kana,globalbusinessinternetdedicated,intl,pricing,0.0
eom,btce,west,facilitycheck,0.0
email,sap,on,add,0.0
smartpath,corporatehardwareinquiries,on,orders,0.0
smartpath,ipvpn,west,generalinquiry-othergeneral,0.0
kana,businessinternet,ns,generalinquiry-othergeneral,0.0
smartpath,centrex,ns,add,0.0
kana,ipvpn,on,billinginquiry-incorrectrate,0.0
email,ethernet,ns,facilitycheck,0.0
email,eip,qc,change,0.0
smartpath,businessinternet,on,reconnection,0.0
pwo,siptrunk,on,agreementcreation,0.0
smartpath,digitalprivateline,on,billinginquiry-balancetransferpaymentupdate,0.0
kana,saput,nb,billinginquiry-otherbilling,0.0
email,webcasting,qc,billinginquiry-otherbilling,0.0
smartpath,eip,on,move,0.0
kana,datalegacy,on,billinginquiry-billingaccountupdate,0.0
kana,businesslines,on,billinginquiry-balancetransferpaymentupdate,0.0
kana,datalegacy,on,billinginquiry-invoiceexplanation,0.0
eom,business internet dedicated | business internet dedicated,on,agreementcreation,0.0
kana,megalink,east,change,0.0
smartpath,directorylisting,on,cliff,0.0
pwo,localaccesspackage,on,agreementcreation,0.0
kana,btce,east,generalinquiry-othergeneral,0.0
kana,localaccesspackage,west,disconnect,0.0
email,webex,west,billinginquiry-otherbilling,0.0
smartpath,managedservices,bc,billinginquiry-otherbilling,0.0
email,managedservices,ab,generalinquiry-othergeneral,0.0
smartpath,broadband,qc,generalinquiry-serviceaddressinformation,0.0
eom,network solutions - consulting services,qc,agreementcreation,0.0
smartpath,businessinternetbrokered,on,billinginquiry-invoiceexplanation,0.0
kana,businessinternet,west,change,0.0
smartpath,payphone,on,billinginquiry-otherbilling,0.0
egain,wavelength,east,billinginquiry-otherbilling,0.0
smartpath,megalink,ab,disconnect,0.0
eom,globalipvpn,qc,agreementcreation,0.0
email,managedsecurityservices,nb,generalinquiry-othergeneral,0.0
eom,infrastructureservices,west,agreementregistered,0.0
pwo,megalink,qc,agreementcreation,0.0
kana,centrex,on,generalinquiry-transferresponsibility,0.0
email,centrex,on,portout,0.0
pss,megalink,on,billinginquiry-otherbilling,0.0
kana,datalegacy,east,change,0.0
smartpath,businessinternetdedicated,pe,add,0.0
kana,ethernet,west,billinginquiry-invoiceexplanation,0.0
smartpath,businesslines,qc,portout,0.0
smartpath,ipvpn,ns,coaching,0.0
smartpath,centrex,qc,billinginquiry-copyofinvoice,0.0
kana,businessinternetdedicated,qc,add,0.0
email,ondemandcontactcentre,qc,add,0.0
pss,siptrunk,on,generalinquiry-othergeneral,0.0
smartpath,ipvpn,intl,disconnect,0.0
email,corporategeneralinquiries,qc,noactionrequired,0.0
smartpath,ipvpn,qc,coaching,0.0
kana,broadcast,qc,disconnect,0.0
ssc,businessinternet,mb,billinginquiry-copyofinvoice,0.0
eom,eip,west,agreementcreationvalidated,0.0
kana,megalink,mb,disconnect,0.0
smartpath,ipvpn,bc,new,0.0
smartpath,businessinternetdedicated,qc,agreementregistered,0.0
smartpath,dedicatedinternetaccess,qc,billinginquiry-otherbilling,0.0
kana,businesslines,qc,billinginquiry-otherbilling,0.0
smartpath,globalipvpn,intl,billinginquiry-copyofinvoice,0.0
smartpath,eip,on,generalinquiry-accountcontractupdate,0.0
ssc,btce,west,generalinquiry-directinwardcalling,0.0
kana,megalink,on,add,0.0
email,webcasting,qc,webcastproduction,0.0
eom,businessinternetdedicated,on,agreementcreationcomplex,0.0
kana,localaccesspackage,on,disconnect,0.0
email,corporategeneralinquiries,on,unsuspendlines,0.0
email,corporatehardwareorders,on,unsuspendlines,0.0
smartpath,businessinternetdedicated,nb,coaching,0.0
kana,datalegacy,qc,generalinquiry-othergeneral,0.0
smartpath,infrastructureservices,on,generalinquiry-transferresponsibility,0.0
kana,globalmanagedsdwan,intl,move,0.0
email,managedservices,ab,billinginquiry-otherbilling,0.0
eom,tollfreeinternational,qc,agreementcreationvalidated,0.0
smartpath,centrex,nl,billinginquiry-otherbilling,0.0
pwo,globalipvpn,on,new,0.0
smartpath,businesslines,sk,generalinquiry-othergeneral,0.0
kana,businessinternet,on,facilitycheck,0.0
email,wavelength,ns,facilitycheck,0.0
eom,datalegacy,west,agreementregistered,0.0
pss,wavelength,intl,billinginquiry-copyofinvoice,0.0
eom,megalink,qc,project,0.0
eom,businesslines,west,billinginquiry-otherbilling,0.0
eom,digitalprivateline,on,escpartner,0.0
kana,directorylisting,qc,generalinquiry-othergeneral,0.0
kana,virtualnetworkservices,qc,add,0.0
eom,businessinternetdedicated,qc,project,0.0
eom,businessinternetdedicated,ab,facilitycheck,0.0
eom,businessinternetbrokered,intl,new,0.0
eom,localaccesspackage,on,agreementcreationvalidated,0.0
smartpath,btce,on,generalinquiry-othergeneral,0.0
smartpath,siptrunk,ns,migration,0.0
eom,ipvpn (bw) | ipvpn (bw),west,pcoesamedayexpedite,0.0
smartpath,centrex,on,pinreset,0.0
smartpath,businesslines,ab,generalinquiry-directorylistings,0.0
smartpath,businesslines,west,generalinquiry-transferresponsibility,0.0
kana,digitalprivateline,on,disconnect,0.0
eom,centrex,qc,pcoesamedayexpedite,0.0
ssc,megalink,ab,generalinquiry-pricingconfirmation,0.0
kana,broadband,qc,billinginquiry-otherbilling,0.0
email,wavelength,ns,change,0.0
smartpath,siptrunk,ab,agreementcreationvalidated,0.0
eom,megalink | megalink,on,agreementregistered,0.0
smartpath,ethernetaccessservice,ab,coaching,0.0
email,professionalservices,on,billinginquiry-otherbilling,0.0
smartpath,businesslines,bc,disconnect,0.0
eom,businessinternetbrokered,on,new,0.0
kana,businessinternet,qc,billinginquiry-copyofinvoice,0.0
smartpath,corporateselfservetools,on,orders,0.0
kana,businesslines,ns,generalinquiry-othergeneral,0.0
smartpath,eip,on,change,0.0
email,tollfree,qc,billinginquiry-invoiceexplanation,0.0
email,wavelength,on,new,0.0
eom,megalink,bc,agreementcreation,0.0
ssc,tollfree,on,add,0.0
eom,digitalprivateline,on,agreementcreationvalidated,0.0
pss,businesslines,on,change,0.0
eom,businessinternetbrokered,qc,pcoesamedayexpedite,0.0
pss,businessinternet,qc,generalinquiry-transferresponsibility,0.0
kana,businessinternet,west,billinginquiry-otherbilling,0.0
smartpath,datalegacy,bc,disconnect,0.0
smartpath,businessinternetbrokered,on,coaching,0.0
smartpath,niceincontactcxone,on,generalinquiry-othergeneral,0.0
email,sap,qc,add,0.0
eom,managedservices,on,agreementcreation,0.0
smartpath,businessinternetdedicated,ab,temporaryservice,0.0
email,payphone,qc,add,0.0
email,businesslines,on,noactionrequired,0.0
kana,directorylisting,west,ilec,0.0
kana,btce,nb,billinginquiry-otherbilling,0.0
email,ondemandcontactcentre,nl,generalinquiry-othergeneral,0.0
email,payphone,east,change,0.0
eom,globalbusinessinternetdedicated,on,agreementcreation,0.0
email,managedservices,qc,generalinquiry-othergeneral,0.0
pss,locallink,west,generalinquiry-serviceaddressinformation,0.0
smartpath,ethernet,west,disconnect,0.0
email,webex,west,serviceassurance,0.0
smartpath,audioconferencing,on,billinginquiry-custombill,0.0
eom,datalegacy,west,agreementcreation,0.0
eom,globalipvpn,qc,facilitycheck,0.0
kana,sap,qc,disconnect,0.0
smartpath,centrex,nl,generalinquiry-transferresponsibility,0.0
smartpath,tollfreeinternational,intl,add,0.0
ssc,eip,intl,move,0.0
kana,digitalprivateline,bc,disconnect,0.0
smartpath,businesslines,west,trafficstudy,0.0
smartpath,btce,qc,billinginquiry-balancetransferpaymentupdate,0.0
email,warehousesupport,on,new,0.0
eom,digitalprivateline,on,agreementregistered,0.0
kana,sap,on,generalinquiry-othergeneral,0.0
eom,ipvpn,west,generalinquiry-othergeneral,0.0
eom,btce,west,pcoesamedayexpedite,0.0
smartpath,localaccesspackage,qc,generalinquiry-transferresponsibility,0.0
kana,businessinternetdedicated,ab,generalinquiry-othergeneral,0.0
eom,megalink,west,agreementcreation,0.0
kana,directorylisting,on,bliffman,0.0
kana,ipvpn,west,generalinquiry-othergeneral,0.0
smartpath,broadband,on,generalinquiry-accountcontractupdate,0.0
eom,eip,on,agreementcreationvalidated,0.0
email,webex,intl,billinginquiry-otherbilling,0.0
eom,businesslines,qc,project,0.0
kana,ethernet,ab,generalinquiry-othergeneral,0.0
smartpath,businessinternet,ns,generalinquiry-reseller,0.0
pwo,businessinternet,qc,agreementcreationvalidated,0.0
kana,siptrunk,qc,generalinquiry-othergeneral,0.0
smartpath,businessinternetbrokered,sk,coaching,0.0
pss,locallink,qc,billinginquiry-copyofinvoice,0.0
email,webcasting,west,webcastproduction,0.0
smartpath,centrex,qc,generalinquiry-copyofequipmentrecord,0.0
kana,datalegacy,qc,billinginquiry-otherbilling,0.0
eom,businesslines,qc,escpartner,0.0
kana,sap,west,new,0.0
eom,megalink,on,agreementcreationvalidated,0.0
email,webcasting,on,generalinquiry-othergeneral,0.0
email,tollfree,pe,generalinquiry-othergeneral,0.0
eom,businesslines,west,agreementcreationcomplex,0.0
email,switchredirect,qc,change,0.0
smartpath,corporateaccountservice,on,orders,0.0
eom,eip,qc,generalinquiry-othergeneral,0.0
kana,dryloopdsl,on,change,0.0
kana,businesslines,nl,billinginquiry-copyofinvoice,0.0
pwo,businesslines,on,agreementcreation,0.0
eom,businessinternet,west,pcoesamedayexpedite,0.0
eom,btce,on,agreementregistered,0.0
kana,vnet,on,add,0.0
pss,btce,on,billinginquiry-balancetransferpaymentupdate,0.0
kana,ipvpn,on,billinginquiry-copyofinvoice,0.0
smartpath,broadband,pe,disconnect,0.0
kana,megalink,qc,generalinquiry-copyofequipmentrecord,0.0
kana,switchredirect,on,add,0.0
smartpath,btce,on,generalinquiry-pricingconfirmation,0.0
smartpath,businesslines,ab,generalinquiry-accountcontractupdate,0.0
smartpath,payphone,qc,generalinquiry-othergeneral,0.0
smartpath,directorylisting,qc,bliffman,0.0
email,siptrunk,ns,migration,0.0
email,saput,on,generalinquiry-othergeneral,0.0
kana,globalipvpn,intl,disconnect,0.0
smartpath,businessinternet,intl,disconnect,0.0
kana,businesslines,east,billinginquiry-billingaccountupdate,0.0
kana,businessinternetbrokered,east,new,0.0
kana,businesslines,on,generalinquiry-othergeneral,0.0
kana,businessinternetdedicated,west,add,0.0
email,wavelength,ab,disconnect,0.0
email,managedservices,on,move,0.0
smartpath,businesslines,sk,billinginquiry-balancetransferpaymentupdate,0.0
eom,infrastructureservices,qc,agreementcreation,0.0
pss,tollfree,on,generalinquiry-transferresponsibility,0.0
kana,businesslines,on,billinginquiry-copyofinvoice,0.0
eom,businessinternet,west,agreementcreationvalidated,0.0
eom,virtualnetworkservices,qc,agreementcreation,0.0
email,webhosting,on,generalinquiry-othergeneral,0.0
smartpath,ipvpn,west,billinginquiry-balancetransferpaymentupdate,0.0
eom,btce,east,generalinquiry-othergeneral,0.0
email,webex,qc,serviceassurance,0.0
kana,businessinternetdedicated,nl,disconnect,0.0
smartpath,businessinternet,on,generalinquiry-serviceaddressinformation,0.0
pwo,businessinternetbrokered,new brunswick,facilitycheck,0.0
kana,megalink,on,generalinquiry-copyofequipmentrecord,0.0
smartpath,internetconnectservice,qc,billinginquiry-otherbilling,0.0
smartpath,centrex,qc,generalinquiry-transferresponsibility,0.0
smartpath,sap,nb,billinginquiry-otherbilling,0.0
smartpath,megalink,on,pinreset,0.0
email,managedsecurityservices,on,generalinquiry-othergeneral,0.0
smartpath,broadband,bc,add,0.0
email,corporatehardwareorders,ab,inventoryavailability,0.0
email,videoconferencing,qc,disconnect,0.0
kana,businessinternet,on,generalinquiry-othergeneral,0.0
email,professionalservices,on,billinginquiry-banrequest,0.0
email,switchredirect,on,add,0.0
smartpath,businessinternetdedicated,ab,new,0.0
eom,btce,bc,pricing,0.0
kana,centrex,on,billinginquiry-otherbilling,0.0
ssc,businesslines,mb,generalinquiry-othergeneral,0.0
smartpath,centrex,east,move,0.0
smartpath,sap,qc,change,0.0
smartpath,managedservices,on,coaching,0.0
pss,ethernet,on,generalinquiry-othergeneral,0.0
smartpath,btce,on,billinginquiry-balancetransferpaymentupdate,0.0
smartpath,businessinternetbrokered,mb,generalinquiry-pricingconfirmation,0.0
kana,btce,ab,generalinquiry-othergeneral,0.0
smartpath,vnet,on,disconnect,0.0
eom,btce,on,generalinquiry-othergeneral,0.0
eom,businessinternetbrokered,qc,facilitycheck,0.0
smartpath,businesslines,ab,billinginquiry-otherbilling,0.0
ssc,ethernet,on,billinginquiry-billingaccountupdate,0.0
smartpath,tollfreeinternational,on,disconnect,0.0
smartpath,tollfree,intl,coaching,0.0
kana,vnet,on,billinginquiry-otherbilling,0.0
smartpath,globalipvpn,qc,pricing,0.0
smartpath,btce,west,billinginquiry-otherbilling,0.0
eom,businessinternetbrokered,qc,escpartner,0.0
kana,localaccesspackage,east,disconnect,0.0
kana,businesslines,qc,billinginquiry-incorrectrate,0.0
kana,vnet,qc,generalinquiry-othergeneral,0.0
email,wavelength,intl,billinginquiry-otherbilling,0.0
smartpath,businesslines,on,billinginquiry-copyofinvoice,0.0
smartpath,ondemandcontactcentre,ab,add,0.0
eom,broadcast,on,agreementcreationvalidated,0.0
smartpath,ethernet,qc,generalinquiry-accountcontractupdate,0.0
smartpath,centrex,pe,disconnect,0.0
kana,businesslines,qc,billinginquiry-billingaccountupdate,0.0
smartpath,localaccesspackage,qc,generalinquiry-othergeneral,0.0
kana,businessinternetdedicated,east,new,0.0
smartpath,btce,nl,new,0.0
kana,businessinternet,qc,billinginquiry-invoiceexplanation,0.0
email,corporateservicerepair,on,wirelessclientcare,0.0
email,ipvpn,on,portout,0.0
email,wavelength,ns,generalinquiry-othergeneral,0.0
smartpath,businessinternet,on,agreementcreationvalidated,0.0
ssc,businesslines,ab,generalinquiry-accountcontractupdate,0.0
email,wavelength,sk,add,0.0
pss,locallink,west,billinginquiry-otherbilling,0.0
smartpath,centrex,ns,billinginquiry-dispute,0.0
smartpath,btce,ab,billinginquiry-otherbilling,0.0
kana,businessinternetdedicated,on,billinginquiry-invoiceexplanation,0.0
eom,megalink,qc,agreementcreationvalidated,0.0
smartpath,datalegacy,qc,coaching,0.0
smartpath,contactcentre,qc,coaching,0.0
smartpath,ethernet,on,change,0.0
eom,microlink,qc,agreementcreation,0.0
smartpath,megalink,west,winback,0.0
kana,megalink,qc,generalinquiry-accountcontractupdate,0.0
smartpath,centrex,bc,coaching,0.0
email,ethernet,nb,add,0.0
smartpath,megalink,on,generalinquiry-portout,0.0
smartpath,btce,qc,generalinquiry-copyofequipmentrecord,0.0
smartpath,btce,on,generalinquiry-serviceaddressinformation,0.0
pss,centrex,on,billinginquiry-copyofinvoice,0.0
eom,professionalservices,west,agreementregistered,0.0
smartpath,localaccesspackage,qc,billinginquiry-otherbilling,0.0
pss,businesslines,west,billinginquiry-otherbilling,0.0
smartpath,btce,nl,generalinquiry-othergeneral,0.0
email,ondemandcontactcentre,ab,change,0.0
smartpath,businessinternetdedicated,on,move,0.0
email,corporatehardwareorders,on,createupdateipaddress,0.0
smartpath,ipvpn,qc,billinginquiry-otherbilling,0.0
smartpath,corporategeneralinquiries,on,new,0.0
smartpath,megalink,qc,winback,0.0
kana,businessinternetdedicated,qc,generalinquiry-pricingconfirmation,0.0
kana,businesslines,mb,billinginquiry-otherbilling,0.0
smartpath,businessinternetbrokered,mb,disconnect,0.0
email,ipvpn,west,move,0.0
kana,wavelength,on,billinginquiry-otherbilling,0.0
smartpath,businessinternet,nl,facilitycheck,0.0
eom,tollfree,on,generalinquiry-othergeneral,0.0
smartpath,adsllas,on,disconnect,0.0
smartpath,ethernet,qc,add,0.0
pss,businesslines,bc,disconnect,0.0
pss,otherdataservices,qc,billinginquiry-otherbilling,0.0
kana,datalegacy,east,disconnect,0.0
smartpath,businesslines,ab,generalinquiry-copyofequipmentrecord,0.0
eom,professionalservices,east,agreementcreationvalidated,0.0
kana,localaccesspackage,on,winback,0.0
smartpath,siptrunk,bc,change,0.0
smartpath,digitalprivateline,intl,disconnect,0.0
eom,globalbusinessinternetdedicated,on,agreementregistered,0.0
email,corporatehardwareorders,on,billinginquiry-obmsupport,0.0
kana,saput,on,billinginquiry-billingaccountupdate,0.0
eom,btce,on,escpartner,0.0
kana,resellerresidentialline,on,change,0.0
kana,datalegacy,mb,change,0.0
kana,btce,west,generalinquiry-transferresponsibility,0.0
smartpath,datalegacy,qc,disconnect,0.0
smartpath,ethernet,ab,billinginquiry-billingaccountupdate,0.0
smartpath,businessinternet,ns,generalinquiry-accountcontractupdate,0.0
smartpath,businesslines,on,billinginquiry-incorrectrate,0.0
eom,datalegacy,west,pcoesamedayexpedite,0.0
kana,ethernet,west,billinginquiry-otherbilling,0.0
pwo,businesslines,on,agreementregistered,0.0
kana,businesslines,on,facilitycheck,0.0
smartpath,ipvpn,qc,generalinquiry-accountcontractupdate,0.0
smartpath,businessinternet,on,billinginquiry-balancetransferpaymentupdate,0.0
kana,tollfreeinternational,on,change,0.0
smartpath,globalipvpn,qc,agreementcreation,0.0
smartpath,localaccesspackage,on,generalinquiry-feasibilityinformation,0.0
ssc,businessinternet,west,generalinquiry-accountcontractupdate,0.0
smartpath,wavelength,qc,billinginquiry-otherbilling,0.0
smartpath,businesslines,east,billinginquiry-billingaccountupdate,0.0
smartpath,resellerbusinesslines,on,billinginquiry-billingaccountupdate,0.0
smartpath,corporateaccountservice,on,ordertrackingstatus,0.0
kana,businessinternetdedicated,west,generalinquiry-othergeneral,0.0
smartpath,btce,west,generalinquiry-serviceaddressinformation,0.0
email,payphone,qc,generalinquiry-othergeneral,0.0
eom,businessinternetbrokered,west,new,0.0
smartpath,businesslines,bc,add,0.0
smartpath,businessinternetdedicated,ab,facilitycheck,0.0
smartpath,btce,nb,billinginquiry-billingaccountupdate,0.0
kana,vnet,qc,disconnect,0.0
smartpath,businessinternetdedicated,bc,generalinquiry-transferresponsibility,0.0
smartpath,businessinternetbrokered,bc,change,0.0
kana,globalipvpn,intl,generalinquiry-pricingconfirmation,0.0
kana,globalipvpn,intl,generalinquiry-accountcontractupdate,0.0
smartpath,businesslines,on,billinginquiry-otherbilling,0.0
smartpath,businessinternet,nb,generalinquiry-copyofequipmentrecord,0.0
smartpath,btce,bc,move,0.0
kana,businesslines,qc,generalinquiry-transferresponsibility,0.0
kana,tollfree,nb,generalinquiry-othergeneral,0.0
pwo,ipvpn,qc,generalinquiry-othergeneral,0.0
smartpath,businessinternet,on,facilitycheck,0.0
smartpath,businessinternetdedicated,east,facilitycheck,0.0
pwo,ipvpn,bc,facilitycheck,0.0
smartpath,corporatebillinginquiries,bc,adjustments,0.0
smartpath,centrex,ns,move,0.0
smartpath,btce,bc,billinginquiry-copyofinvoice,0.0
eom,business internet dedicated | business internet dedicated | bell wavelength services,on,new,0.0
kana,globalprivateline,intl,new,0.0
ssc,locallink,bc,generalinquiry-othergeneral,0.0
smartpath,ipvpn,ab,billinginquiry-otherbilling,0.0
smartpath,msos365,on,new,0.0
smartpath,siptrunk,mb,migration,0.0
smartpath,megalink,west,disconnect,0.0
smartpath,centrex,qc,billinginquiry-invoiceexplanation,0.0
smartpath,businessinternet,bc,billinginquiry-copyofinvoice,0.0
smartpath,businessinternetdedicated,nl,add,0.0
kana,centrex,east,generalinquiry-othergeneral,0.0
ssc,businesslines,mb,generalinquiry-serviceaddressinformation,0.0
eom,professionalservices,qc,agreementregistered,0.0
pss,businessinternetdedicated,qc,billinginquiry-otherbilling,0.0
kana,megalink,west,disconnect,0.0
smartpath,btce,ns,migration,0.0
smartpath,btce,ab,billinginquiry-invoiceexplanation,0.0
smartpath,btce,ab,add,0.0
smartpath,businessinternetdedicated,west,coaching,0.0
smartpath,datalegacy,qc,generalinquiry-othergeneral,0.0
smartpath,sap,qc,generalinquiry-accountcontractupdate,0.0
kana,broadband,west,disconnect,0.0
kana,tollfree,east,generalinquiry-othergeneral,0.0
kana,datalegacy,qc,generalinquiry-accountcontractupdate,0.0
smartpath,businessinternetbrokered,nb,coaching,0.0
smartpath,businesslines,west,generalinquiry-feasibilityinformation,0.0
eom,businessinternetdedicated,on,billinginquiry-otherbilling,0.0
eom,btce,east,agreementcreation,0.0
kana,siptrunk,east,new,0.0
kana,vnet,qc,change,0.0
ssc,locallink,on,generalinquiry-transferresponsibility,0.0
smartpath,businesslines,ns,billinginquiry-copyofinvoice,0.0
kana,siptrunk,sk,generalinquiry-othergeneral,0.0
pss,businessinternet,on,billinginquiry-billingaccountupdate,0.0
kana,digitalprivateline,ab,generalinquiry-othergeneral,0.0
smartpath,dedicatedinternetaccess,on,add,0.0
smartpath,megalink,bc,portout,0.0
smartpath,tollfree,on,add,0.0
pss,businessinternet,on,generalinquiry-accountcontractupdate,0.0
pss,localaccesspackage,on,change,0.0
smartpath,businessinternetdedicated,nb,billinginquiry-invoiceexplanation,0.0
kana,btce,on,billinginquiry-otherbilling,0.0
eom,datalegacy,on,facilitycheck,0.0
smartpath,centrex,ns,generalinquiry-othergeneral,0.0
kana,centrex,on,billinginquiry-billingaccountupdate,0.0
smartpath,datalegacy,qc,billinginquiry-dispute,0.0
smartpath,btce,east,disconnect,0.0
kana,businesslines,sk,generalinquiry-othergeneral,0.0
smartpath,localaccesspackage,on,change,0.0
smartpath,corporateaccountservice,on,hardwareorderchange,0.0
smartpath,tollfree,east,generalinquiry-othergeneral,0.0
email,managedservices,ns,generalinquiry-othergeneral,0.0
smartpath,broadband,nb,reconnection,0.0
smartpath,btce,west,trafficstudyconsultation,0.0
kana,businessinternetdedicated,qc,billinginquiry-billingaccountupdate,0.0
smartpath,businesslines,nb,generalinquiry-directorylistings,0.0
kana,directorylisting,on,change,0.0
smartpath,microlink,west,disconnect,0.0
smartpath,sap,qc,disconnect,0.0
kana,broadcast,on,disconnect,0.0
smartpath,corporatehardwareinquiries,qc,inventoryavailability,0.0
email,corporatehardwareinquiries,mb,ordertrackingstatus,0.0
smartpath,megalink,on,coaching,0.0
kana,btce,west,migration,0.0
eom,globalipvpn,intl,generalinquiry-othergeneral,0.0
smartpath,businessinternet,on,change,0.0
smartpath,centrex,nl,disconnect,0.0
eom,professionalservices,on,pcoesamedayexpedite,0.0
smartpath,megalink,west,add,0.0
smartpath,centrex,pe,billinginquiry-invoiceexplanation,0.0
smartpath,siptrunk,pe,migration,0.0
kana,ethernet,nb,billinginquiry-otherbilling,0.0
smartpath,globalbusinessinternetdedicated,qc,add,0.0
kana,datalegacy,west,disconnect,0.0
email,ethernet,ab,new,0.0
smartpath,managedservices,qc,billinginquiry-balancetransferpaymentupdate,0.0
kana,centrex,west,billinginquiry-invoiceexplanation,0.0
smartpath,sap,on,billinginquiry-balancetransferpaymentupdate,0.0
pss,businessinternet,on,billinginquiry-balancetransferpaymentupdate,0.0
smartpath,btce,nl,add,0.0
kana,megalink,on,billinginquiry-copyofinvoice,0.0
smartpath,centrex,nb,800features,0.0
kana,siptrunk,sk,change,0.0
ssc,businesslines,west,generalinquiry-transferresponsibility,0.0
kana,businessinternet,on,migration,0.0
ssc,businesslines,ab,billinginquiry-invoiceexplanation,0.0
email,tollfree,west,generalinquiry-othergeneral,0.0
kana,msos365,on,generalinquiry-accountcontractupdate,0.0
eom,businessinternet,on,pcoesamedayexpedite,0.0
eom,globalbusinessinternetdedicated,qc,facilitycheck,0.0
email,warehousesupport,on,smartpathinquiry,0.0
smartpath,siptrunk,on,generalinquiry-accountcontractupdate,0.0
smartpath,businessinternet,qc,agreementregistered,0.0
pss,saput,on,change,0.0
pwo,1fl | 1fl,on,agreementcreationvalidated,0.0
eom,centrex,west,project,0.0
kana,centrex,on,winback,0.0
eom,businessinternetdedicated,east,escpartner,0.0
smartpath,saput,on,billinginquiry-invoiceexplanation,0.0
eom,professionalservices,ab,agreementcreation,0.0
smartpath,datalegacy,on,add,0.0
pss,megalink,on,billinginquiry-copyofinvoice,0.0
smartpath,businesslines,bc,generalinquiry-othergeneral,0.0
eom,businessinternetbrokered,on,agreementcreation,0.0
email,managedservices,intl,disconnect,0.0
kana,managedservices,ns,billinginquiry-copyofinvoice,0.0
smartpath,ethernet,qc,agreementcreationvalidated,0.0
smartpath,ipvpn,on,migration,0.0
smartpath,ipvpn,on,billinginquiry-incorrectrate,0.0
smartpath,businessinternetdedicated,west,agreementregistered,0.0
kana,businesslines,west,generalinquiry-othergeneral,0.0
email,internetconnectservice,west,add,0.0
kana,businessinternet,east,billinginquiry-copyofinvoice,0.0
smartpath,directorylisting,qc,billinginquiry-otherbilling,0.0
smartpath,otherdataservices,ab,billinginquiry-otherbilling,0.0
eom,siptrunk,west,agreementcreation,0.0
ssc,businesslines,ns,generalinquiry-othergeneral,0.0
pwo,businessinternetbrokered,qc,agreementcreation,0.0
eom,localaccesspackage,qc,agreementcreationcomplex,0.0
kana,directorylisting,on,3235,0.0
smartpath,corporategeneralinquiries,on,noactionrequired,0.0
kana,businessinternet,on,billinginquiry-balancetransferpaymentupdate,0.0
ssc,locallink,qc,generalinquiry-othergeneral,0.0
kana,sap,on,new,0.0
ssc,businessinternet,nl,change,0.0
pss,siptrunk,on,disconnect,0.0
smartpath,darkfibre,qc,generalinquiry-othergeneral,0.0
smartpath,adsllas,east,3235,0.0
smartpath,datalegacy,qc,migration,0.0
smartpath,centrex,ns,winback,0.0
eom,siptrunk,west,agreementcreationvalidated,0.0
smartpath,businesslines,on,generalinquiry-directorylistings,0.0
smartpath,btce,qc,billinginquiry-copyofinvoice,0.0
eom,ipvpn,on,billinginquiry-otherbilling,0.0
smartpath,megalink,west,coaching,0.0
pss,ipvpn,qc,billinginquiry-copyofinvoice,0.0
kana,eip,west,add,0.0
smartpath,sap,west,billinginquiry-invoiceexplanation,0.0
smartpath,btce,bc,disconnect,0.0
kana,digitalprivateline,west,generalinquiry-othergeneral,0.0
email,vnet,qc,billinginquiry-otherbilling,0.0
smartpath,businessinternet,west,coaching,0.0
eom,infrastructureservices,qc,agreementregistered,0.0
kana,microlink,west,disconnect,0.0
smartpath,managedsecurityservices,on,change,0.0
smartpath,broadcast,on,generalinquiry-pricingconfirmation,0.0
smartpath,corporatehardwareinquiries,on,billinginquiry,0.0
kana,broadband,west,generalinquiry-othergeneral,0.0
kana,msos365,on,generalinquiry-othergeneral,0.0
smartpath,sap,ab,billinginquiry-otherbilling,0.0
email,ondemandcontactcentre,on,disconnect,0.0
smartpath,btce,ab,migration,0.0
eom,professionalservices,on,agreementcreationvalidated,0.0
email,ipvpn,qc,move,0.0
smartpath,saput,qc,generalinquiry-accountcontractupdate,0.0
smartpath,siptrunk,west,generalinquiry-copyofequipmentrecord,0.0
eom,managedservices,qc,project,0.0
ssc,businesslines,qc,generalinquiry-transferresponsibility,0.0
kana,businessinternet,ab,generalinquiry-othergeneral,0.0
eom,ipvpn,qc,new,0.0
smartpath,businessinternetdedicated,qc,generalinquiry-feasibilityinformation,0.0
eom,tollfree,west,agreementregistered,0.0
pss,switchredirect,on,change,0.0
smartpath,corporatehardwareinquiries,on,ordertrackingstatus,0.0
smartpath,businessinternetdedicated,bc,new,0.0
email,tollfree,on,generalinquiry-othergeneral,0.0
smartpath,megalink,on,billinginquiry-dispute,0.0
kana,businessinternetdedicated,ab,disconnect,0.0
email,corporatereporting,on,orders,0.0
kana,dryloopdsl,on,generalinquiry-othergeneral,0.0
eom,managedservices,on,new,0.0
eom,managedservices,west,pcoesamedayexpedite,0.0
kana,siptrunk,ab,change,0.0
eom,contact centre - integration services,on,agreementcreationvalidated,0.0
smartpath,centrex,qc,move,0.0
ssc,tollfree,qc,billinginquiry-billingaccountupdate,0.0
kana,siptrunk,west,generalinquiry-othergeneral,0.0
smartpath,infrastructureservices,on,billinginquiry-invoiceexplanation,0.0
smartpath,businessinternetdedicated,on,trafficstudy,0.0
kana,businesslines,nb,generalinquiry-othergeneral,0.0
eom,ondemandcontactcentre,qc,generalinquiry-othergeneral,0.0
pss,btce,on,billinginquiry-otherbilling,0.0
kana,sap,on,add,0.0
kana,megalink,on,billinginquiry-otherbilling,0.0
smartpath,businessinternet,qc,escpartner,0.0
smartpath,darkfibre,bc,generalinquiry-accountcontractupdate,0.0
smartpath,ipvpn,on,pricing,0.0
smartpath,businessinternet,on,generalinquiry-othergeneral,0.0
pss,centrex,on,billinginquiry-otherbilling,0.0
email,professionalservices,on,billinginquiry-taxexemption,0.0
smartpath,dedicatedinternetaccess,on,billinginquiry-copyofinvoice,0.0
smartpath,businessinternetdedicated,on,generalinquiry-pricingconfirmation,0.0
email,internetconnectservice,bc,generalinquiry-othergeneral,0.0
smartpath,digitalprivateline,qc,billinginquiry-invoiceexplanation,0.0
smartpath,globalipvpn,on,add,0.0
email,ondemandcontactcentre,mb,change,0.0
eom,vnet,on,agreementcreation,0.0
smartpath,businessinternetbrokered,nb,add,0.0
smartpath,ipvpn,on,billinginquiry-balancetransferpaymentupdate,0.0
smartpath,ipvpn,intl,billinginquiry-otherbilling,0.0
smartpath,btce,on,generalinquiry-directinwardcalling,0.0
eom,wavelength,qc,agreementcreation,0.0
smartpath,dryloopdsl,qc,generalinquiry-othergeneral,0.0
eom,ethernet,west,facilitycheck,0.0
smartpath,centrex,nb,generalinquiry-copyofequipmentrecord,0.0
pss,businessinternetdedicated,on,generalinquiry-othergeneral,0.0
eom,managedservices,on,generalinquiry-othergeneral,0.0
eom,btce,east,new,0.0
smartpath,btce,on,billinginquiry-custombill,0.0
smartpath,businessinternet,nl,billinginquiry-copyofinvoice,0.0
eom,globalipvpn,bc,escpartner,0.0
kana,megalink,on,billinginquiry-balancetransferpaymentupdate,0.0
kana,ethernet,west,new,0.0
kana,businesslines,west,generalinquiry-transferresponsibility,0.0
smartpath,corporatehardwareorders,on,inventoryavailability,0.0
kana,tollfree,qc,generalinquiry-accountcontractupdate,0.0
smartpath,businesslines,nl,change,0.0
kana,businesslines,east,generalinquiry-othergeneral,0.0
email,datacentreandcloud,on,generalinquiry-othergeneral,0.0
kana,megalink,west,generalinquiry-directinwardcalling,0.0
kana,centrex,west,billinginquiry-otherbilling,0.0
eom,globalbusinessinternetdedicated,qc,agreementcreation,0.0
eom,businessinternetbrokered,west,agreementcreation,0.0
smartpath,ipvpn,on,generalinquiry-transferresponsibility,0.0
smartpath,businessinternetdedicated,qc,facilitycheck,0.0
kana,directorylisting,on,add,0.0
smartpath,businessinternet,on,generalinquiry-feasibilityinformation,0.0
smartpath,businesslines,nl,add,0.0
email,webex,ns,disconnect,0.0
smartpath,megalink,ab,generalinquiry-serviceaddressinformation,0.0
smartpath,btce,ns,disconnect,0.0
eom,ondemandcontactcentre,west,agreementcreation,0.0
smartpath,businessinternetdedicated,on,generalinquiry-accountcontractupdate,0.0
pss,msos365,qc,disconnect,0.0
kana,tollfree,qc,generalinquiry-othergeneral,0.0
smartpath,audioconferencing,mb,billinginquiry-dispute,0.0
smartpath,businessinternet,qc,3235,0.0
eom,siptrunk,qc,facilitycheck,0.0
kana,siptrunk,on,generalinquiry-othergeneral,0.0
eom,ethernet,on,agreementcreationvalidated,0.0
eom,1fl | 1fl | megalink | megalink,on,agreementcreation,0.0
smartpath,tollfree,on,billinginquiry-custombill,0.0
kana,siptrunk,on,billinginquiry-copyofinvoice,0.0
email,contactcentre,qc,change,0.0
smartpath,broadband,ab,generalinquiry-accountcontractupdate,0.0
pwo,businessinternetbrokered,saskatchewan,facilitycheck,0.0
pss,businesslines,east,billinginquiry-otherbilling,0.0
kana,bandwidthselect,bc,disconnect,0.0
smartpath,megalink,on,trafficstudy,0.0
smartpath,businesslines,pe,billinginquiry-invoiceexplanation,0.0
smartpath,vnet,qc,coaching,0.0
smartpath,megalink,qc,billinginquiry-otherbilling,0.0
email,managedservices,qc,disconnect,0.0
pss,businesslines,on,billinginquiry-otherbilling,0.0
ssc,businessinternetdedicated,on,billinginquiry-copyofinvoice,0.0
eom,virtualnetworkservices,on,agreementregistered,0.0
smartpath,wavelength,on,generalinquiry-accountcontractupdate,0.0
smartpath,centrex,east,generalinquiry-othergeneral,0.0
smartpath,infrastructureservices,qc,coaching,0.0
kana,ethernet,qc,new,0.0
pss,switchredirect,qc,change,0.0
smartpath,localaccesspackage,on,billinginquiry-billingaccountupdate,0.0
email,corporatehardwareorders,bc,hardwareorderchange,0.0
eom,vnet,qc,agreementregistered,0.0
eom,ipvpn,intl,facilitycheck,0.0
pss,otherdataservices,west,billinginquiry-otherbilling,0.0
eom,professionalservices,west,agreementcreation,0.0
pss,siptrunk,on,billinginquiry-otherbilling,0.0
kana,ethernet,qc,disconnect,0.0
smartpath,businesslines,qc,agreementregistered,0.0
kana,businesslines,east,disconnect,0.0
eom,localaccesspackage,qc,agreementcreationvalidated,0.0
eom,ipvpn,on,agreementcreationcomplex,0.0
kana,tollfree,on,disconnect,0.0
kana,businesslines,on,generalinquiry-transferresponsibility,0.0
smartpath,businessinternetbrokered,qc,billinginquiry-balancetransferpaymentupdate,0.0
smartpath,businesslines,bc,billinginquiry-otherbilling,0.0
eom,ethernet,on,facilitycheck,0.0
kana,centrex,on,generalinquiry-copyofequipmentrecord,0.0
kana,globalipvpn,qc,generalinquiry-othergeneral,0.0
smartpath,globalipvpn,qc,generalinquiry-feasibilityinformation,0.0
smartpath,businessinternet,on,suspension,0.0
eom,professionalservices,qc,pcoesamedayexpedite,0.0
kana,businessinternetdedicated,east,billinginquiry-otherbilling,0.0
smartpath,businessinternet,nb,facilitycheck,0.0
pss,btce,on,generalinquiry-accountcontractupdate,0.0
smartpath,managedservices,on,generalinquiry-transferresponsibility,0.0
smartpath,siptrunk,qc,portout,0.0
smartpath,btce,ns,generalinquiry-copyofequipmentrecord,0.0
smartpath,businesslines,qc,generalinquiry-copyofequipmentrecord,0.0
kana,datalegacy,sk,disconnect,0.0
smartpath,businesslines,ab,billinginquiry-billingaccountupdate,0.0
kana,globalbusinessinternetdedicated,intl,generalinquiry-othergeneral,0.0
smartpath,businesslines,on,portout,0.0
smartpath,businessinternetbrokered,on,billinginquiry-copyofinvoice,0.0
eom,professionalservices,on,new,0.0
ssc,btce,mb,move,0.0
ssc,businesslines,bc,generalinquiry-directinwardcalling,0.0
smartpath,businessinternetbrokered,ab,generalinquiry-serviceaddressinformation,0.0
smartpath,ondemandcontactcentre,on,billinginquiry-otherbilling,0.0
smartpath,btce,west,move,0.0
eom,digitalprivateline,on,agreementcreation,0.0
pss,businessinternetdedicated,west,generalinquiry-othergeneral,0.0
kana,megalink,west,billinginquiry-copyofinvoice,0.0
pwo,businessinternet,on,agreementcreationvalidated,0.0
ssc,ethernet,on,generalinquiry-serviceaddressinformation,0.0
smartpath,corporatehardwareorders,on,billinginquiry,0.0
smartpath,ipvpn,on,facilitycheck,0.0
smartpath,managedsecurityservices,qc,coaching,0.0
smartpath,businesslines,qc,billinginquiry-obmsupport,0.0
smartpath,corporateaccountservice,ab,accountservicerep,0.0
kana,vnet,west,change,0.0
smartpath,businessinternet,ns,disconnect,0.0
smartpath,infrastructureservices,east,coaching,0.0
eom,ipvpn,sk,agreementcreation,0.0
smartpath,broadband,west,coaching,0.0
pss,btce,west,billinginquiry-otherbilling,0.0
eom,localaccesspackage,on,facilitycheck,0.0
kana,centrex,on,generalinquiry-accountcontractupdate,0.0
eom,professionalservices,qc,agreementcreation,0.0
eom,businessinternet,on,project,0.0
eom,businessinternetdedicated,qc,agreementregistered,0.0
eom,siptrunk,on,agreementcreation,0.0
smartpath,globalprivateline,intl,disconnect,0.0
pss,centrex,on,move,0.0
smartpath,ethernet,qc,generalinquiry-transferresponsibility,0.0
kana,sap,east,billinginquiry-otherbilling,0.0
smartpath,centrex,on,billinginquiry-dispute,0.0
eom,businessinternetdedicated,bc,generalinquiry-othergeneral,0.0
smartpath,ondemandcontactcentre,nb,add,0.0
smartpath,businessinternet,ab,billinginquiry-copyofinvoice,0.0
smartpath,centrex,nb,disconnect,0.0
smartpath,managedservices,west,disconnect,0.0
email,professionalservices,qc,billinginquiry-obmsupport,0.0
smartpath,managedservices,qc,generalinquiry-pricingconfirmation,0.0
smartpath,businesslines,intl,billinginquiry-balancetransferpaymentupdate,0.0
kana,centrex,on,disconnect,0.0
smartpath,businessinternetbrokered,ab,generalinquiry-othergeneral,0.0
ssc,btce,on,generalinquiry-accountcontractupdate,0.0
email,payphone,qc,disconnect,0.0
smartpath,bellmanagedservicesforciscomeraki,on,disconnect,0.0
smartpath,broadband,ab,coaching,0.0
smartpath,microlink,west,generalinquiry-othergeneral,0.0
smartpath,megalink,on,agreementcreation,0.0
pwo,businessinternetbrokered,on,agreementcreation,0.0
eom,wavelength,qc,facilitycheck,0.0
kana,vnet,bc,change,0.0
smartpath,localaccesspackage,qc,add,0.0
smartpath,businessinternet,on,winback,0.0
smartpath,businesslines,mb,generalinquiry-transferresponsibility,0.0
smartpath,msos365,qc,coaching,0.0
eom,globalbusinessinternetservice,west,facilitycheck,0.0
pss,btce,on,generalinquiry-othergeneral,0.0
smartpath,businessinternetdedicated,on,billinginquiry-otherbilling,0.0
smartpath,corporateaccountservice,on,serviceandrepair,0.0
eom,eip,west,agreementregistered,0.0
eom,tollfreeinternational,on,agreementcreation,0.0
kana,tollfree,mb,generalinquiry-othergeneral,0.0
smartpath,btce,west,change,0.0
ssc,siptrunk,intl,add,0.0
kana,tollfree,west,billinginquiry-otherbilling,0.0
kana,dryloopdsl,on,new,0.0
smartpath,managedservices,qc,move,0.0
smartpath,payphone,ab,disconnect,0.0
eom,globalbusinessinternetdedicated,qc,generalinquiry-othergeneral,0.0
smartpath,tollfree,on,coaching,0.0
kana,microlink,qc,disconnect,0.0
smartpath,sap,ns,billinginquiry-balancetransferpaymentupdate,0.0
eom,megalink,on,escpartner,0.0
eom,globalipvpn,new brunswick,pricing,0.0
smartpath,businesslines,on,agreementcreationcomplex,0.0
smartpath,ondemandcontactcentre,on,move,0.0
kana,wavelength,west,move,0.0
kana,resellerinternet,on,add,0.0
kana,directorylisting,west,bliffman,0.0
smartpath,businessinternetbrokered,qc,add,0.0
kana,directorylisting,east,generalinquiry-othergeneral,0.0
kana,centrex,on,billinginquiry-balancetransferpaymentupdate,0.0
pwo,businessinternetbrokered,bc,new,0.0
ssc,otherdataservices,on,billinginquiry-billingaccountupdate,0.0
eom,professionalservices,east,agreementcreation,0.0
smartpath,siptrunk,nb,generalinquiry-directorylistings,0.0
ssc,businessinternet,on,generalinquiry-copyofequipmentrecord,0.0
email,wavelength,intl,facilitycheck,0.0
kana,ipvpn,on,facilitycheck,0.0
smartpath,businesslines,ns,generalinquiry-othergeneral,0.0
smartpath,professionalservices,qc,billinginquiry-copyofinvoice,0.0
smartpath,ethernet,on,generalinquiry-accountcontractupdate,0.0
eom,niceincontactcxone,on,pcoesamedayexpedite,0.0
email,warehousesupport,on,ordertrackingstatus,0.0
eom,businessinternetbrokered,qc,agreementcreation,0.0
smartpath,managedservices,ns,add,0.0
kana,businessinternet,east,generalinquiry-othergeneral,0.0
pwo,btce,qc,agreementcreation,0.0
eom,datalegacy,west,new,0.0
smartpath,businessinternetbrokered,ab,change,0.0
smartpath,siptrunk,on,generalinquiry-serviceaddressinformation,0.0
smartpath,businesslines,east,billinginquiry-otherbilling,0.0
kana,businessinternetbrokered,on,billinginquiry-copyofinvoice,0.0
smartpath,businesslines,ns,billinginquiry-incorrectrate,0.0
smartpath,wavelength,intl,facilitycheck,0.0
ssc,ipvpn,pe,change,0.0
smartpath,professionalservices,qc,generalinquiry-accountcontractupdate,0.0
smartpath,megalink,nl,facilitycheck,0.0
smartpath,msos365,east,coaching,0.0
pss,tollfree,mb,disconnect,0.0
smartpath,businesslines,on,move,0.0
ssc,btce,east,billinginquiry-balancetransferpaymentupdate,0.0
smartpath,centrex,east,billinginquiry-otherbilling,0.0
smartpath,ethernet,on,facilitycheck,0.0
smartpath,microlink,on,disconnect,0.0
smartpath,businessinternetdedicated,nl,change,0.0
smartpath,eip,bc,disconnect,0.0
smartpath,dedicatedinternetaccess,on,disconnect,0.0
ssc,businessinternetdedicated,qc,generalinquiry-serviceaddressinformation,0.0
smartpath,localaccesspackage,west,billinginquiry-balancetransferpaymentupdate,0.0
ssc,businessinternetdedicated,qc,add,0.0
smartpath,tollfree,qc,add,0.0
smartpath,ipvpn,west,generalinquiry-transferresponsibility,0.0
smartpath,localaccesspackage,qc,winback,0.0
kana,tollfree,qc,disconnect,0.0
ssc,businesslines,on,billinginquiry-otherbilling,0.0
smartpath,businessinternet,ns,billinginquiry-invoiceexplanation,0.0
ssc,tollfree,west,billinginquiry-invoiceexplanation,0.0
smartpath,corporategeneralinquiries,on,hardwareorderchange,0.0
smartpath,siptrunk,bc,migration,0.0
smartpath,megalink,on,generalinquiry-reseller,0.0
ssc,locallink,east,billinginquiry-otherbilling,0.0
smartpath,corporatereporting,on,noactionrequired,0.0
smartpath,centrex,nl,billinginquiry-dslpromo,0.0
smartpath,megalink,nb,disconnect,0.0
smartpath,siptrunk,on,generalinquiry-transferresponsibility,0.0
smartpath,ipvpn,on,billinginquiry-billingaccountupdate,0.0
smartpath,conferencingservices,on,billinginquiry-billingaccountupdate,0.0
smartpath,broadband,bc,billinginquiry-otherbilling,0.0
smartpath,businessinternet,qc,generalinquiry-reseller,0.0
smartpath,businessinternetbrokered,ab,new,0.0
smartpath,megalink,qc,billinginquiry-billingaccountupdate,0.0
smartpath,managedservices,east,coaching,0.0
smartpath,sap,qc,move,0.0
smartpath,megalink,on,billinginquiry-balancetransferpaymentupdate,0.0
smartpath,siptrunk,nl,new,0.0
smartpath,businesslines,ab,billinginquiry-invoiceexplanation,0.0
pwo,localaccesspackage,west,agreementcreation,0.0
smartpath,megalink,bc,billinginquiry-invoiceexplanation,0.0
smartpath,businesslines,nb,billinginquiry-custombill,0.0
ssc,megalink,qc,billinginquiry-copyofinvoice,0.0
smartpath,megalink,qc,agreementcreation,0.0
ssc,ethernet,on,billinginquiry-incorrectrate,0.0
smartpath,switchredirect,ab,coaching,0.0
smartpath,centrex,nb,generalinquiry-directorylistings,0.0
smartpath,ethernet,qc,billinginquiry-balancetransferpaymentupdate,0.0
smartpath,megalink,bc,billinginquiry-billingaccountupdate,0.0
smartpath,switchredirect,qc,add,0.0
ssc,ethernet,nl,add,0.0
ssc,businesslines,west,generalinquiry-copyofequipmentrecord,0.0
smartpath,megalink,nl,generalinquiry-othergeneral,0.0
smartpath,centrex,qc,billinginquiry-otherbilling,0.0
smartpath,tollfreeinternational,qc,disconnect,0.0
smartpath,resellerinternet,qc,generalinquiry-reseller,0.0
smartpath,infrastructureservices,on,billinginquiry-copyofinvoice,0.0
smartpath,businessinternetbrokered,west,generalinquiry-othergeneral,0.0
smartpath,switchredirect,on,add,0.0
smartpath,ondemandcontactcentre,on,billinginquiry-banrequest,0.0
smartpath,tollfreeinternational,intl,billinginquiry-otherbilling,0.0
smartpath,centrex,nl,new,0.0
smartpath,businessinternetbrokered,bc,disconnect,0.0
smartpath,globalipvpn,on,disconnect,0.0
smartpath,virtualnetworkservices,on,add,0.0
ssc,centrex,qc,billinginquiry-balancetransferpaymentupdate,0.0
ssc,tollfree,mb,billinginquiry-billingaccountupdate,0.0
smartpath,switchredirect,on,billinginquiry-billingaccountupdate,0.0
ssc,businessinternetdedicated,on,generalinquiry-serviceaddressinformation,0.0
ssc,businessinternetdedicated,west,billinginquiry-balancetransferpaymentupdate,0.0
ssc,businessinternet,west,generalinquiry-copyofequipmentrecord,0.0
smartpath,megalink,qc,generalinquiry-transferresponsibility,0.0
ssc,businesslines,qc,billinginquiry-balancetransferpaymentupdate,0.0
ssc,businessinternet,west,billinginquiry-invoiceexplanation,0.0
smartpath,resellerinternet,on,billinginquiry-otherbilling,0.0
ssc,megalink,bc,generalinquiry-directinwardcalling,0.0
smartpath,siptrunk,qc,agreementcreation,0.0
smartpath,businesslines,on,generalinquiry-portin,0.0
ssc,businessinternet,west,generalinquiry-othergeneral,0.0
ssc,btce,qc,generalinquiry-transferresponsibility,0.0
ssc,siptrunk,qc,billinginquiry-balancetransferpaymentupdate,0.0
ssc,locallink,on,add,0.0
ssc,ipvpn,pe,disconnect,0.0
smartpath,darkfibre,qc,change,0.0
ssc,megalink,on,billinginquiry-otherbilling,0.0
ssc,businessinternetdedicated,west,generalinquiry-pricingconfirmation,0.0
smartpath,megalink,bc,generalinquiry-pricingconfirmation,0.0
smartpath,sap,on,billinginquiry-dispute,0.0
ssc,siptrunk,on,generalinquiry-serviceaddressinformation,0.0
smartpath,msos365,qc,billinginquiry-invoiceexplanation,0.0
smartpath,tollfreeinternational,qc,billinginquiry-otherbilling,0.0
smartpath,datalegacy,on,migration,0.0
smartpath,megalink,on,billinginquiry-otherbilling,0.0
ssc,businessinternetdedicated,on,move,0.0
smartpath,sap,on,billinginquiry-invoiceexplanation,0.0
pss,megalink,on,generalinquiry-othergeneral,0.0
smartpath,siptrunk,on,generalinquiry-directorylistings,0.0
smartpath,businesslines,qc,coaching,0.0
smartpath,ethernet,west,generalinquiry-othergeneral,0.0
smartpath,ipvpn,intl,generalinquiry-othergeneral,0.0
ssc,siptrunk,pe,add,0.0
smartpath,centrex,qc,generalinquiry-accountcontractupdate,0.0
smartpath,businesslines,west,generalinquiry-othergeneral,0.0
smartpath,ondemandcontactcentre,mb,add,0.0
ssc,tollfree,on,generalinquiry-transferresponsibility,0.0
smartpath,siptrunk,qc,generalinquiry-othergeneral,0.0
smartpath,sap,on,billinginquiry-billingaccountupdate,0.0
ssc,businesslines,west,generalinquiry-othergeneral,0.0
ssc,megalink,bc,generalinquiry-copyofequipmentrecord,0.0
smartpath,tollfree,east,disconnect,0.0
ssc,digitalprivateline,on,generalinquiry-othergeneral,0.0
smartpath,corporatehardwareorders,on,requestimei,0.0
smartpath,businesslines,on,migration,0.0
ssc,businessinternet,on,generalinquiry-othergeneral,0.0
smartpath,btce,pe,change,0.0
smartpath,businessinternetdedicated,on,winback,0.0
smartpath,tollfree,west,generalinquiry-serviceaddressinformation,0.0
smartpath,otherdataservices,on,billinginquiry-otherbilling,0.0
smartpath,directorylisting,on,billinginquiry-otherbilling,0.0
ssc,megalink,qc,generalinquiry-feasibilityinformation,0.0
ssc,eip,ns,disconnect,0.0
ssc,btce,west,generalinquiry-othergeneral,0.0
smartpath,businessinternetbrokered,on,billinginquiry-otherbilling,0.0
ssc,centrex,on,billinginquiry-billingaccountupdate,0.0
smartpath,businesslines,on,t30,0.0
smartpath,corporategeneralinquiries,on,deploymentnewactivation,0.0
smartpath,ipvpn,on,generalinquiry-pricingconfirmation,0.0
smartpath,btce,mb,change,0.0
smartpath,businessinternetdedicated,qc,escpartner,0.0
smartpath,ondemandcontactcentre,on,coaching,0.0
smartpath,datalegacy,on,disconnect,0.0
ssc,siptrunk,sk,add,0.0
ssc,businesslines,ab,generalinquiry-serviceaddressinformation,0.0
smartpath,datalegacy,west,generalinquiry-copyofequipmentrecord,0.0
smartpath,globalipvpn,qc,billinginquiry-otherbilling,0.0
smartpath,dedicatedinternetaccess,qc,generalinquiry-othergeneral,0.0
ssc,megalink,west,generalinquiry-directinwardcalling,0.0
smartpath,wavelength,qc,coaching,0.0
smartpath,msos365,on,generalinquiry-accountcontractupdate,0.0
smartpath,businesslines,nb,generalinquiry-accountcontractupdate,0.0
smartpath,datacentreandcloud,ns,generalinquiry-othergeneral,0.0
smartpath,ipvpn,on,generalinquiry-serviceaddressinformation,0.0
smartpath,ipvpn,on,billinginquiry-dispute,0.0
smartpath,businesslines,on,billinginquiry-balancetransferpaymentupdate,0.0
smartpath,tollfree,ab,coaching,0.0
ssc,businesslines,qc,generalinquiry-othergeneral,0.0
smartpath,tollfree,on,billinginquiry-invoiceexplanation,0.0
ssc,businesslines,east,change,0.0
smartpath,corporatehardwareorders,on,mobilenumberchange,0.0
ssc,btce,west,billinginquiry-billingaccountupdate,0.0
smartpath,infrastructureservices,qc,agreementregistered,0.0
smartpath,businessinternetbrokered,on,billinginquiry-custombill,0.0
smartpath,siptrunk,mb,add,0.0
ssc,ipvpn,intl,generalinquiry-accountcontractupdate,0.0
ssc,siptrunk,west,add,0.0
smartpath,siptrunk,bc,generalinquiry-feasibilityinformation,0.0
ssc,locallink,qc,generalinquiry-directorylistings,0.0
ssc,tollfree,west,generalinquiry-pricingconfirmation,0.0
ssc,centrex,on,generalinquiry-copyofequipmentrecord,0.0
ssc,businessinternetdedicated,nl,disconnect,0.0
ssc,tollfree,west,generalinquiry-accountcontractupdate,0.0
ssc,megalink,mb,change,0.0
smartpath,siptrunk,bc,winback,0.0
smartpath,megalink,nb,generalinquiry-othergeneral,0.0
smartpath,professionalservices,east,billinginquiry-billingaccountupdate,0.0
smartpath,professionalservices,qc,coaching,0.0
ssc,ipvpn,on,move,0.0
smartpath,ipvpn,qc,agreementcreation,0.0
ssc,otherdataservices,qc,generalinquiry-accountcontractupdate,0.0
smartpath,localaccesspackage,ns,billinginquiry-otherbilling,0.0
smartpath,centrex,nb,billinginquiry-balancetransferpaymentupdate,0.0
smartpath,siptrunk,on,generalinquiry-copyofequipmentrecord,0.0
smartpath,businessinternetdedicated,east,generalinquiry-othergeneral,0.0
smartpath,megalink,ab,coaching,0.0
ssc,btce,on,billinginquiry-otherbilling,0.0
ssc,businessinternet,east,generalinquiry-serviceaddressinformation,0.0
smartpath,businessinternet,on,serviceassurance,0.0
smartpath,datalegacy,west,billinginquiry-otherbilling,0.0
kana,megalink,qc,billinginquiry-invoiceexplanation,0.0
ssc,tollfree,qc,billinginquiry-invoiceexplanation,0.0
smartpath,globalipvpn,on,billinginquiry-otherbilling,0.0
smartpath,megalink,bc,facilitycheck,0.0
smartpath,businessinternetdedicated,bc,generalinquiry-serviceaddressinformation,0.0
pwo,businessinternet,on,facilitycheck,0.0
smartpath,tollfree,on,billinginquiry-otherbilling,0.0
smartpath,professionalservices,on,billinginquiry-obmsupport,0.0
smartpath,infrastructureservices,bc,billinginquiry-copyofinvoice,0.0
ssc,ethernet,west,billinginquiry-copyofinvoice,0.0
ssc,businesslines,ab,generalinquiry-directinwardcalling,0.0
ssc,locallink,qc,generalinquiry-directinwardcalling,0.0
ssc,ipvpn,on,billinginquiry-billingaccountupdate,0.0
smartpath,datalegacy,on,billinginquiry-dispute,0.0
ssc,businessinternetdedicated,qc,billinginquiry-incorrectrate,0.0
ssc,wavelength,on,generalinquiry-othergeneral,0.0
smartpath,businesslines,west,generalinquiry-reseller,0.0
smartpath,businesslines,west,billinginquiry-balancetransferpaymentupdate,0.0
smartpath,businessinternetbrokered,west,add,0.0
ssc,btce,qc,generalinquiry-feasibilityinformation,0.0
ssc,ipvpn,west,generalinquiry-serviceaddressinformation,0.0
ssc,businessinternet,on,billinginquiry-otherbilling,0.0
smartpath,siptrunk,west,winback,0.0
smartpath,localaccesspackage,qc,generalinquiry-portin,0.0
smartpath,warehousesupport,on,status,0.0
smartpath,managedservices,bc,billinginquiry-balancetransferpaymentupdate,0.0
ssc,ethernet,on,generalinquiry-accountcontractupdate,0.0
ssc,siptrunk,west,billinginquiry-otherbilling,0.0
smartpath,siptrunk,sk,add,0.0
smartpath,infrastructureservices,qc,billinginquiry-copyofinvoice,0.0
ssc,businesslines,nb,generalinquiry-transferresponsibility,0.0
smartpath,dedicatedinternetaccess,on,billinginquiry-dispute,0.0
smartpath,businessinternetdedicated,mb,facilitycheck,0.0
ssc,businessinternet,qc,billinginquiry-invoiceexplanation,0.0
smartpath,vnet,west,billinginquiry-invoiceexplanation,0.0
smartpath,btce,west,disconnect,0.0
smartpath,businesslines,qc,agreementcreationvalidated,0.0
ssc,tollfree,intl,generalinquiry-accountcontractupdate,0.0
ssc,businesslines,qc,generalinquiry-feasibilityinformation,0.0
ssc,ethernet,west,billinginquiry-balancetransferpaymentupdate,0.0
ssc,businesslines,qc,billinginquiry-copyofinvoice,0.0
smartpath,tollfree,nu,billinginquiry-copyofinvoice,0.0
smartpath,directorylisting,on,coaching,0.0
smartpath,broadband,east,billinginquiry-incorrectrate,0.0
smartpath,tollfree,nb,change,0.0
ssc,businesslines,qc,generalinquiry-serviceaddressinformation,0.0
smartpath,webex,on,add,0.0
smartpath,businessinternetdedicated,qc,billinginquiry-obmsupport,0.0
smartpath,businessinternet,qc,coaching,0.0
ssc,otherdataservices,west,billinginquiry-invoiceexplanation,0.0
smartpath,siptrunk,ns,add,0.0
smartpath,btce,bc,coaching,0.0
ssc,megalink,nb,generalinquiry-copyofequipmentrecord,0.0
smartpath,directorylisting,on,generalinquiry-reseller,0.0
smartpath,globalprivateline,ab,facilitycheck,0.0
ssc,megalink,on,generalinquiry-serviceaddressinformation,0.0
smartpath,managedservices,sk,change,0.0
smartpath,megalink,ab,generalinquiry-othergeneral,0.0
ssc,locallink,on,generalinquiry-feasibilityinformation,0.0
ssc,businessinternetdedicated,bc,change,0.0
smartpath,wavelength,west,coaching,0.0
ssc,businessinternet,west,billinginquiry-balancetransferpaymentupdate,0.0
smartpath,centrex,on,generalinquiry-transferresponsibility,0.0
ssc,businesslines,nb,generalinquiry-othergeneral,0.0
smartpath,professionalservices,on,billinginquiry-invoiceexplanation,0.0
smartpath,tollfreeinternational,on,billinginquiry-copyofinvoice,0.0
smartpath,professionalservices,on,billinginquiry-balancetransferpaymentupdate,0.0
smartpath,ipvpn,ab,billinginquiry-balancetransferpaymentupdate,0.0
kana,megalink,qc,billinginquiry-billingaccountupdate,0.0
smartpath,businessinternetbrokered,qc,facilitycheck,0.0
smartpath,siptrunk,nb,disconnect,0.0
smartpath,corporateaccountservice,qc,requestimei,0.0
smartpath,megalink,on,portout,0.0
smartpath,audioconferencing,on,billinginquiry-invoiceexplanation,0.0
smartpath,digitalprivateline,qc,add,0.0
smartpath,datalegacy,qc,new,0.0
smartpath,switchredirect,on,billinginquiry-otherbilling,0.0
smartpath,infrastructureservices,on,billinginquiry-balancetransferpaymentupdate,0.0
ssc,businessinternetdedicated,qc,billinginquiry-copyofinvoice,0.0
smartpath,globalipvpn,intl,coaching,0.0
smartpath,ipvpn,qc,pricing,0.0
ssc,ipvpn,intl,billinginquiry-copyofinvoice,0.0
smartpath,infrastructureservices,nl,coaching,0.0
smartpath,wavelength,ab,billinginquiry-copyofinvoice,0.0
ssc,businessinternet,on,generalinquiry-pricingconfirmation,0.0
smartpath,datalegacy,on,move,0.0
smartpath,megalink,on,generalinquiry-serviceaddressinformation,0.0
smartpath,ipvpn,on,trafficstudy,0.0
smartpath,btce,ab,generalinquiry-othergeneral,0.0
smartpath,saput,on,billinginquiry-otherbilling,0.0
ssc,businesslines,nl,change,0.0
pss,sap,qc,change,0.0
smartpath,btce,on,change,0.0
ssc,tollfree,on,generalinquiry-serviceaddressinformation,0.0
pwo,businessinternetdedicated,west,agreementregistered,0.0
smartpath,datalegacy,qc,move,0.0
kana,tollfree,on,migration,0.0
smartpath,ethernet,on,disconnect,0.0
smartpath,eip,west,coaching,0.0
smartpath,businessinternetdedicated,west,generalinquiry-serviceaddressinformation,0.0
smartpath,businesslines,on,reconnection,0.0
ssc,businessinternet,mb,change,0.0
smartpath,localaccesspackage,on,generalinquiry-reseller,0.0
smartpath,sap,on,generalinquiry-transferresponsibility,0.0
smartpath,centrex,nb,billinginquiry-copyofinvoice,0.0
smartpath,webex,qc,billinginquiry-custombill,0.0
smartpath,businesslines,on,facilitycheck,0.0
ssc,siptrunk,west,billinginquiry-billingaccountupdate,0.0
ssc,otherdataservices,on,generalinquiry-feasibilityinformation,0.0
smartpath,businessinternet,on,pricing,0.0
smartpath,centrex,on,billinginquiry-billingaccountupdate,0.0
smartpath,datalegacy,on,winback,0.0
ssc,businessinternet,on,billinginquiry-invoiceexplanation,0.0
ssc,locallink,qc,generalinquiry-copyofequipmentrecord,0.0
smartpath,internetconnectservice,bc,facilitycheck,0.0
smartpath,businessinternet,east,coaching,0.0
ssc,businessinternet,qc,billinginquiry-otherbilling,0.0
smartpath,businesslines,nb,billinginquiry-otherbilling,0.0
ssc,btce,qc,billinginquiry-copyofinvoice,0.0
smartpath,businessinternet,qc,pricing,0.0
ssc,businessinternet,east,billinginquiry-copyofinvoice,0.0
ssc,ethernet,qc,billinginquiry-otherbilling,0.0
smartpath,globalipvpn,east,change,0.0
smartpath,sap,on,billinginquiry-copyofinvoice,0.0
smartpath,siptrunk,on,change,0.0
ssc,siptrunk,on,generalinquiry-copyofequipmentrecord,0.0
smartpath,centrex,qc,trafficstudy,0.0
ssc,siptrunk,on,generalinquiry-accountcontractupdate,0.0
smartpath,professionalservices,nb,generalinquiry-accountcontractupdate,0.0
smartpath,corporatehardwareinquiries,on,pricechange,0.0
smartpath,vnet,qc,change,0.0
smartpath,saput,qc,billinginquiry-invoiceexplanation,0.0
smartpath,ondemandcontactcentre,ab,new,0.0
ssc,businessinternetdedicated,qc,generalinquiry-pricingconfirmation,0.0
smartpath,businesslines,mb,generalinquiry-othergeneral,0.0
smartpath,msos365,nb,billinginquiry-otherbilling,0.0
smartpath,corporatehardwareorders,bc,newactivationportin,0.0
smartpath,eip,on,coaching,0.0
ssc,siptrunk,qc,generalinquiry-othergeneral,0.0
ssc,businessinternetdedicated,qc,billinginquiry-billingaccountupdate,0.0
smartpath,corporatehardwareorders,bc,movesubscriber,0.0
smartpath,btce,ab,generalinquiry-accountcontractupdate,0.0
smartpath,managedservices,qc,change,0.0
ssc,businessinternet,west,change,0.0
smartpath,tollfree,nb,disconnect,0.0
smartpath,ethernet,mb,coaching,0.0
smartpath,btce,ns,generalinquiry-othergeneral,0.0
ssc,megalink,ab,generalinquiry-othergeneral,0.0
smartpath,businesslines,nl,new,0.0
smartpath,ondemandcontactcentre,ab,generalinquiry-othergeneral,0.0
smartpath,megalink,bc,generalinquiry-transferresponsibility,0.0
pss,megalink,west,generalinquiry-othergeneral,0.0
smartpath,professionalservices,nb,billinginquiry-invoiceexplanation,0.0
smartpath,businessinternetdedicated,mb,generalinquiry-serviceaddressinformation,0.0
smartpath,dedicatedinternetaccess,on,billinginquiry-otherbilling,0.0
smartpath,localaccesspackage,qc,coaching,0.0
kana,localaccesspackage,on,billinginquiry-otherbilling,0.0
smartpath,megalink,bc,generalinquiry-othergeneral,0.0
ssc,businessinternetdedicated,west,generalinquiry-feasibilityinformation,0.0
smartpath,directorylisting,qc,glct,0.0
ssc,ipvpn,west,generalinquiry-othergeneral,0.0
smartpath,tollfree,qc,disconnect,0.0
smartpath,btce,qc,generalinquiry-othergeneral,0.0
smartpath,megalink,bc,new,0.0
smartpath,tollfree,intl,billinginquiry-billingaccountupdate,0.0
smartpath,datalegacy,on,billinginquiry-billingaccountupdate,0.0
smartpath,msos365,on,add,0.0
smartpath,businesslines,on,billinginquiry-banrequest,0.0
kana,siptrunk,ab,generalinquiry-othergeneral,0.0
smartpath,locallink,qc,billinginquiry-otherbilling,0.0
smartpath,wavelength,on,billinginquiry-otherbilling,0.0
smartpath,btce,mb,generalinquiry-othergeneral,0.0
smartpath,tollfree,on,billinginquiry-billingaccountupdate,0.0
smartpath,businessinternetbrokered,mb,add,0.0
smartpath,businesslines,ab,generalinquiry-serviceaddressinformation,0.0
smartpath,businessinternetdedicated,on,billinginquiry-copyofinvoice,0.0
smartpath,corporatehardwareorders,on,new,0.0
smartpath,siptrunk,nb,migration,0.0
ssc,businesslines,east,billinginquiry-otherbilling,0.0
smartpath,siptrunk,qc,generalinquiry-accountcontractupdate,0.0
smartpath,businessinternetdedicated,west,add,0.0
ssc,tollfree,west,billinginquiry-billingaccountupdate,0.0
ssc,businesslines,nl,generalinquiry-serviceaddressinformation,0.0
smartpath,ethernetinternetworkinglite,qc,coaching,0.0
smartpath,businessinternetbrokered,ns,coaching,0.0
smartpath,businesslines,west,change,0.0
smartpath,megalink,bc,generalinquiry-directinwardcalling,0.0
smartpath,managedservices,sk,add,0.0
smartpath,businessinternet,bc,billinginquiry-otherbilling,0.0
smartpath,locallink,qc,generalinquiry-reseller,0.0
smartpath,siptrunk,on,coaching,0.0
ssc,megalink,ns,generalinquiry-copyofequipmentrecord,0.0
smartpath,sap,qc,new,0.0
smartpath,ethernetaccessservice,on,disconnect,0.0
smartpath,globalipvpn,east,billinginquiry-invoiceexplanation,0.0
ssc,tollfree,intl,add,0.0
smartpath,businesslines,qc,facilitycheck,0.0
smartpath,broadband,bc,agreementcreationcomplex,0.0
ssc,megalink,bc,generalinquiry-othergeneral,0.0
ssc,ipvpn,nb,disconnect,0.0
smartpath,btce,ns,billinginquiry-balancetransferpaymentupdate,0.0
smartpath,businesslines,nb,pricing,0.0
smartpath,businessinternetdedicated,on,generalinquiry-othergeneral,0.0
ssc,megalink,west,billinginquiry-billingaccountupdate,0.0
smartpath,ethernet,ab,move,0.0
smartpath,directorylisting,qc,generalinquiry-pricingconfirmation,0.0
ssc,ipvpn,intl,generalinquiry-pricingconfirmation,0.0
ssc,businessinternet,qc,generalinquiry-transferresponsibility,0.0
smartpath,businessinternetdedicated,on,migration,0.0
smartpath,ondemandcontactcentre,bc,billinginquiry-balancetransferpaymentupdate,0.0
smartpath,broadband,ns,generalinquiry-othergeneral,0.0
smartpath,businesslines,mb,billinginquiry-balancetransferpaymentupdate,0.0
smartpath,digitalprivateline,on,generalinquiry-othergeneral,0.0
smartpath,businesslines,ab,billinginquiry-copyofinvoice,0.0
smartpath,resellerinternet,bc,escpartner,0.0
pss,ipvpn,on,generalinquiry-othergeneral,0.0
ssc,centrex,west,billinginquiry-invoiceexplanation,0.0
smartpath,centrex,west,reconnection,0.0
smartpath,datalegacy,nl,disconnect,0.0
ssc,eip,on,billinginquiry-otherbilling,0.0
ssc,btce,qc,generalinquiry-accountcontractupdate,0.0
pwo,businessinternetbrokered,bc,facilitycheck,0.0
smartpath,centrex,on,agreementcreation,0.0
ssc,siptrunk,west,generalinquiry-transferresponsibility,0.0
smartpath,businessinternet,qc,billinginquiry-otherbilling,0.0
smartpath,businessinternetbrokered,east,coaching,0.0
smartpath,corporateaccountservice,on,accountservicerep,0.0
ssc,megalink,qc,generalinquiry-directinwardcalling,0.0
pss,businesslines,on,generalinquiry-othergeneral,0.0
smartpath,eip,ab,coaching,0.0
pwo,businessinternetbrokered,east,new,0.0
smartpath,businesslines,on,icreditrequest,0.0
ssc,siptrunk,qc,billinginquiry-invoiceexplanation,0.0
ssc,tollfree,west,billinginquiry-otherbilling,0.0
smartpath,megalink,nl,change,0.0
ssc,ethernet,on,billinginquiry-balancetransferpaymentupdate,0.0
smartpath,corporateaccountservice,on,hardwareordercancel,0.0
smartpath,globalipvpn,on,coaching,0.0
smartpath,wavelength,on,agreementregistered,0.0
smartpath,centrex,west,coaching,0.0
smartpath,sap,qc,add,0.0
smartpath,eip,bc,change,0.0
smartpath,msos365,on,billinginquiry-invoiceexplanation,0.0
smartpath,businessinternetbrokered,qc,generalinquiry-accountcontractupdate,0.0
smartpath,tollfree,east,change,0.0
kana,webhosting,on,generalinquiry-othergeneral,0.0
ssc,siptrunk,mb,generalinquiry-serviceaddressinformation,0.0
pss,businesslines,on,generalinquiry-accountcontractupdate,0.0
ssc,ipvpn,qc,billinginquiry-incorrectrate,0.0
smartpath,sap,nb,billinginquiry-invoiceexplanation,0.0
smartpath,msos365,qc,billinginquiry-balancetransferpaymentupdate,0.0
ssc,tollfree,on,generalinquiry-feasibilityinformation,0.0
smartpath,businessinternetdedicated,on,billinginquiry-incorrectrate,0.0
ssc,otherdataservices,west,generalinquiry-copyofequipmentrecord,0.0
smartpath,businessinternet,qc,disconnect,0.0
smartpath,vnet,on,billinginquiry-otherbilling,0.0
smartpath,megalink,qc,billinginquiry-invoiceexplanation,0.0
ssc,megalink,on,generalinquiry-accountcontractupdate,0.0
smartpath,managedsecurityservices,qc,agreementregistered,0.0
smartpath,centrex,pe,billinginquiry-copyofinvoice,0.0
smartpath,localaccesspackage,qc,billinginquiry-copyofinvoice,0.0
ssc,ethernet,qc,generalinquiry-transferresponsibility,0.0
smartpath,directorylisting,on,generalinquiry-directorylistings,0.0
ssc,businessinternet,qc,billinginquiry-billingaccountupdate,0.0
smartpath,businesslines,on,serviceassurance,0.0
smartpath,corporateselfservetools,on,generalservicerequest,0.0
smartpath,ipvpn,qc,generalinquiry-transferresponsibility,0.0
ssc,ethernet,qc,generalinquiry-accountcontractupdate,0.0
smartpath,corporatehardwareorders,on,pricechange,0.0
kana,tollfree,ns,disconnect,0.0
smartpath,siptrunk,west,disconnect,0.0
ssc,digitalprivateline,qc,generalinquiry-othergeneral,0.0
smartpath,btce,qc,generalinquiry-transferresponsibility,0.0
ssc,locallink,on,billinginquiry-otherbilling,0.0
smartpath,infrastructureservices,qc,billinginquiry-otherbilling,0.0
smartpath,professionalservices,qc,billinginquiry-invoiceexplanation,0.0
smartpath,siptrunk,mb,coaching,0.0
ssc,businessinternet,ab,generalinquiry-pricingconfirmation,0.0
smartpath,ethernet,on,generalinquiry-pricingconfirmation,0.0
smartpath,switchredirect,on,coaching,0.0
smartpath,btce,mb,coaching,0.0
smartpath,corporatebillinginquiries,on,hardwareorderchange,0.0
kana,businessinternetdedicated,qc,generalinquiry-serviceaddressinformation,0.0
ssc,megalink,on,billinginquiry-balancetransferpaymentupdate,0.0
smartpath,businessinternetdedicated,west,billinginquiry-invoiceexplanation,0.0
ssc,btce,nb,disconnect,0.0
smartpath,infrastructureservices,qc,billinginquiry-invoiceexplanation,0.0
smartpath,wavelength,qc,generalinquiry-accountcontractupdate,0.0
smartpath,tollfree,west,coaching,0.0
ssc,businessinternet,qc,billinginquiry-incorrectrate,0.0
ssc,tollfree,nb,change,0.0
ssc,businesslines,nl,move,0.0
smartpath,corporatehardwareinquiries,qc,hardwareorderchange,0.0
smartpath,ethernet,ab,billinginquiry-copyofinvoice,0.0
smartpath,corporatehardwareorders,qc,requestimei,0.0
ssc,otherdataservices,on,generalinquiry-othergeneral,0.0
smartpath,sap,nb,coaching,0.0
ssc,tollfree,qc,generalinquiry-feasibilityinformation,0.0
smartpath,tollfree,west,disconnect,0.0
smartpath,centrex,ab,disconnect,0.0
smartpath,nddos,on,billinginquiry-otherbilling,0.0
smartpath,webex,qc,generalinquiry-othergeneral,0.0
smartpath,businessinternetdedicated,ab,generalinquiry-copyofequipmentrecord,0.0
ssc,siptrunk,on,billinginquiry-copyofinvoice,0.0
smartpath,otherdataservices,qc,disconnect,0.0
smartpath,businessinternet,ns,add,0.0
smartpath,msos365,on,generalinquiry-othergeneral,0.0
smartpath,datalegacy,qc,facilitycheck,0.0
ssc,ethernet,west,generalinquiry-othergeneral,0.0
smartpath,microlink,nb,billinginquiry-otherbilling,0.0
smartpath,siptrunk,nl,migration,0.0
smartpath,ipvpn,sk,coaching,0.0
smartpath,megalink,on,billinginquiry-obmsupport,0.0
smartpath,centrex,nb,change,0.0
ssc,digitalprivateline,qc,billinginquiry-billingaccountupdate,0.0
ssc,ethernet,qc,billinginquiry-incorrectrate,0.0
smartpath,tollfree,qc,move,0.0
smartpath,businesslines,on,generalinquiry-othergeneral,0.0
smartpath,siptrunk,qc,migration,0.0
ssc,siptrunk,qc,generalinquiry-transferresponsibility,0.0
ssc,centrex,west,generalinquiry-othergeneral,0.0
ssc,tollfree,qc,add,0.0
smartpath,locallink,on,billinginquiry-copyofinvoice,0.0
smartpath,payphone,qc,billinginquiry-invoiceexplanation,0.0
ssc,btce,west,generalinquiry-accountcontractupdate,0.0
ssc,siptrunk,bc,generalinquiry-directinwardcalling,0.0
ssc,siptrunk,west,generalinquiry-serviceaddressinformation,0.0
ssc,businessinternet,pe,disconnect,0.0
smartpath,vnet,on,generalinquiry-othergeneral,0.0
smartpath,siptrunk,nb,add,0.0
ssc,megalink,bc,generalinquiry-pricingconfirmation,0.0
smartpath,siptrunk,qc,generalinquiry-transferresponsibility,0.0
ssc,siptrunk,qc,generalinquiry-pricingconfirmation,0.0
smartpath,infrastructureservices,on,agreementregistered,0.0
smartpath,ipvpn,qc,agreementcreationvalidated,0.0
smartpath,tollfree,qc,change,0.0
ssc,tollfree,on,generalinquiry-pricingconfirmation,0.0
smartpath,siptrunk,mb,change,0.0
smartpath,switchredirect,qc,new,0.0
smartpath,webcasting,on,generalinquiry-othergeneral,0.0
smartpath,centrex,ns,generalinquiry-pricingconfirmation,0.0
ssc,btce,west,billinginquiry-otherbilling,0.0
smartpath,siptrunk,ns,generalinquiry-othergeneral,0.0
ssc,tollfree,west,generalinquiry-serviceaddressinformation,0.0
smartpath,siptrunk,on,move,0.0
smartpath,siptrunk,nb,new,0.0
smartpath,globalipvpn,on,billinginquiry-invoiceexplanation,0.0
ssc,ipvpn,on,billinginquiry-otherbilling,0.0
ssc,siptrunk,qc,generalinquiry-directinwardcalling,0.0
ssc,businesslines,bc,generalinquiry-serviceaddressinformation,0.0
ssc,digitalprivateline,qc,disconnect,0.0
ssc,btce,qc,generalinquiry-pricingconfirmation,0.0
ssc,wavelength,west,change,0.0
ssc,locallink,bc,generalinquiry-copyofequipmentrecord,0.0
smartpath,datalegacy,west,disconnect,0.0
smartpath,megalink,ab,generalinquiry-accountcontractupdate,0.0
smartpath,managedservices,qc,coaching,0.0
smartpath,msos365,qc,generalinquiry-othergeneral,0.0
smartpath,resellerbusinesslines,west,generalinquiry-othergeneral,0.0
ssc,otherdataservices,west,billinginquiry-otherbilling,0.0
smartpath,megalink,qc,billinginquiry-dispute,0.0
smartpath,businessinternet,east,agreementregistered,0.0
smartpath,tollfree,on,generalinquiry-copyofequipmentrecord,0.0
ssc,businesslines,bc,generalinquiry-transferresponsibility,0.0
smartpath,sap,west,billinginquiry-otherbilling,0.0
ssc,tollfree,on,generalinquiry-accountcontractupdate,0.0
ssc,tollfree,intl,generalinquiry-transferresponsibility,0.0
smartpath,dryloopdsl,on,billinginquiry-balancetransferpaymentupdate,0.0
smartpath,payphone,on,disconnect,0.0
ssc,megalink,west,billinginquiry-copyofinvoice,0.0
smartpath,businesslines,on,agreementcreation,0.0
ssc,wavelength,qc,generalinquiry-othergeneral,0.0
ssc,locallink,on,generalinquiry-copyofequipmentrecord,0.0
ssc,btce,ns,disconnect,0.0
ssc,ipvpn,on,generalinquiry-copyofequipmentrecord,0.0
smartpath,resellerinternet,on,escpartner,0.0
smartpath,tollfree,qc,generalinquiry-accountcontractupdate,0.0
smartpath,vnet,qc,billinginquiry-custombill,0.0
ssc,tollfree,west,change,0.0
smartpath,ondemandcontactcentre,nb,migration,0.0
ssc,tollfree,nb,add,0.0
smartpath,megalink,qc,dals,0.0
smartpath,globalipvpn,qc,coaching,0.0
ssc,btce,on,billinginquiry-billingaccountupdate,0.0
ssc,businesslines,ns,disconnect,0.0
smartpath,businessinternet,yt,disconnect,0.0
smartpath,vnet,on,change,0.0
smartpath,internalteamsupport,on,accountservicerep,0.0
smartpath,centrex,west,generalinquiry-othergeneral,0.0
smartpath,managedservices,qc,generalinquiry-othergeneral,0.0
ssc,siptrunk,west,generalinquiry-directinwardcalling,0.0
smartpath,ethernetaccessservice,qc,change,0.0
smartpath,localaccesspackage,qc,disconnect,0.0
ssc,tollfree,qc,billinginquiry-balancetransferpaymentupdate,0.0
ssc,btce,on,generalinquiry-directinwardcalling,0.0
smartpath,tollfree,on,move,0.0
ssc,businesslines,qc,generalinquiry-directinwardcalling,0.0
smartpath,megalink,on,billinginquiry-incorrectrate,0.0
smartpath,virtualnetworkservices,nb,temporaryservice,0.0
ssc,tollfree,bc,generalinquiry-othergeneral,0.0
ssc,businesslines,west,billinginquiry-incorrectrate,0.0
smartpath,megalink,west,migration,0.0
ssc,tollfree,qc,generalinquiry-copyofequipmentrecord,0.0
smartpath,ondemandcontactcentre,on,billinginquiry-invoiceexplanation,0.0
smartpath,megalink,west,generalinquiry-directinwardcalling,0.0
ssc,businesslines,qc,generalinquiry-directorylistings,0.0
smartpath,tollfree,on,billinginquiry-dispute,0.0
smartpath,businessinternetdedicated,pe,generalinquiry-accountcontractupdate,0.0
ssc,ethernet,bc,add,0.0
smartpath,tollfree,ns,disconnect,0.0
ssc,businessinternet,qc,generalinquiry-accountcontractupdate,0.0
ssc,megalink,qc,generalinquiry-pricingconfirmation,0.0
ssc,btce,west,generalinquiry-transferresponsibility,0.0
ssc,tollfree,nl,change,0.0
smartpath,vnet,qc,generalinquiry-othergeneral,0.0
ssc,btce,on,billinginquiry-copyofinvoice,0.0
ssc,megalink,qc,billinginquiry-billingaccountupdate,0.0
smartpath,professionalservices,east,coaching,0.0
ssc,businessinternet,on,generalinquiry-accountcontractupdate,0.0
ssc,businessinternet,qc,billinginquiry-copyofinvoice,0.0
ssc,businessinternet,west,billinginquiry-billingaccountupdate,0.0
ssc,siptrunk,on,billinginquiry-otherbilling,0.0
ssc,centrex,west,billinginquiry-copyofinvoice,0.0
ssc,businesslines,west,generalinquiry-directinwardcalling,0.0
ssc,megalink,bc,generalinquiry-serviceaddressinformation,0.0
smartpath,professionalservices,east,billinginquiry-balancetransferpaymentupdate,0.0
ssc,businesslines,qc,billinginquiry-otherbilling,0.0
ssc,ethernet,qc,change,0.0
smartpath,megalink,qc,migration,0.0
ssc,onenet,on,generalinquiry-othergeneral,0.0
smartpath,localaccesspackage,qc,generalinquiry-pricingconfirmation,0.0
ssc,businesslines,bc,change,0.0
smartpath,datalegacy,on,billinginquiry-invoiceexplanation,0.0
ssc,megalink,on,generalinquiry-directorylistings,0.0
smartpath,tollfree,mb,coaching,0.0
ssc,ipvpn,qc,billinginquiry-invoiceexplanation,0.0
ssc,eip,on,generalinquiry-othergeneral,0.0
ssc,ethernet,west,billinginquiry-otherbilling,0.0
smartpath,wavelength,bc,generalinquiry-othergeneral,0.0
ssc,tollfree,on,billinginquiry-copyofinvoice,0.0
ssc,otherdataservices,west,billinginquiry-incorrectrate,0.0
smartpath,siptrunk,ab,winback,0.0
ssc,siptrunk,west,billinginquiry-balancetransferpaymentupdate,0.0
ssc,wavelength,qc,billinginquiry-copyofinvoice,0.0
ssc,tollfree,qc,generalinquiry-othergeneral,0.0
ssc,locallink,qc,billinginquiry-otherbilling,0.0
ssc,otherdataservices,on,generalinquiry-copyofequipmentrecord,0.0
ssc,btce,on,disconnect,0.0
ssc,megalink,on,generalinquiry-copyofequipmentrecord,0.0
ssc,tollfree,qc,generalinquiry-accountcontractupdate,0.0
ssc,centrex,on,generalinquiry-othergeneral,0.0
ssc,tollfree,intl,generalinquiry-feasibilityinformation,0.0
ssc,ipvpn,qc,billinginquiry-otherbilling,0.0
ssc,otherdataservices,qc,billinginquiry-incorrectrate,0.0
smartpath,saput,qc,change,0.0
ssc,businesslines,qc,billinginquiry-invoiceexplanation,0.0
ssc,siptrunk,qc,billinginquiry-copyofinvoice,0.0
ssc,megalink,on,generalinquiry-feasibilityinformation,0.0
ssc,locallink,qc,generalinquiry-accountcontractupdate,0.0
smartpath,megalink,west,billinginquiry-balancetransferpaymentupdate,0.0
ssc,businessinternetdedicated,west,billinginquiry-otherbilling,0.0
ssc,centrex,ns,move,0.0
smartpath,siptrunk,on,winback,0.0
ssc,ipvpn,on,generalinquiry-serviceaddressinformation,0.0
ssc,businessinternet,on,billinginquiry-copyofinvoice,0.0
ssc,ethernet,on,billinginquiry-otherbilling,0.0
smartpath,vnet,on,billinginquiry-incorrectrate,0.0
ssc,centrex,qc,generalinquiry-transferresponsibility,0.0
smartpath,dryloopdsl,qc,billinginquiry-otherbilling,0.0
ssc,tollfree,on,billinginquiry-otherbilling,0.0
smartpath,globalipvpn,intl,billinginquiry-billingaccountupdate,0.0
smartpath,datalegacy,qc,generalinquiry-transferresponsibility,0.0
ssc,otherdataservices,qc,move,0.0
smartpath,ondemandcontactcentre,on,billinginquiry-incorrectrate,0.0
ssc,businesslines,east,generalinquiry-transferresponsibility,0.0
smartpath,businesslines,west,generalinquiry-accountcontractupdate,0.0
smartpath,tollfree,pe,generalinquiry-othergeneral,0.0
smartpath,globalipvpn,qc,billinginquiry-balancetransferpaymentupdate,0.0
ssc,businessinternetdedicated,qc,billinginquiry-otherbilling,0.0
smartpath,msos365,qc,change,0.0
ssc,locallink,qc,disconnect,0.0
smartpath,microlink,on,generalinquiry-transferresponsibility,0.0
ssc,businessinternet,west,billinginquiry-copyofinvoice,0.0
smartpath,webex,on,coaching,0.0
smartpath,ondemandcontactcentre,east,billinginquiry-otherbilling,0.0
smartpath,centrex,nl,billinginquiry-copyofinvoice,0.0
ssc,otherdataservices,west,generalinquiry-serviceaddressinformation,0.0
smartpath,webex,on,billinginquiry-otherbilling,0.0
ssc,otherdataservices,on,billinginquiry-incorrectrate,0.0
smartpath,globalipvpn,on,agreementcreation,0.0
ssc,wavelength,on,billinginquiry-balancetransferpaymentupdate,0.0
smartpath,tollfree,on,generalinquiry-accountcontractupdate,0.0
smartpath,sap,on,disconnect,0.0
smartpath,megalink,bc,generalinquiry-copyofequipmentrecord,0.0
ssc,ethernet,qc,generalinquiry-othergeneral,0.0
smartpath,managedservices,on,generalinquiry-othergeneral,0.0
smartpath,tollfree,nb,generalinquiry-othergeneral,0.0
ssc,businessinternetdedicated,on,generalinquiry-accountcontractupdate,0.0
ssc,locallink,qc,generalinquiry-serviceaddressinformation,0.0
smartpath,siptrunk,bc,generalinquiry-accountcontractupdate,0.0
smartpath,megalink,qc,portout,0.0
ssc,businessinternetdedicated,qc,generalinquiry-accountcontractupdate,0.0
smartpath,saput,qc,billinginquiry-incorrectrate,0.0
smartpath,switchredirect,on,new,0.0
smartpath,tollfreeinternational,qc,add,0.0
smartpath,msos365,on,disconnect,0.0
smartpath,msos365,on,billinginquiry-copyofinvoice,0.0
smartpath,tollfree,bc,billinginquiry-copyofinvoice,0.0
ssc,businesslines,bc,generalinquiry-othergeneral,0.0
smartpath,tollfree,west,billinginquiry-otherbilling,0.0
ssc,megalink,bc,add,0.0
ssc,globalbusinessinternetdedicated,intl,add,0.0
ssc,megalink,pe,disconnect,0.0
ssc,businesslines,on,billinginquiry-invoiceexplanation,0.0
smartpath,tollfree,qc,billinginquiry-otherbilling,0.0
ssc,tollfree,qc,billinginquiry-copyofinvoice,0.0
smartpath,vnet,on,add,0.0
ssc,btce,nb,generalinquiry-othergeneral,0.0
ssc,tollfree,qc,billinginquiry-otherbilling,0.0
smartpath,wavelength,intl,generalinquiry-othergeneral,0.0
ssc,businessinternetdedicated,west,billinginquiry-billingaccountupdate,0.0
ssc,locallink,on,change,0.0
smartpath,datalegacy,ab,billinginquiry-copyofinvoice,0.0
ssc,btce,qc,generalinquiry-copyofequipmentrecord,0.0
smartpath,globalbusinessinternetservice,intl,add,0.0
smartpath,businesslines,nl,pinreset,0.0
smartpath,businesslines,west,generalinquiry-copyofequipmentrecord,0.0
smartpath,saput,on,change,0.0
ssc,businessinternet,ns,add,0.0
ssc,businessinternetdedicated,west,generalinquiry-othergeneral,0.0
smartpath,globalipvpn,on,agreementregistered,0.0
pss,locallink,qc,generalinquiry-othergeneral,0.0
ssc,businesslines,east,generalinquiry-othergeneral,0.0
smartpath,conferencingservices,ab,generalinquiry-othergeneral,0.0
ssc,businessinternet,qc,generalinquiry-othergeneral,0.0
ssc,businesslines,ns,generalinquiry-serviceaddressinformation,0.0
ssc,ethernet,qc,generalinquiry-serviceaddressinformation,0.0
smartpath,wavelength,on,facilitycheck,0.0
smartpath,dedicatedinternetaccess,on,generalinquiry-accountcontractupdate,0.0
smartpath,megalink,ab,generalinquiry-directinwardcalling,0.0
ssc,megalink,west,generalinquiry-othergeneral,0.0
ssc,btce,west,generalinquiry-copyofequipmentrecord,0.0
smartpath,megalink,mb,coaching,0.0
smartpath,dryloopdsl,east,billinginquiry-balancetransferpaymentupdate,0.0
smartpath,businessinternet,pe,billinginquiry-dispute,0.0
smartpath,businesslines,nu,generalinquiry-othergeneral,0.0
smartpath,businessinternetdedicated,west,billinginquiry-copyofinvoice,0.0
smartpath,siptrunk,on,generalinquiry-feasibilityinformation,0.0
smartpath,microlink,nl,generalinquiry-othergeneral,0.0
smartpath,siptrunk,bc,generalinquiry-copyofequipmentrecord,0.0
smartpath,sap,qc,billinginquiry-dispute,0.0
smartpath,siptrunk,ns,portout,0.0
ssc,businessinternetdedicated,east,change,0.0
pwo,businessinternetbrokered,ns,new,0.0
ssc,ipvpn,qc,generalinquiry-serviceaddressinformation,0.0
ssc,btce,on,generalinquiry-directorylistings,0.0
smartpath,siptrunk,ab,change,0.0
ssc,btce,qc,generalinquiry-directinwardcalling,0.0
smartpath,siptrunk,west,billinginquiry-otherbilling,0.0
smartpath,megalink,mb,disconnect,0.0
smartpath,directorylisting,ab,change,0.0
smartpath,businessinternetdedicated,on,agreementregistered,0.0
ssc,businessinternetdedicated,on,billinginquiry-incorrectrate,0.0
ssc,businessinternetdedicated,sk,add,0.0
smartpath,businesslines,qc,generalinquiry-othergeneral,0.0
smartpath,businesslines,sk,generalinquiry-accountcontractupdate,0.0
ssc,locallink,west,generalinquiry-copyofequipmentrecord,0.0
ssc,ipvpn,qc,move,0.0
smartpath,corporategeneralinquiries,on,inventoryavailability,0.0
ssc,businessinternetdedicated,on,generalinquiry-copyofequipmentrecord,0.0
smartpath,businesslines,ns,change,0.0
ssc,businessinternetdedicated,ab,generalinquiry-othergeneral,0.0
ssc,locallink,qc,generalinquiry-feasibilityinformation,0.0
smartpath,centrex,ns,billinginquiry-balancetransferpaymentupdate,0.0
ssc,otherdataservices,west,generalinquiry-othergeneral,0.0
ssc,businesslines,ns,move,0.0
smartpath,businessinternet,west,billinginquiry-invoiceexplanation,0.0
ssc,megalink,west,billinginquiry-incorrectrate,0.0
smartpath,businesslines,bc,generalinquiry-transferresponsibility,0.0
smartpath,infrastructureservices,on,coaching,0.0
kana,megalink,west,billinginquiry-otherbilling,0.0
smartpath,megalink,on,disconnect,0.0
smartpath,wavelength,bc,facilitycheck,0.0
smartpath,businesslines,nb,billinginquiry-invoiceexplanation,0.0
smartpath,businesslines,ns,pinreset,0.0
smartpath,tollfreeinternational,on,change,0.0
smartpath,siptrunk,on,billinginquiry-invoiceexplanation,0.0
ssc,btce,qc,generalinquiry-serviceaddressinformation,0.0
pwo,siptrunk,west,agreementcreation,0.0
ssc,businessinternetdedicated,qc,generalinquiry-othergeneral,0.0
smartpath,ipvpn,bc,billinginquiry-copyofinvoice,0.0
ssc,btce,on,generalinquiry-transferresponsibility,0.0
smartpath,ondemandcontactcentre,on,generalinquiry-othergeneral,0.0
ssc,locallink,east,generalinquiry-othergeneral,0.0
smartpath,nddos,bc,billinginquiry-copyofinvoice,0.0
ssc,businessinternet,qc,generalinquiry-feasibilityinformation,0.0
smartpath,megalink,nb,add,0.0
ssc,businessinternetdedicated,on,generalinquiry-othergeneral,0.0
smartpath,conferencingservices,on,billinginquiry-custombill,0.0
smartpath,wavelength,qc,generalinquiry-othergeneral,0.0
smartpath,corporategeneralinquiries,on,mobilenumberchange,0.0
smartpath,megalink,qc,pricing,0.0
smartpath,globalipvpn,on,billinginquiry-balancetransferpaymentupdate,0.0
ssc,otherdataservices,west,billinginquiry-balancetransferpaymentupdate,0.0
ssc,tollfree,east,generalinquiry-othergeneral,0.0
smartpath,tollfree,on,billinginquiry-copyofinvoice,0.0
smartpath,tollfree,bc,coaching,0.0
ssc,ethernet,on,billinginquiry-copyofinvoice,0.0
ssc,centrex,qc,billinginquiry-copyofinvoice,0.0
smartpath,wavelength,on,generalinquiry-transferresponsibility,0.0
smartpath,ipvpn,west,generalinquiry-accountcontractupdate,0.0
smartpath,wavelength,intl,coaching,0.0
smartpath,businessinternetbrokered,sk,disconnect,0.0
ssc,megalink,on,billinginquiry-incorrectrate,0.0
smartpath,managedservices,east,new,0.0
ssc,businesslines,ab,billinginquiry-otherbilling,0.0
smartpath,centrex,nl,pinreset,0.0
ssc,businessinternetdedicated,qc,generalinquiry-transferresponsibility,0.0
smartpath,payphone,on,change,0.0
ssc,ipvpn,bc,generalinquiry-othergeneral,0.0
ssc,ipvpn,qc,generalinquiry-transferresponsibility,0.0
smartpath,siptrunk,ab,billinginquiry-otherbilling,0.0
smartpath,vnet,west,billinginquiry-incorrectrate,0.0
smartpath,ethernet,bc,generalinquiry-serviceaddressinformation,0.0
ssc,ipvpn,on,generalinquiry-pricingconfirmation,0.0
ssc,otherdataservices,qc,generalinquiry-serviceaddressinformation,0.0
ssc,businesslines,on,generalinquiry-directorylistings,0.0
smartpath,virtualnetworkservices,on,generalinquiry-othergeneral,0.0
smartpath,broadband,qc,add,0.0
smartpath,directorylisting,qc,billinginquiry-obmsupport,0.0
smartpath,tollfree,qc,coaching,0.0
smartpath,ondemandcontactcentre,mb,change,0.0
smartpath,datalegacy,ab,billinginquiry-otherbilling,0.0
smartpath,ethernet,east,change,0.0
smartpath,ondemandcontactcentre,nl,new,0.0
ssc,wavelength,on,billinginquiry-incorrectrate,0.0
ssc,businesslines,qc,billinginquiry-incorrectrate,0.0
smartpath,videoconferencing,qc,billinginquiry-invoiceexplanation,0.0
smartpath,saput,qc,billinginquiry-otherbilling,0.0
ssc,businessinternetdedicated,on,billinginquiry-otherbilling,0.0
pwo,businessinternetbrokered,qc,facilitycheck,0.0
smartpath,siptrunk,bc,add,0.0
smartpath,wirelessbackupbis,qc,add,0.0
smartpath,directorylisting,on,glct,0.0
smartpath,businesslines,ns,billinginquiry-invoiceexplanation,0.0
ssc,businesslines,west,generalinquiry-pricingconfirmation,0.0
ssc,ethernet,on,generalinquiry-feasibilityinformation,0.0
ssc,businessinternetdedicated,nl,change,0.0
smartpath,ethernetaccessservice,east,generalinquiry-copyofequipmentrecord,0.0
smartpath,ethernet,ab,change,0.0
ssc,ethernet,on,generalinquiry-othergeneral,0.0
smartpath,eip,on,generalinquiry-othergeneral,0.0
smartpath,vnet,mb,change,0.0
ssc,btce,qc,generalinquiry-directorylistings,0.0
ssc,businesslines,west,billinginquiry-copyofinvoice,0.0
smartpath,nddos,on,billinginquiry-banrequest,0.0
ssc,ipvpn,on,generalinquiry-accountcontractupdate,0.0
smartpath,centrex,ns,billinginquiry-invoiceexplanation,0.0
ssc,centrex,nl,move,0.0
ssc,siptrunk,qc,generalinquiry-copyofequipmentrecord,0.0
ssc,ipvpn,qc,generalinquiry-copyofequipmentrecord,0.0
smartpath,siptrunk,qc,billinginquiry-otherbilling,0.0
smartpath,switchredirect,on,generalinquiry-othergeneral,0.0
ssc,btce,qc,billinginquiry-incorrectrate,0.0
ssc,centrex,west,move,0.0
smartpath,businessinternet,west,add,0.0
smartpath,siptrunk,qc,generalinquiry-copyofequipmentrecord,0.0
ssc,centrex,on,billinginquiry-copyofinvoice,0.0
ssc,tollfree,west,billinginquiry-balancetransferpaymentupdate,0.0
smartpath,businessinternetdedicated,qc,billinginquiry-balancetransferpaymentupdate,0.0
smartpath,businesslines,nl,move,0.0
smartpath,internalteamsupport,on,sales,0.0
smartpath,businesslines,on,billinginquiry-bankruptcyproposal,0.0
smartpath,globalbusinessinternetdedicated,intl,disconnect,0.0
smartpath,corporatehardwareorders,on,orders,0.0
smartpath,businesslines,sk,new,0.0
ssc,businesslines,west,billinginquiry-otherbilling,0.0
smartpath,directorylisting,nb,billinginquiry-dispute,0.0
ssc,tollfree,qc,generalinquiry-serviceaddressinformation,0.0
ssc,tollfree,on,move,0.0
smartpath,centrex,on,billinginquiry-obmsupport,0.0
ssc,ipvpn,intl,add,0.0
ssc,btce,qc,billinginquiry-invoiceexplanation,0.0
pwo,ipvpn,qc,new,0.0
smartpath,megalink,west,generalinquiry-feasibilityinformation,0.0
ssc,megalink,bc,disconnect,0.0
ssc,ipvpn,west,generalinquiry-accountcontractupdate,0.0
smartpath,btce,mb,move,0.0
ssc,otherdataservices,on,generalinquiry-transferresponsibility,0.0
smartpath,localaccesspackage,qc,move,0.0
pwo,ipvpn,on,agreementcreationvalidated,0.0
ssc,wavelength,qc,billinginquiry-billingaccountupdate,0.0
smartpath,digitalprivateline,on,coaching,0.0
ssc,businessinternetdedicated,on,billinginquiry-billingaccountupdate,0.0
smartpath,infrastructureservices,on,facilitycheck,0.0
smartpath,sap,on,billinginquiry-custombill,0.0
ssc,siptrunk,qc,billinginquiry-billingaccountupdate,0.0
ssc,tollfree,qc,generalinquiry-transferresponsibility,0.0
smartpath,localaccesspackage,on,move,0.0
ssc,ethernet,on,move,0.0
smartpath,businessinternet,qc,billinginquiry-copyofinvoice,0.0
ssc,ipvpn,qc,generalinquiry-othergeneral,0.0
smartpath,resellerbusinesslines,on,coaching,0.0
smartpath,tollfreeinternational,mb,generalinquiry-othergeneral,0.0
ssc,otherdataservices,ab,billinginquiry-billingaccountupdate,0.0
smartpath,managedsecurityservices,qc,change,0.0
smartpath,megalink,on,generalinquiry-pricingconfirmation,0.0
smartpath,corporategeneralinquiries,nb,noactionrequired,0.0
ssc,locallink,qc,generalinquiry-transferresponsibility,0.0
smartpath,datalegacy,on,generalinquiry-pricingconfirmation,0.0
smartpath,professionalservices,qc,billinginquiry-otherbilling,0.0
smartpath,ipvpn,sk,generalinquiry-othergeneral,0.0
smartpath,tollfree,ns,generalinquiry-othergeneral,0.0
smartpath,directorylisting,on,change,0.0
smartpath,saput,mb,disconnect,0.0
ssc,locallink,qc,billinginquiry-invoiceexplanation,0.0
smartpath,megalink,on,agreementregistered,0.0
smartpath,ethernet,on,coaching,0.0
smartpath,sap,bc,billinginquiry-otherbilling,0.0
smartpath,btce,on,generalinquiry-reseller,0.0
smartpath,centrex,on,coaching,0.0
smartpath,professionalservices,qc,change,0.0
smartpath,directorylisting,qc,add,0.0
ssc,tollfree,ns,change,0.0
ssc,ipvpn,west,billinginquiry-invoiceexplanation,0.0
ssc,businessinternetdedicated,bc,move,0.0
ssc,megalink,qc,generalinquiry-transferresponsibility,0.0
smartpath,globalbusinessinternetdedicated,on,billinginquiry-otherbilling,0.0
smartpath,megalink,mb,move,0.0
ssc,centrex,qc,generalinquiry-accountcontractupdate,0.0
smartpath,webcasting,on,generalinquiry-transferresponsibility,0.0
ssc,siptrunk,qc,billinginquiry-incorrectrate,0.0
smartpath,localaccesspackage,on,billinginquiry-obmsupport,0.0
ssc,businesslines,ab,generalinquiry-othergeneral,0.0
smartpath,ondemandcontactcentre,qc,add,0.0
ssc,businesslines,sk,add,0.0
smartpath,tollfree,bc,billinginquiry-balancetransferpaymentupdate,0.0
ssc,siptrunk,qc,generalinquiry-serviceaddressinformation,0.0
smartpath,datalegacy,on,change,0.0
smartpath,ondemandcontactcentre,on,disconnect,0.0
smartpath,msos365,qc,billinginquiry-otherbilling,0.0
smartpath,wavelength,bc,billinginquiry-copyofinvoice,0.0
smartpath,tollfree,mb,800features,0.0
ssc,tollfree,ns,billinginquiry-otherbilling,0.0
ssc,btce,on,billinginquiry-balancetransferpaymentupdate,0.0
smartpath,globalipvpn,on,generalinquiry-othergeneral,0.0
smartpath,megalink,on,generalinquiry-othergeneral,0.0
smartpath,wavelength,qc,billinginquiry-banrequest,0.0
ssc,megalink,qc,billinginquiry-balancetransferpaymentupdate,0.0
smartpath,managedservices,ab,billinginquiry-copyofinvoice,0.0
ssc,businesslines,east,billinginquiry-billingaccountupdate,0.0
smartpath,nddos,qc,billinginquiry-incorrectrate,0.0
smartpath,ethernet,bc,generalinquiry-othergeneral,0.0
smartpath,tollfree,on,winback,0.0
ssc,ipvpn,qc,billinginquiry-balancetransferpaymentupdate,0.0
ssc,locallink,west,generalinquiry-accountcontractupdate,0.0
smartpath,switchredirect,qc,change,0.0
smartpath,siptrunk,qc,winback,0.0
smartpath,businessinternet,on,agreementcreation,0.0
smartpath,centrex,on,generalinquiry-copyofequipmentrecord,0.0
smartpath,ipvpn,mb,coaching,0.0
smartpath,businessinternet,qc,generalinquiry-othergeneral,0.0
kana,wavelength,intl,generalinquiry-othergeneral,0.0
smartpath,corporatehardwareorders,ns,newactivationportin,0.0
smartpath,webex,on,disconnect,0.0
pwo,businessinternetdedicated,on,agreementregistered,0.0
smartpath,btce,nb,new,0.0
smartpath,ethernet,on,agreementregistered,0.0
smartpath,globalbusinessinternetdedicated,on,agreementcreation,0.0
smartpath,centrex,qc,billinginquiry-billingaccountupdate,0.0
smartpath,internalteamsupport,on,wirelessclientcare,0.0
smartpath,globalipvpn,west,billinginquiry-otherbilling,0.0
smartpath,globalprivateline,on,pricing,0.0
ssc,otherdataservices,qc,change,0.0
smartpath,siptrunk,bc,new,0.0
smartpath,businesslines,nl,billinginquiry-billingaccountupdate,0.0
smartpath,businessinternetdedicated,bc,billinginquiry-invoiceexplanation,0.0
smartpath,dedicatedinternetaccess,nl,billinginquiry-otherbilling,0.0
smartpath,businessinternet,on,agreementregistered,0.0
smartpath,locallink,qc,coaching,0.0
smartpath,saput,ns,billinginquiry-otherbilling,0.0
smartpath,corporatehardwareinquiries,on,newactivations,0.0
eom,wavelength,on,agreementcreation,0.0
smartpath,ethernet,on,billinginquiry-incorrectrate,0.0
smartpath,ethernetaccessservice,on,billinginquiry-copyofinvoice,0.0
smartpath,businesslines,on,billinginquiry-obmsupport,0.0
pss,businessinternet,on,billinginquiry-otherbilling,0.0
kana,megalink,west,portout,0.0
kana,businessinternetdedicated,qc,billinginquiry-invoiceexplanation,0.0
smartpath,internalteamsupport,on,new,0.0
ssc,businessinternet,nl,add,0.0
ssc,locallink,west,billinginquiry-incorrectrate,0.0
ssc,businessinternetdedicated,qc,generalinquiry-feasibilityinformation,0.0
smartpath,internetconnectservice,on,billinginquiry-otherbilling,0.0
smartpath,localaccesspackage,qc,generalinquiry-accountcontractupdate,0.0
smartpath,ipvpn,ab,facilitycheck,0.0
smartpath,ipvpn,on,presurvey,0.0
ssc,businessinternetdedicated,on,generalinquiry-feasibilityinformation,0.0
smartpath,siptrunk,ns,change,0.0
smartpath,adsllas,qc,3235,0.0
smartpath,businessinternetdedicated,sk,coaching,0.0
smartpath,bellmanagedservicesforciscomeraki,qc,billinginquiry-banrequest,0.0
ssc,businessinternetdedicated,east,generalinquiry-othergeneral,0.0
smartpath,eip,qc,generalinquiry-pricingconfirmation,0.0
pss,audioconferencing,on,generalinquiry-othergeneral,0.0
smartpath,wavelength,qc,billinginquiry-billingaccountupdate,0.0
smartpath,datalegacy,nu,change,0.0
smartpath,businessinternet,west,generalinquiry-othergeneral,0.0
smartpath,corporatehardwareorders,bc,hardwareorderchange,0.0
smartpath,sap,on,add,0.0
smartpath,managedservices,on,agreementregistered,0.0
ssc,btce,on,generalinquiry-copyofequipmentrecord,0.0
smartpath,ethernet,ab,billinginquiry-otherbilling,0.0
smartpath,bellmerakimanagement,east,add,0.0
kana,tollfree,intl,change,0.0
ssc,businessinternet,east,add,0.0
smartpath,managedsecurityservices,qc,billinginquiry-custombill,0.0
smartpath,ethernetaccessservice,on,agreementcreation,0.0
smartpath,megalink,nb,billinginquiry-dispute,0.0
smartpath,tollfree,nb,migration,0.0
ssc,siptrunk,on,billinginquiry-billingaccountupdate,0.0
pss,businesslines,bc,generalinquiry-othergeneral,0.0
ssc,megalink,mb,add,0.0
pwo,businessinternetbrokered,mb,facilitycheck,0.0
smartpath,siptrunk,on,billinginquiry-incorrectrate,0.0
smartpath,tollfree,nb,add,0.0
smartpath,broadband,bc,billinginquiry-copyofinvoice,0.0
smartpath,tollfree,ab,generalinquiry-othergeneral,0.0
ssc,businesslines,ns,add,0.0
smartpath,corporatehardwareorders,on,changesim,0.0
smartpath,globalipvpn,intl,agreementregistered,0.0
smartpath,ondemandcontactcentre,on,new,0.0
smartpath,payphone,qc,disconnect,0.0
smartpath,businessinternet,nl,billinginquiry-otherbilling,0.0
smartpath,datalegacy,qc,billinginquiry-balancetransferpaymentupdate,0.0
ssc,ipvpn,pe,add,0.0
ssc,businesslines,pe,add,0.0
smartpath,centrex,ab,billinginquiry-billingaccountupdate,0.0
kana,vnet,ab,generalinquiry-othergeneral,0.0
smartpath,corporateaccountservice,on,wirelessclientcare,0.0
pss,megalink,on,generalinquiry-accountcontractupdate,0.0
smartpath,ipvpn,ab,change,0.0
smartpath,resellerbusinesslines,qc,escpartner,0.0
smartpath,businessinternet,west,billinginquiry-balancetransferpaymentupdate,0.0
smartpath,broadband,on,billinginquiry-billingaccountupdate,0.0
smartpath,tollfree,qc,800features,0.0
smartpath,btce,qc,add,0.0
kana,tollfree,qc,billinginquiry-copyofinvoice,0.0
smartpath,centrex,nb,billinginquiry-billingaccountupdate,0.0
kana,ipvpn,qc,billinginquiry-balancetransferpaymentupdate,0.0
kana,ethernet,east,generalinquiry-othergeneral,0.0
smartpath,megalink,on,billinginquiry-billingaccountupdate,0.0
pss,datalegacy,qc,change,0.0
smartpath,businessinternet,on,billinginquiry-copyofinvoice,0.0
ssc,businessinternetdedicated,west,billinginquiry-copyofinvoice,0.0
ssc,tollfree,on,billinginquiry-balancetransferpaymentupdate,0.0
smartpath,digitalprivateline,qc,generalinquiry-directorylistings,0.0
smartpath,contactcentre,nb,add,0.0
smartpath,megalink,qc,generalinquiry-pricingconfirmation,0.0
smartpath,ethernetinternetworkinglite,qc,billinginquiry-otherbilling,0.0
ssc,businessinternet,qc,generalinquiry-serviceaddressinformation,0.0
smartpath,contactcentre,qc,generalinquiry-othergeneral,0.0
smartpath,siptrunk,on,generalinquiry-directinwardcalling,0.0
smartpath,businesslines,sk,winback,0.0
smartpath,corporatehardwareorders,on,noactionrequired,0.0
kana,businesslines,west,billinginquiry-incorrectrate,0.0
smartpath,centrex,on,billinginquiry-otherbilling,0.0
smartpath,megalink,nl,add,0.0
smartpath,audioconferencing,ab,billinginquiry-copyofinvoice,0.0
smartpath,businessinternet,ab,billinginquiry-incorrectrate,0.0
kana,wavelength,ab,add,0.0
kana,dryloopdsl,on,disconnect,0.0
smartpath,businesslines,mb,billinginquiry-incorrectrate,0.0
smartpath,ipvpn,bc,generalinquiry-othergeneral,0.0
smartpath,globalipvpn,on,generalinquiry-accountcontractupdate,0.0
kana,professionalservices,on,disconnect,0.0
ssc,locallink,west,billinginquiry-balancetransferpaymentupdate,0.0
smartpath,localaccesspackage,on,agreementcreation,0.0
smartpath,audioconferencing,on,disconnect,0.0
smartpath,professionalservices,qc,agreementregistered,0.0
smartpath,ipvpn,sk,add,0.0
pss,megalink,ab,generalinquiry-othergeneral,0.0
smartpath,businessinternet,ab,change,0.0
smartpath,adsllas,on,billinginquiry-obmsupport,0.0
ssc,digitalprivateline,on,billinginquiry-copyofinvoice,0.0
ssc,megalink,on,generalinquiry-othergeneral,0.0
smartpath,businessinternetbrokered,on,disconnect,0.0
smartpath,saput,on,billinginquiry-balancetransferpaymentupdate,0.0
kana,businesslines,west,billinginquiry-billingaccountupdate,0.0
kana,tollfree,on,generalinquiry-pricingconfirmation,0.0
smartpath,siptrunk,qc,generalinquiry-pricingconfirmation,0.0
ssc,businesslines,east,billinginquiry-copyofinvoice,0.0
smartpath,businessinternetdedicated,qc,billinginquiry-billingaccountupdate,0.0
smartpath,megalink,on,generalinquiry-directorylistings,0.0
smartpath,siptrunk,qc,billinginquiry-invoiceexplanation,0.0
smartpath,businessinternetbrokered,sk,add,0.0
ssc,siptrunk,on,billinginquiry-balancetransferpaymentupdate,0.0
ssc,otherdataservices,on,generalinquiry-serviceaddressinformation,0.0
smartpath,businesslines,on,generalinquiry-reseller,0.0
smartpath,sap,qc,billinginquiry-otherbilling,0.0
kana,msos365,on,billinginquiry-otherbilling,0.0
pwo,ipvpn,new brunswick,facilitycheck,0.0
smartpath,datalegacy,ns,disconnect,0.0
ssc,digitalprivateline,on,billinginquiry-balancetransferpaymentupdate,0.0
eom,megalink,qc,generalinquiry-othergeneral,0.0
smartpath,broadband,nl,facilitycheck,0.0
kana,ipvpn,ab,generalinquiry-othergeneral,0.0
smartpath,businesslines,qc,agreementcreation,0.0
eom,tollfree,on,escpartner,0.0
smartpath,btce,bc,new,0.0
ssc,tollfree,intl,generalinquiry-pricingconfirmation,0.0
ssc,businessinternet,on,generalinquiry-feasibilityinformation,0.0
smartpath,tollfree,qc,billinginquiry-balancetransferpaymentupdate,0.0
smartpath,microlink,on,coaching,0.0
smartpath,localaccesspackage,on,billinginquiry-incorrectrate,0.0
pss,businesslines,qc,billinginquiry-otherbilling,0.0
kana,tollfree,east,winback,0.0
ssc,btce,east,generalinquiry-othergeneral,0.0
ssc,wavelength,qc,generalinquiry-pricingconfirmation,0.0
pwo,ipvpn,qc,agreementregistered,0.0
smartpath,darkfibre,on,disconnect,0.0
ssc,locallink,qc,billinginquiry-billingaccountupdate,0.0
ssc,megalink,west,generalinquiry-accountcontractupdate,0.0
kana,sap,west,generalinquiry-othergeneral,0.0
ssc,megalink,qc,billinginquiry-invoiceexplanation,0.0
ssc,businesslines,ab,change,0.0
smartpath,businesslines,ab,migration,0.0
ssc,businessinternet,nb,disconnect,0.0
smartpath,corporatehardwareinquiries,on,newactivationportin,0.0
smartpath,businesslines,west,disconnect,0.0
eom,siptrunk,qc,agreementcreationvalidated,0.0
smartpath,megalink,west,billinginquiry-invoiceexplanation,0.0
smartpath,globalbusinessinternetdedicated,intl,billinginquiry-otherbilling,0.0
ssc,businesslines,west,generalinquiry-serviceaddressinformation,0.0
smartpath,siptrunk,qc,billinginquiry-billingaccountupdate,0.0
smartpath,contactcentre,on,generalinquiry-othergeneral,0.0
ssc,ipvpn,qc,billinginquiry-billingaccountupdate,0.0
smartpath,vnet,qc,disconnect,0.0
smartpath,datalegacy,on,new,0.0
smartpath,megalink,on,pricing,0.0
ssc,locallink,on,generalinquiry-accountcontractupdate,0.0
kana,siptrunk,nb,change,0.0
smartpath,switchredirect,on,migration,0.0
eom,megalink | bell total connect voice | on demand contact centre (odcc),on,agreementcreation,0.0
smartpath,businessinternetbrokered,ab,coaching,0.0
kana,centrex,qc,billinginquiry-otherbilling,0.0
smartpath,tollfree,east,billinginquiry-copyofinvoice,0.0
pss,locallink,on,generalinquiry-othergeneral,0.0
smartpath,dedicatedinternetaccess,on,generalinquiry-othergeneral,0.0
smartpath,businesslines,qc,generalinquiry-transferresponsibility,0.0
smartpath,businesslines,nl,billinginquiry-custombill,0.0
smartpath,btce,bc,generalinquiry-othergeneral,0.0
smartpath,megalink,qc,trafficstudy,0.0
smartpath,btce,qc,trafficstudyconsultation,0.0
ssc,centrex,on,billinginquiry-incorrectrate,0.0
smartpath,broadband,nb,generalinquiry-othergeneral,0.0
smartpath,saput,on,generalinquiry-othergeneral,0.0
smartpath,professionalservices,intl,billinginquiry-otherbilling,0.0
kana,globalmanagedsdwan,intl,change,0.0
smartpath,tollfree,pe,billinginquiry-balancetransferpaymentupdate,0.0
smartpath,businesslines,on,generalinquiry-feasibilityinformation,0.0
ssc,btce,west,generalinquiry-pricingconfirmation,0.0
smartpath,wavelength,ab,billinginquiry-otherbilling,0.0
smartpath,businesslines,ns,suspension,0.0
pss,microlink,on,change,0.0
ssc,tollfree,west,billinginquiry-copyofinvoice,0.0
smartpath,eip,on,migration,0.0
ssc,businessinternetdedicated,on,generalinquiry-pricingconfirmation,0.0
ssc,otherdataservices,on,billinginquiry-otherbilling,0.0
kana,wavelength,west,generalinquiry-othergeneral,0.0
kana,wavelength,west,change,0.0
ssc,locallink,ab,generalinquiry-othergeneral,0.0
smartpath,centrex,ns,pinreset,0.0
smartpath,corporatehardwareorders,on,pricing,0.0
smartpath,corporateaccountservice,on,mobilenumberchange,0.0
smartpath,businessinternetbrokered,ab,billinginquiry-balancetransferpaymentupdate,0.0
smartpath,ethernetaccessservice,on,generalinquiry-othergeneral,0.0
smartpath,vnet,qc,800features,0.0
smartpath,globalipvpn,qc,add,0.0
smartpath,businesslines,ns,billinginquiry-dispute,0.0
smartpath,contactcentre,ns,billinginquiry-otherbilling,0.0
smartpath,broadband,on,agreementregistered,0.0
smartpath,webcasting,on,billinginquiry-otherbilling,0.0
smartpath,megalink,qc,billinginquiry-incorrectrate,0.0
smartpath,businesslines,sk,billinginquiry-otherbilling,0.0
smartpath,broadband,qc,billinginquiry-invoiceexplanation,0.0
eom,globalipvpn,on,agreementcreation,0.0
smartpath,corporatehardwareinquiries,on,upgrade,0.0
pss,wavelength,on,billinginquiry-otherbilling,0.0
smartpath,businesslines,ns,add,0.0
ssc,businesslines,qc,generalinquiry-accountcontractupdate,0.0
smartpath,corporateservicerepair,on,generalservicerequest,0.0
ssc,megalink,qc,generalinquiry-serviceaddressinformation,0.0
ssc,businessinternet,on,add,0.0
smartpath,businessinternetdedicated,on,facilitycheck,0.0
smartpath,businesslines,east,generalinquiry-accountcontractupdate,0.0
smartpath,megalink,ab,portout,0.0
kana,datalegacy,on,billinginquiry-copyofinvoice,0.0
smartpath,btce,ab,portout,0.0
smartpath,btce,qc,billinginquiry-otherbilling,0.0
ssc,businessinternet,qc,generalinquiry-copyofequipmentrecord,0.0
kana,businessinternetdedicated,west,new,0.0
ssc,businesslines,on,generalinquiry-copyofequipmentrecord,0.0
smartpath,businesslines,pe,add,0.0
smartpath,managedservices,qc,agreementcreationvalidated,0.0
smartpath,businessinternet,ns,billinginquiry-copyofinvoice,0.0
ssc,ipvpn,intl,billinginquiry-otherbilling,0.0
ssc,centrex,ns,change,0.0
pwo,businessinternetbrokered,ab,facilitycheck,0.0
eom,localaccesspackage,qc,agreementcreation,0.0
smartpath,ipvpn,on,agreementregistered,0.0
ssc,digitalprivateline,qc,generalinquiry-pricingconfirmation,0.0
smartpath,siptrunk,qc,billinginquiry-balancetransferpaymentupdate,0.0
smartpath,professionalservices,on,generalinquiry-othergeneral,0.0
eom,businesslines,east,agreementcreation,0.0
pwo,businessinternetbrokered,ab,new,0.0
kana,wavelength,intl,facilitycheck,0.0
smartpath,broadband,ns,new,0.0
smartpath,businessinternetbrokered,yt,facilitycheck,0.0
smartpath,switchredirect,ab,change,0.0
smartpath,businesslines,ab,move,0.0
ssc,businessinternet,on,billinginquiry-billingaccountupdate,0.0
smartpath,businessinternetdedicated,nb,billinginquiry-otherbilling,0.0
smartpath,ethernetinternetworkinglite,bc,billinginquiry-otherbilling,0.0
smartpath,conferencingservices,on,webcastproduction,0.0
smartpath,managedservices,on,add,0.0
smartpath,localaccesspackage,on,generalinquiry-othergeneral,0.0
pss,businessinternetdedicated,qc,add,0.0
kana,switchredirect,on,billinginquiry-otherbilling,0.0
smartpath,broadcast,nl,billinginquiry-balancetransferpaymentupdate,0.0
smartpath,broadband,on,billinginquiry-balancetransferpaymentupdate,0.0
smartpath,megalink,on,trafficstudyconsultation,0.0
pwo,ipvpn,qc,facilitycheck,0.0
smartpath,megalink,nl,generalinquiry-copyofequipmentrecord,0.0
smartpath,businessinternetdedicated,bc,coaching,0.0
smartpath,businessinternet,nb,billinginquiry-balancetransferpaymentupdate,0.0
smartpath,contactcentre,ab,new,0.0
smartpath,ipvpn,west,coaching,0.0
smartpath,businessinternetdedicated,ab,escpartner,0.0
ssc,businessinternetdedicated,qc,billinginquiry-invoiceexplanation,0.0
kana,wavelength,west,add,0.0
smartpath,ethernet,qc,generalinquiry-othergeneral,0.0
pss,businessinternet,intl,billinginquiry-otherbilling,0.0
ssc,businessinternetdedicated,qc,generalinquiry-copyofequipmentrecord,0.0
ssc,locallink,on,billinginquiry-balancetransferpaymentupdate,0.0
kana,businessinternetbrokered,on,new,0.0
eom,centrex,on,pcoesamedayexpedite,0.0
smartpath,virtualnetworkservices,on,coaching,0.0
smartpath,ipvpn,nl,facilitycheck,0.0
smartpath,siptrunk,nl,winback,0.0
smartpath,btce,ab,disconnect,0.0
smartpath,btce,nb,add,0.0
smartpath,ipvpn,mb,facilitycheck,0.0
pss,ethernet,qc,change,0.0
smartpath,virtualnetworkservices,on,disconnect,0.0
smartpath,businesslines,bc,billinginquiry-balancetransferpaymentupdate,0.0
ssc,ipvpn,ab,generalinquiry-othergeneral,0.0
smartpath,globalipvpn,qc,change,0.0
kana,digitalprivateline,qc,change,0.0
smartpath,siptrunk,nb,change,0.0
pss,megalink,on,generalinquiry-directinwardcalling,0.0
kana,siptrunk,qc,billinginquiry-incorrectrate,0.0
smartpath,siptrunk,east,add,0.0
ssc,businessinternetdedicated,pe,disconnect,0.0
smartpath,businessinternet,qc,agreementcreationvalidated,0.0
smartpath,globalprivateline,on,billinginquiry-otherbilling,0.0
eom,businessinternetbrokered,qc,new,0.0
kana,ipvpn,on,billinginquiry-otherbilling,0.0
smartpath,btce,on,coaching,0.0
ssc,businessinternet,pe,add,0.0
smartpath,businessinternetdedicated,on,escpartner,0.0
smartpath,centrex,west,change,0.0
smartpath,ethernetconnectservice,qc,billinginquiry-incorrectrate,0.0
smartpath,broadband,qc,coaching,0.0
smartpath,sap,on,move,0.0
smartpath,businessinternet,ab,add,0.0
smartpath,megalink,ns,generalinquiry-othergeneral,0.0
kana,globalipvpn,intl,generalinquiry-othergeneral,0.0
eom,businesslines,on,agreementcreationvalidated,0.0
kana,businesslines,qc,disconnect,0.0
smartpath,businessinternet,west,generalinquiry-transferresponsibility,0.0
smartpath,broadcast,east,800features,0.0
ssc,locallink,west,generalinquiry-serviceaddressinformation,0.0
smartpath,businessinternetbrokered,west,disconnect,0.0
ssc,businessinternet,east,disconnect,0.0
smartpath,megalink,west,facilitycheck,0.0
smartpath,datalegacy,west,generalinquiry-accountcontractupdate,0.0
smartpath,corporatehardwareorders,on,hardwareordercancel,0.0
smartpath,tollfree,intl,generalinquiry-othergeneral,0.0
kana,siptrunk,on,generalinquiry-transferresponsibility,0.0
kana,siptrunk,qc,billinginquiry-billingaccountupdate,0.0
smartpath,siptrunk,west,generalinquiry-othergeneral,0.0
smartpath,corporatehardwareorders,on,upgrade,0.0
ssc,businessinternet,ab,add,0.0
email,ethernet,mb,generalinquiry-othergeneral,0.0
ssc,otherdataservices,qc,billinginquiry-invoiceexplanation,0.0
smartpath,sap,qc,generalinquiry-copyofequipmentrecord,0.0
ssc,centrex,qc,generalinquiry-pricingconfirmation,0.0
email,ethernet,on,generalinquiry-accountcontractupdate,0.0
ssc,btce,qc,billinginquiry-billingaccountupdate,0.0
ssc,businessinternetdedicated,ns,disconnect,0.0
smartpath,datalegacy,qc,billinginquiry-billingaccountupdate,0.0
smartpath,bellmanagedservicesforciscomeraki,qc,generalinquiry-othergeneral,0.0
smartpath,businesslines,on,pricing,0.0
smartpath,btce,west,generalinquiry-accountcontractupdate,0.0
smartpath,businesslines,on,generalinquiry-portout,0.0
ssc,locallink,west,generalinquiry-othergeneral,0.0
eom,megalink,on,pcoesamedayexpedite,0.0
ssc,ipvpn,west,billinginquiry-balancetransferpaymentupdate,0.0
smartpath,siptrunk,west,coaching,0.0
pss,otherdataservices,qc,generalinquiry-othergeneral,0.0
smartpath,globalipvpn,intl,agreementcreation,0.0
smartpath,digitalprivateline,west,disconnect,0.0
smartpath,corporatehardwareinquiries,on,devicemdmenrollment,0.0
smartpath,webex,nl,agreementcreation,0.0
kana,businesslines,west,winback,0.0
smartpath,businessinternetbrokered,ab,add,0.0
smartpath,tollfree,nb,billinginquiry-otherbilling,0.0
smartpath,megalink,west,generalinquiry-copyofequipmentrecord,0.0
smartpath,megalink,bc,disconnect,0.0
kana,ipvpn,qc,new,0.0
smartpath,centrex,qc,portout,0.0
smartpath,internetconnectservice,on,disconnect,0.0
smartpath,bellmerakimanagement,on,billinginquiry-otherbilling,0.0
smartpath,globalprivateline,intl,billinginquiry-copyofinvoice,0.0
pss,centrex,qc,billinginquiry-billingaccountupdate,0.0
smartpath,corporatebillinginquiries,on,adjustments,0.0
smartpath,ipvpn,pe,coaching,0.0
ssc,btce,west,generalinquiry-serviceaddressinformation,0.0
pss,ipvpn,nb,change,0.0
smartpath,corporatehardwareorders,ab,orders,0.0
smartpath,megalink,nb,change,0.0
smartpath,conferencingservices,on,generalinquiry-othergeneral,0.0
smartpath,directorylisting,on,cliffagent,0.0
smartpath,localaccesspackage,on,billinginquiry-invoiceexplanation,0.0
ssc,businessinternetdedicated,west,generalinquiry-accountcontractupdate,0.0
ssc,btce,qc,billinginquiry-balancetransferpaymentupdate,0.0
pss,otherdataservices,on,generalinquiry-othergeneral,0.0
smartpath,tollfree,on,generalinquiry-transferresponsibility,0.0
smartpath,resellerbusinesslines,on,billinginquiry-otherbilling,0.0
smartpath,wavelength,qc,billinginquiry-copyofinvoice,0.0
smartpath,switchredirect,on,disconnect,0.0
pwo,businesslines,east,generalinquiry-othergeneral,0.0
smartpath,centrex,qc,pinreset,0.0
smartpath,siptrunk,qc,coaching,0.0
pwo,localaccesspackage,on,agreementcreationvalidated,0.0
smartpath,managedservices,ab,change,0.0
ssc,businessinternetdedicated,west,billinginquiry-incorrectrate,0.0
smartpath,centrex,ns,portout,0.0
smartpath,businessinternetdedicated,bc,migration,0.0
smartpath,businesslines,nb,new,0.0
smartpath,datalegacy,on,generalinquiry-othergeneral,0.0
pwo,businessinternetbrokered,on,generalinquiry-othergeneral,0.0
smartpath,msos365,qc,disconnect,0.0
kana,wavelength,west,disconnect,0.0
kana,directorylisting,qc,migration,0.0
kana,wavelength,on,generalinquiry-othergeneral,0.0
smartpath,businesslines,nb,billinginquiry-copyofinvoice,0.0
ssc,otherdataservices,qc,billinginquiry-otherbilling,0.0
ssc,businessinternet,west,move,0.0
smartpath,businesslines,qc,pricing,0.0
kana,globalbusinessinternetdedicated,intl,disconnect,0.0
smartpath,directorylisting,ab,generalinquiry-directorylistings,0.0
smartpath,megalink,qc,generalinquiry-othergeneral,0.0
smartpath,businesslines,ns,billinginquiry-obmsupport,0.0
smartpath,directorylisting,qc,cliff,0.0
smartpath,globalipvpn,intl,add,0.0
ssc,btce,on,generalinquiry-othergeneral,0.0
kana,ethernet,west,change,0.0
smartpath,businesslines,ns,billinginquiry-balancetransferpaymentupdate,0.0
ssc,businesslines,west,billinginquiry-balancetransferpaymentupdate,0.0
smartpath,businesslines,mb,change,0.0
smartpath,businessinternetdedicated,on,generalinquiry-copyofequipmentrecord,0.0
smartpath,siptrunk,west,portout,0.0
smartpath,eip,qc,facilitycheck,0.0
kana,vnet,qc,new,0.0
ssc,businesslines,west,generalinquiry-accountcontractupdate,0.0
ssc,megalink,ns,add,0.0
smartpath,tollfree,on,portout,0.0
smartpath,vnet,on,billinginquiry-invoiceexplanation,0.0
smartpath,globalipvpn,intl,billinginquiry-balancetransferpaymentupdate,0.0
smartpath,megalink,qc,agreementcreationvalidated,0.0
smartpath,managedservices,on,billinginquiry-banrequest,0.0
smartpath,megalink,west,portout,0.0
smartpath,corporatehardwareorders,on,generalservicerequest,0.0
kana,businessinternet,pe,generalinquiry-othergeneral,0.0
smartpath,btce,qc,portout,0.0
smartpath,localaccesspackage,qc,new,0.0
smartpath,siptrunk,west,new,0.0
kana,ethernet,qc,generalinquiry-othergeneral,0.0
ssc,megalink,east,generalinquiry-copyofequipmentrecord,0.0
pss,datalegacy,on,billinginquiry-copyofinvoice,0.0
ssc,ipvpn,qc,generalinquiry-pricingconfirmation,0.0
smartpath,businessinternet,ns,move,0.0
smartpath,sap,on,change,0.0
smartpath,ipvpn,ns,billinginquiry-otherbilling,0.0
pss,btce,qc,generalinquiry-othergeneral,0.0
smartpath,professionalservices,west,billinginquiry-otherbilling,0.0
smartpath,centrex,qc,disconnect,0.0
smartpath,businesslines,bc,move,0.0
smartpath,businesslines,ns,portout,0.0
smartpath,resellerbusinesslines,on,generalinquiry-othergeneral,0.0
smartpath,businesslines,on,generalinquiry-directinwardcalling,0.0
kana,directorylisting,on,generalinquiry-accountcontractupdate,0.0
smartpath,managedservices,qc,billinginquiry-banrequest,0.0
smartpath,centrex,qc,coaching,0.0
smartpath,btce,ns,billinginquiry-otherbilling,0.0
smartpath,globalbusinessinternetservice,on,billinginquiry-otherbilling,0.0
smartpath,ipvpn,on,generalinquiry-accountcontractupdate,0.0
kana,tollfree,on,winback,0.0
smartpath,businessinternet,ns,billinginquiry-billingaccountupdate,0.0
smartpath,ipvpn,qc,generalinquiry-othergeneral,0.0
smartpath,audioconferencing,on,change,0.0
smartpath,corporatehardwareorders,ab,newactivationportin,0.0
ssc,centrex,west,billinginquiry-otherbilling,0.0
ssc,businesslines,on,generalinquiry-othergeneral,0.0
smartpath,ipvpn,qc,billinginquiry-invoiceexplanation,0.0
pwo,managedservices,on,agreementcreation,0.0
kana,datalegacy,on,add,0.0
smartpath,megalink,qc,billinginquiry-copyofinvoice,0.0
kana,businessinternetdedicated,on,billinginquiry-balancetransferpaymentupdate,0.0
eom,managedservices,east,agreementcreationvalidated,0.0
smartpath,centrex,on,billinginquiry-incorrectrate,0.0
kana,vnet,east,generalinquiry-othergeneral,0.0
smartpath,centrex,nb,generalinquiry-transferresponsibility,0.0
smartpath,resellerinternet,qc,generalinquiry-directorylistings,0.0
smartpath,btce,west,generalinquiry-transferresponsibility,0.0
smartpath,ethernet,on,billinginquiry-invoiceexplanation,0.0
smartpath,businesslines,qc,generalinquiry-serviceaddressinformation,0.0
smartpath,wavelength,on,coaching,0.0
smartpath,centrex,on,facilitycheck,0.0
smartpath,siptrunk,on,billinginquiry-copyofinvoice,0.0
kana,ethernet,bc,disconnect,0.0
kana,wavelength,west,facilitycheck,0.0
ssc,otherdataservices,on,generalinquiry-pricingconfirmation,0.0
ssc,otherdataservices,on,billinginquiry-copyofinvoice,0.0
smartpath,datalegacy,qc,billinginquiry-otherbilling,0.0
smartpath,payphone,qc,generalinquiry-transferresponsibility,0.0
smartpath,businessinternetdedicated,qc,billinginquiry-invoiceexplanation,0.0
smartpath,businesslines,on,removelicense,0.0
smartpath,switchredirect,on,billinginquiry-balancetransferpaymentupdate,0.0
smartpath,ipvpn,bc,billinginquiry-otherbilling,0.0
smartpath,datalegacy,qc,generalinquiry-copyofequipmentrecord,0.0
smartpath,darkfibre,qc,generalinquiry-accountcontractupdate,0.0
smartpath,businessinternet,west,billinginquiry-incorrectrate,0.0
smartpath,tollfree,qc,billinginquiry-incorrectrate,0.0
smartpath,internetconnectservice,on,change,0.0
ssc,globalbusinessinternetservice,intl,change,0.0
smartpath,broadcast,ab,billinginquiry-copyofinvoice,0.0
pss,businesslines,bc,billinginquiry-otherbilling,0.0
smartpath,megalink,qc,inventory,0.0
smartpath,megalink,on,generalinquiry-transferresponsibility,0.0
smartpath,ipvpn,bc,facilitycheck,0.0
ssc,tollfree,on,billinginquiry-incorrectrate,0.0
smartpath,businessinternetdedicated,on,agreementcreation,0.0
ssc,otherdataservices,west,billinginquiry-copyofinvoice,0.0
smartpath,directorylisting,qc,generalinquiry-othergeneral,0.0
smartpath,businessinternet,sk,add,0.0
smartpath,infrastructureservices,on,billinginquiry-dispute,0.0
smartpath,siptrunk,nb,winback,0.0
kana,resellerbusinesslines,mb,disconnect,0.0
smartpath,businessinternet,bc,coaching,0.0
ssc,locallink,on,generalinquiry-pricingconfirmation,0.0
ssc,centrex,nb,disconnect,0.0
ssc,btce,bc,billinginquiry-otherbilling,0.0
smartpath,tollfree,west,migration,0.0
ssc,businesslines,nb,billinginquiry-billingaccountupdate,0.0
smartpath,broadband,nb,add,0.0
kana,tollfree,on,billinginquiry-invoiceexplanation,0.0
smartpath,dryloopdsl,on,generalinquiry-othergeneral,0.0
ssc,megalink,on,billinginquiry-invoiceexplanation,0.0
ssc,megalink,west,billinginquiry-invoiceexplanation,0.0
smartpath,bellmerakimanagement,on,generalinquiry-othergeneral,0.0
ssc,centrex,on,billinginquiry-invoiceexplanation,0.0
smartpath,resellerbusinesslines,on,change,0.0
smartpath,ipvpn,on,coaching,0.0
ssc,locallink,on,generalinquiry-othergeneral,0.0
ssc,btce,ab,generalinquiry-othergeneral,0.0
smartpath,centrex,nb,billinginquiry-invoiceexplanation,0.0
smartpath,siptrunk,west,add,0.0
smartpath,warehousesupport,on,orders,0.0
pss,btce,on,billinginquiry-copyofinvoice,0.0
smartpath,businessinternet,mb,agreementcreation,0.0
eom,siptrunk,on,agreementregistered,0.0
ssc,locallink,qc,billinginquiry-copyofinvoice,0.0
smartpath,businessinternetbrokered,ns,add,0.0
smartpath,businessinternet,qc,generalinquiry-accountcontractupdate,0.0
smartpath,corporatehardwareorders,bc,return,0.0
smartpath,businessinternet,bc,billinginquiry-balancetransferpaymentupdate,0.0
smartpath,tollfree,nl,generalinquiry-othergeneral,0.0
kana,siptrunk,ns,change,0.0
smartpath,switchredirect,west,coaching,0.0
smartpath,tollfreeinternational,qc,generalinquiry-othergeneral,0.0
smartpath,datalegacy,ab,disconnect,0.0
smartpath,managedservices,nb,change,0.0
kana,saput,qc,billinginquiry-copyofinvoice,0.0
smartpath,tollfree,bc,generalinquiry-othergeneral,0.0
smartpath,businessinternetbrokered,mb,coaching,0.0
ssc,otherdataservices,on,billinginquiry-invoiceexplanation,0.0
smartpath,btce,bc,add,0.0
ssc,businessinternetdedicated,west,generalinquiry-transferresponsibility,0.0
smartpath,businesslines,ab,generalinquiry-othergeneral,0.0
smartpath,megalink,mb,generalinquiry-directinwardcalling,0.0
smartpath,businessinternet,mb,generalinquiry-othergeneral,0.0
ssc,businesslines,west,disconnect,0.0
smartpath,ipvpn,on,new,0.0
smartpath,megalink,ab,generalinquiry-pricingconfirmation,0.0
smartpath,vnet,on,coaching,0.0
smartpath,businessinternetdedicated,qc,generalinquiry-pricingconfirmation,0.0
smartpath,ipvpn,qc,facilitycheck,0.0
ssc,locallink,west,billinginquiry-invoiceexplanation,0.0
ssc,ipvpn,on,billinginquiry-incorrectrate,0.0
ssc,businesslines,on,billinginquiry-copyofinvoice,0.0
smartpath,tollfreeinternational,qc,change,0.0
smartpath,siptrunk,ab,generalinquiry-copyofequipmentrecord,0.0
smartpath,businesslines,ns,billinginquiry-billingaccountupdate,0.0
smartpath,businesslines,mb,disconnect,0.0
smartpath,siptrunk,ab,portout,0.0
ssc,digitalprivateline,west,generalinquiry-othergeneral,0.0
smartpath,businessinternetbrokered,nt,coaching,0.0
pss,centrex,on,generalinquiry-othergeneral,0.0
smartpath,ipvpn,bc,coaching,0.0
pwo,localaccesspackage,on,new,0.0
smartpath,ethernet,qc,billinginquiry-copyofinvoice,0.0
smartpath,ipvpn,qc,billinginquiry-balancetransferpaymentupdate,0.0
smartpath,megalink,ns,facilitycheck,0.0
ssc,wavelength,on,billinginquiry-invoiceexplanation,0.0
ssc,businesslines,bc,generalinquiry-accountcontractupdate,0.0
smartpath,centrex,nl,generalinquiry-othergeneral,0.0
smartpath,ipvpn,ab,coaching,0.0
smartpath,centrex,ab,generalinquiry-directorylistings,0.0
smartpath,btce,ab,generalinquiry-pricingconfirmation,0.0
ssc,tollfree,on,billinginquiry-billingaccountupdate,0.0
ssc,businesslines,sk,generalinquiry-accountcontractupdate,0.0
kana,businesslines,on,billinginquiry-otherbilling,0.0
smartpath,businessinternetbrokered,ns,generalinquiry-othergeneral,0.0
kana,directorylisting,qc,ilec,0.0
smartpath,tollfree,qc,generalinquiry-copyofequipmentrecord,0.0
smartpath,businessinternetbrokered,on,add,0.0
smartpath,centrex,bc,billinginquiry-balancetransferpaymentupdate,0.0
ssc,btce,on,billinginquiry-incorrectrate,0.0
smartpath,corporatehardwareorders,on,status,0.0
smartpath,businessinternet,nl,billinginquiry-dslpromo,0.0
kana,ethernet,west,generalinquiry-othergeneral,0.0
smartpath,digitalprivateline,qc,coaching,0.0
ssc,siptrunk,qc,generalinquiry-feasibilityinformation,0.0
smartpath,corporatebillinginquiries,on,noactionrequired,0.0
smartpath,globalbusinessinternetdedicated,on,generalinquiry-othergeneral,0.0
ssc,ethernet,on,generalinquiry-pricingconfirmation,0.0
smartpath,tollfreeinternational,on,add,0.0
smartpath,btce,west,migration,0.0
ssc,siptrunk,on,generalinquiry-othergeneral,0.0
smartpath,businesslines,pe,billinginquiry-otherbilling,0.0
smartpath,businesslines,pe,billinginquiry-obmsupport,0.0
smartpath,sap,on,new,0.0
smartpath,siptrunk,ab,add,0.0
smartpath,saput,qc,add,0.0
smartpath,centrex,on,generalinquiry-feasibilityinformation,0.0
smartpath,siptrunk,bc,billinginquiry-copyofinvoice,0.0
smartpath,businessinternetdedicated,mb,generalinquiry-reseller,0.0
ssc,locallink,on,generalinquiry-serviceaddressinformation,0.0
smartpath,corporatehardwareorders,on,changeimei,0.0
pwo,businessinternet,qc,agreementcreation,0.0
ssc,tollfree,sk,add,0.0
smartpath,saput,qc,generalinquiry-othergeneral,0.0
kana,switchredirect,qc,new,0.0
smartpath,businesslines,ab,billinginquiry-obmsupport,0.0
ssc,btce,west,billinginquiry-balancetransferpaymentupdate,0.0
smartpath,megalink,on,generalinquiry-directinwardcalling,0.0
ssc,otherdataservices,east,generalinquiry-othergeneral,0.0
ssc,megalink,west,generalinquiry-serviceaddressinformation,0.0
ssc,businessinternet,nl,generalinquiry-othergeneral,0.0
ssc,centrex,qc,billinginquiry-billingaccountupdate,0.0
smartpath,siptrunk,on,add,0.0
ssc,businessinternetdedicated,west,billinginquiry-invoiceexplanation,0.0
smartpath,siptrunk,east,winback,0.0
smartpath,siptrunk,east,migration,0.0
smartpath,globalbusinessinternetdedicated,on,generalinquiry-pricingconfirmation,0.0
smartpath,businessinternet,on,migration,0.0
smartpath,internetconnectservice,qc,disconnect,0.0
pwo,globalipvpn,on,agreementregistered,0.0
smartpath,broadband,bc,generalinquiry-othergeneral,0.0
smartpath,centrex,qc,new,0.0
smartpath,corporateservicerepair,on,quote,0.0
smartpath,msos365,qc,generalinquiry-accountcontractupdate,0.0
ssc,siptrunk,qc,billinginquiry-otherbilling,0.0
smartpath,megalink,ab,billinginquiry-invoiceexplanation,0.0
smartpath,tollfreeinternational,west,billinginquiry-balancetransferpaymentupdate,0.0
smartpath,corporateservicerepair,ab,quote,0.0
ssc,businesslines,qc,generalinquiry-copyofequipmentrecord,0.0
ssc,eip,qc,move,0.0
smartpath,saput,on,add,0.0
smartpath,ipvpn,nb,change,0.0
ssc,businesslines,ns,change,0.0
smartpath,centrex,on,winback,0.0
smartpath,globalbusinessinternetdedicated,intl,generalinquiry-pricingconfirmation,0.0
ssc,ipvpn,qc,generalinquiry-feasibilityinformation,0.0
smartpath,siptrunk,on,disconnect,0.0
ssc,btce,pe,add,0.0
kana,tollfreeinternational,qc,inventory,0.0
smartpath,tollfree,qc,generalinquiry-othergeneral,0.0
smartpath,wavelength,intl,billinginquiry-copyofinvoice,0.0
smartpath,webcasting,on,webcastproduction,0.0
smartpath,businesslines,bc,coaching,0.0
smartpath,siptrunk,sk,generalinquiry-copyofequipmentrecord,0.0
smartpath,businesslines,qc,generalinquiry-directorylistings,0.0
smartpath,businessinternetdedicated,west,generalinquiry-copyofequipmentrecord,0.0
smartpath,wavelength,on,pricing,0.0
smartpath,locallink,on,generalinquiry-othergeneral,0.0
smartpath,corporatehardwareorders,qc,inventoryavailability,0.0
eom,niceincontactcxone,qc,agreementregistered,0.0
ssc,locallink,qc,billinginquiry-incorrectrate,0.0
ssc,ipvpn,on,billinginquiry-invoiceexplanation,0.0
smartpath,directorylisting,on,bliffman,0.0
smartpath,sap,on,billinginquiry-incorrectrate,0.0
ssc,ipvpn,on,generalinquiry-feasibilityinformation,0.0
smartpath,ondemandcontactcentre,qc,coaching,0.0
pss,megalink,qc,billinginquiry-otherbilling,0.0
smartpath,btce,on,serviceassurance,0.0
smartpath,businesslines,on,generalinquiry-accountcontractupdate,0.0
smartpath,businesslines,qc,escpartner,0.0
pss,sap,on,billinginquiry-otherbilling,0.0
smartpath,siptrunk,bc,portout,0.0
ssc,megalink,on,billinginquiry-copyofinvoice,0.0
smartpath,wavelength,on,billinginquiry-invoiceexplanation,0.0
smartpath,ipvpn,east,generalinquiry-othergeneral,0.0
kana,digitalprivateline,west,disconnect,0.0
kana,megalink,on,disconnect,0.0
smartpath,businesslines,bc,billinginquiry-invoiceexplanation,0.0
smartpath,businesslines,nb,generalinquiry-copyofequipmentrecord,0.0
smartpath,ipvpn,qc,agreementregistered,0.0
smartpath,businesslines,mb,billinginquiry-copyofinvoice,0.0
ssc,megalink,qc,billinginquiry-incorrectrate,0.0
smartpath,businessinternetbrokered,west,change,0.0
smartpath,eip,on,billinginquiry-otherbilling,0.0
ssc,centrex,qc,generalinquiry-serviceaddressinformation,0.0
smartpath,ondemandcontactcentre,west,coaching,0.0
ssc,siptrunk,west,generalinquiry-accountcontractupdate,0.0
smartpath,localaccesspackage,qc,change,0.0
ssc,businessinternetdedicated,ns,add,0.0
pss,megalink,west,generalinquiry-directinwardcalling,0.0
smartpath,businessinternet,west,billinginquiry-copyofinvoice,0.0
ssc,businesslines,west,move,0.0
pwo,ipvpn,qc,agreementcreation,0.0
smartpath,businessinternetdedicated,west,disconnect,0.0
ssc,centrex,qc,generalinquiry-directorylistings,0.0
kana,businesslines,qc,billinginquiry-copyofinvoice,0.0
kana,professionalservices,qc,billinginquiry-invoiceexplanation,0.0
smartpath,localaccesspackage,qc,agreementcreation,0.0
smartpath,businessinternetdedicated,on,billinginquiry-billingaccountupdate,0.0
pwo,broadband,on,agreementcreation,0.0
smartpath,sap,qc,generalinquiry-transferresponsibility,0.0
ssc,megalink,on,generalinquiry-pricingconfirmation,0.0
smartpath,wavelength,on,new,0.0
smartpath,businesslines,nl,generalinquiry-serviceaddressinformation,0.0
smartpath,businessinternet,ns,billinginquiry-incorrectrate,0.0
smartpath,btce,west,winback,0.0
smartpath,businessinternetdedicated,on,billinginquiry-balancetransferpaymentupdate,0.0
smartpath,ondemandcontactcentre,nb,billinginquiry-otherbilling,0.0
ssc,locallink,qc,generalinquiry-pricingconfirmation,0.0
smartpath,megalink,nl,generalinquiry-directinwardcalling,0.0
smartpath,businessinternetdedicated,qc,generalinquiry-transferresponsibility,0.0
ssc,tollfree,on,billinginquiry-invoiceexplanation,0.0
smartpath,professionalservices,on,generalinquiry-accountcontractupdate,0.0
ssc,locallink,on,billinginquiry-invoiceexplanation,0.0
smartpath,siptrunk,nl,add,0.0
smartpath,microlink,on,generalinquiry-othergeneral,0.0
ssc,otherdataservices,qc,billinginquiry-balancetransferpaymentupdate,0.0
smartpath,megalink,ns,move,0.0
smartpath,ipvpn,ab,billinginquiry-copyofinvoice,0.0
smartpath,bellmerakimanagement,on,disconnect,0.0
ssc,megalink,on,generalinquiry-transferresponsibility,0.0
smartpath,msos365,on,billinginquiry-billingaccountupdate,0.0
smartpath,broadband,on,billinginquiry-invoiceexplanation,0.0
pss,localaccesspackage,qc,generalinquiry-othergeneral,0.0
smartpath,microlink,bc,generalinquiry-othergeneral,0.0
kana,ethernet,ab,add,0.0
smartpath,professionalservices,ns,billinginquiry-otherbilling,0.0
kana,vnet,ns,change,0.0
smartpath,megalink,on,facilitycheck,0.0
ssc,megalink,west,generalinquiry-copyofequipmentrecord,0.0
smartpath,siptrunk,sk,migration,0.0
smartpath,globalipvpn,west,coaching,0.0
smartpath,wirelessbackupbis,on,new,0.0
smartpath,centrex,on,generalinquiry-pricingconfirmation,0.0
smartpath,businesslines,bc,change,0.0
smartpath,ethernet,on,generalinquiry-transferresponsibility,0.0
smartpath,businessinternetdedicated,west,billinginquiry-otherbilling,0.0
smartpath,globalipvpn,intl,change,0.0
ssc,ipvpn,intl,generalinquiry-feasibilityinformation,0.0
smartpath,tollfreeinternational,on,coaching,0.0
smartpath,megalink,on,serviceassurance,0.0
ssc,ipvpn,intl,generalinquiry-othergeneral,0.0
smartpath,megalink,qc,generalinquiry-directinwardcalling,0.0
smartpath,corporatereporting,ab,new,0.0
smartpath,siptrunk,mb,winback,0.0
ssc,btce,on,generalinquiry-pricingconfirmation,0.0
kana,localaccesspackage,qc,move,0.0
smartpath,otherdataservices,on,disconnect,0.0
smartpath,siptrunk,ns,winback,0.0
ssc,btce,ab,change,0.0
smartpath,businesslines,west,billinginquiry-otherbilling,0.0
smartpath,globalprivateline,intl,coaching,0.0
smartpath,professionalservices,on,billinginquiry-otherbilling,0.0
ssc,businesslines,on,generalinquiry-feasibilityinformation,0.0
smartpath,datalegacy,qc,add,0.0
ssc,siptrunk,west,generalinquiry-othergeneral,0.0
smartpath,sap,on,billinginquiry-otherbilling,0.0
ssc,siptrunk,east,add,0.0
smartpath,sap,qc,billinginquiry-billingaccountupdate,0.0
smartpath,siptrunk,west,change,0.0
ssc,centrex,on,generalinquiry-pricingconfirmation,0.0
ssc,tollfree,sk,disconnect,0.0
smartpath,tollfree,nb,800features,0.0
smartpath,broadband,nl,generalinquiry-othergeneral,0.0
smartpath,centrex,ns,billinginquiry-copyofinvoice,0.0
ssc,businessinternetdedicated,on,generalinquiry-transferresponsibility,0.0
smartpath,businesslines,on,trafficstudy,0.0
smartpath,businesslines,bc,billinginquiry-obmsupport,0.0
ssc,locallink,west,billinginquiry-otherbilling,0.0
ssc,ipvpn,qc,generalinquiry-accountcontractupdate,0.0
ssc,businessinternet,west,billinginquiry-otherbilling,0.0
smartpath,ipvpn,ns,facilitycheck,0.0
eom,eip,qc,agreementcreationvalidated,0.0
ssc,tollfree,west,generalinquiry-othergeneral,0.0
smartpath,managedservices,qc,add,0.0
smartpath,businesslines,on,agreementcreationvalidated,0.0
smartpath,megalink,ns,change,0.0
smartpath,centrex,pe,add,0.0
ssc,businesslines,west,generalinquiry-directorylistings,0.0
smartpath,msos365,on,change,0.0
kana,megalink,on,generalinquiry-directinwardcalling,0.0
smartpath,btce,on,facilitycheck,0.0
smartpath,businessinternetdedicated,on,add,0.0
smartpath,globalipvpn,intl,pricing,0.0
ssc,megalink,on,generalinquiry-directinwardcalling,0.0
ssc,siptrunk,on,generalinquiry-pricingconfirmation,0.0
smartpath,megalink,ab,generalinquiry-copyofequipmentrecord,0.0
smartpath,businesslines,nb,disconnect,0.0
smartpath,broadband,ab,disconnect,0.0
kana,businessinternetdedicated,west,billinginquiry-copyofinvoice,0.0
smartpath,localaccesspackage,on,generalinquiry-copyofequipmentrecord,0.0
ssc,ethernet,on,billinginquiry-invoiceexplanation,0.0
smartpath,webcasting,nb,generalinquiry-othergeneral,0.0
kana,localaccesspackage,qc,disconnect,0.0
smartpath,adsllas,ab,3235,0.0
smartpath,businessinternetbrokered,on,change,0.0
kana,wavelength,on,facilitycheck,0.0
kana,switchredirect,west,generalinquiry-othergeneral,0.0
smartpath,btce,nl,billinginquiry-otherbilling,0.0
smartpath,siptrunk,west,migration,0.0
smartpath,businesslines,bc,generalinquiry-directinwardcalling,0.0
smartpath,managedservices,qc,billinginquiry-copyofinvoice,0.0
smartpath,ethernet,qc,billinginquiry-billingaccountupdate,0.0
smartpath,siptrunk,qc,generalinquiry-feasibilityinformation,0.0
pss,eip,on,change,0.0
smartpath,btce,sk,add,0.0
kana,vnet,east,new,0.0
smartpath,businessinternetdedicated,ab,billinginquiry-otherbilling,0.0
smartpath,megalink,west,billinginquiry-otherbilling,0.0
kana,localaccesspackage,east,billinginquiry-otherbilling,0.0
ssc,ethernet,qc,billinginquiry-balancetransferpaymentupdate,0.0
ssc,megalink,qc,generalinquiry-accountcontractupdate,0.0
smartpath,otherdataservices,on,billinginquiry-balancetransferpaymentupdate,0.0
smartpath,businessinternetdedicated,on,change,0.0
ssc,businesslines,pe,generalinquiry-transferresponsibility,0.0
ssc,btce,on,billinginquiry-invoiceexplanation,0.0
smartpath,btce,qc,winback,0.0
pss,businessinternet,on,billinginquiry-invoiceexplanation,0.0
smartpath,btce,ab,billinginquiry-copyofinvoice,0.0
smartpath,businessinternetdedicated,bc,generalinquiry-accountcontractupdate,0.0
smartpath,megalink,west,trafficstudy,0.0
smartpath,megalink,bc,billinginquiry-copyofinvoice,0.0
ssc,ethernet,west,billinginquiry-billingaccountupdate,0.0
smartpath,directorylisting,qc,migration,0.0
smartpath,businessinternet,qc,billinginquiry-balancetransferpaymentupdate,0.0
smartpath,globalbusinessinternetservice,ns,billinginquiry-copyofinvoice,0.0
smartpath,datalegacy,intl,disconnect,0.0
smartpath,ondemandcontactcentre,qc,new,0.0
kana,ipvpn,pe,disconnect,0.0
smartpath,eip,on,billinginquiry-incorrectrate,0.0
smartpath,broadband,intl,add,0.0
smartpath,ipvpn,nb,pricing,0.0
ssc,businesslines,on,billinginquiry-incorrectrate,0.0
smartpath,businessinternetdedicated,other,migration,0.0
smartpath,corporatebillinginquiries,on,newactivations,0.0
smartpath,businessinternet,pe,change,0.0
kana,localaccesspackage,on,billinginquiry-copyofinvoice,0.0
smartpath,ondemandcontactcentre,nl,add,0.0
smartpath,broadband,east,add,0.0
smartpath,corporatehardwareorders,mb,inventoryavailability,0.0
ssc,businesslines,west,billinginquiry-billingaccountupdate,0.0
ssc,businessinternetdedicated,ns,change,0.0
smartpath,directorylisting,on,generalinquiry-othergeneral,0.0
smartpath,digitalprivateline,on,billinginquiry-otherbilling,0.0
smartpath,globalipvpn,nl,change,0.0
smartpath,tollfree,ns,billinginquiry-billingaccountupdate,0.0
smartpath,resellerbusinesslines,pe,generalinquiry-othergeneral,0.0
ssc,siptrunk,on,billinginquiry-incorrectrate,0.0
smartpath,centrex,ab,billinginquiry-incorrectrate,0.0
ssc,ipvpn,on,billinginquiry-copyofinvoice,0.0
smartpath,professionalservices,on,agreementcreation,0.0
pwo,businessinternetbrokered,mb,new,0.0
smartpath,siptrunk,qc,dals,0.0
ssc,locallink,nb,generalinquiry-othergeneral,0.0
ssc,businesslines,on,generalinquiry-incorrectrate,0.0
smartpath,digitalprivateline,on,billinginquiry-copyofinvoice,0.0
smartpath,megalink,ab,change,0.0
smartpath,ethernet,west,coaching,0.0
eom,wirelessbackupbib,west,facilitycheck,0.0
smartpath,directorylisting,qc,escpartner,0.0
smartpath,businesslines,west,generalinquiry-serviceaddressinformation,0.0
kana,businesslines,on,generalinquiry-copyofequipmentrecord,0.0
pwo,businesslines,qc,agreementcreationvalidated,0.0
smartpath,businesslines,ns,generalinquiry-serviceaddressinformation,0.0
smartpath,businessinternetbrokered,qc,billinginquiry-invoiceexplanation,0.0
pwo,megalink,on,agreementregistered,0.0
smartpath,globalbusinessinternetdedicated,intl,add,0.0
ssc,megalink,bc,generalinquiry-accountcontractupdate,0.0
smartpath,businesslines,east,billinginquiry-invoiceexplanation,0.0
smartpath,btce,on,generalinquiry-accountcontractupdate,0.0
smartpath,businessinternetbrokered,mb,change,0.0
ssc,megalink,on,add,0.0
ssc,wavelength,on,billinginquiry-copyofinvoice,0.0
smartpath,managedservices,bc,generalinquiry-othergeneral,0.0
smartpath,megalink,on,new,0.0
smartpath,globalipvpn,intl,billinginquiry-otherbilling,0.0
smartpath,globalprivateline,ab,generalinquiry-othergeneral,0.0
smartpath,ondemandcontactcentre,mb,billinginquiry-otherbilling,0.0
smartpath,datalegacy,on,agreementcreationcomplex,0.0
ssc,businessinternetdedicated,west,generalinquiry-serviceaddressinformation,0.0
ssc,businessinternet,on,billinginquiry-balancetransferpaymentupdate,0.0
ssc,centrex,qc,generalinquiry-othergeneral,0.0
smartpath,ondemandcontactcentre,qc,change,0.0
smartpath,localaccesspackage,qc,billinginquiry-balancetransferpaymentupdate,0.0
smartpath,businessinternet,qc,generalinquiry-feasibilityinformation,0.0
kana,ipvpn,qc,billinginquiry-otherbilling,0.0
smartpath,tollfree,west,billinginquiry-copyofinvoice,0.0
smartpath,corporategeneralinquiries,on,generalservicerequest,0.0
smartpath,businesslines,mb,generalinquiry-accountcontractupdate,0.0
ssc,businesslines,ab,generalinquiry-directorylistings,0.0
smartpath,switchredirect,on,change,0.0
smartpath,businessinternet,ns,reconnection,0.0
smartpath,megalink,qc,change,0.0
ssc,ipvpn,on,generalinquiry-othergeneral,0.0
smartpath,businessinternetdedicated,qc,billinginquiry-dispute,0.0
smartpath,dedicatedinternetaccess,on,billinginquiry-invoiceexplanation,0.0
smartpath,globalbusinessinternetdedicated,on,change,0.0
smartpath,businessinternet,ab,generalinquiry-othergeneral,0.0
smartpath,ipvpn,qc,billinginquiry-incorrectrate,0.0
smartpath,infrastructureservices,qc,disconnect,0.0
pwo,ipvpn,west,agreementcreation,0.0
smartpath,businesslines,sk,billinginquiry-invoiceexplanation,0.0
pss,businessinternet,on,generalinquiry-othergeneral,0.0
ssc,megalink,ab,generalinquiry-directinwardcalling,0.0
ssc,btce,west,billinginquiry-incorrectrate,0.0
smartpath,datalegacy,on,generalinquiry-accountcontractupdate,0.0
smartpath,switchredirect,qc,billinginquiry-otherbilling,0.0
smartpath,sap,qc,billinginquiry-incorrectrate,0.0
ssc,centrex,on,billinginquiry-balancetransferpaymentupdate,0.0
smartpath,btce,east,coaching,0.0
ssc,tollfree,on,generalinquiry-copyofequipmentrecord,0.0
pss,businesslines,on,generalinquiry-copyofequipmentrecord,0.0
smartpath,ipvpn,ab,billinginquiry-incorrectrate,0.0
smartpath,businessinternetdedicated,qc,disconnect,0.0
smartpath,megalink,on,800features,0.0
smartpath,corporategeneralinquiries,on,billinginquiry,0.0
ssc,businessinternet,ns,change,0.0
smartpath,businessinternetdedicated,qc,coaching,0.0
smartpath,btce,west,add,0.0
ssc,megalink,west,billinginquiry-otherbilling,0.0
smartpath,tollfreeinternational,on,generalinquiry-othergeneral,0.0
smartpath,businessinternet,ab,disconnect,0.0
ssc,locallink,qc,billinginquiry-balancetransferpaymentupdate,0.0
smartpath,centrex,nb,add,0.0
smartpath,businessinternetdedicated,bc,move,0.0
smartpath,tollfreeinternational,on,billinginquiry-balancetransferpaymentupdate,0.0
smartpath,btce,on,suspension,0.0
ssc,onenet,yt,projectmac,0.0
ssc,centrex,on,generalinquiry-feasibilityinformation,0.0
smartpath,megalink,west,billinginquiry-incorrectrate,0.0
smartpath,saput,on,billinginquiry-incorrectrate,0.0
smartpath,sap,east,billinginquiry-copyofinvoice,0.0
ssc,otherdataservices,on,generalinquiry-accountcontractupdate,0.0
smartpath,businessinternetdedicated,qc,generalinquiry-othergeneral,0.0
smartpath,datalegacy,qc,billinginquiry-invoiceexplanation,0.0
ssc,digitalprivateline,ab,disconnect,0.0
smartpath,dataschedule3a,on,billinginquiry-copyofinvoice,0.0
smartpath,vnet,on,distance,0.0
smartpath,globalipvpn,on,new,0.0
smartpath,ondemandcontactcentre,ab,800features,0.0
smartpath,businessinternet,nb,generalinquiry-othergeneral,0.0
smartpath,corporatehardwareorders,on,hardwareorderchange,0.0
kana,datalegacy,on,move,0.0
smartpath,broadband,nb,billinginquiry-billingaccountupdate,0.0
email,audioconferencing,nl,disconnect,0.0
egain,digitalprivateline,on,generalinquiry-othergeneral,0.0
email,ipvpn,on,add,0.0
egain,megalink,east,generalinquiry-serviceaddressinformation,0.0
email,managedservices,qc,noactionrequired,0.0
email,audioconferencing,west,disconnect,0.0
email,digitalprivateline,on,add,0.0
eom,tollfreeinternational,on,agreementregistered,0.0
email,siptrunk,west,billinginquiry-otherbilling,0.0
email,directorylisting,on,disconnect,0.0
email,corporategeneralinquiries,on,cancelsubscriber,0.0
email,corporateaccountservice,on,billinginquiry,0.0
eom,professionalservices,qc,new,0.0
email,datalegacy,west,disconnect,0.0
egain,otherdataservices,ns,generalinquiry-othergeneral,0.0
email,bandwidthselect,sk,disconnect,0.0
egain,datalegacy,east,billinginquiry-balancetransferpaymentupdate,0.0
egain,centrex,east,new,0.0
egain,businesslines,nl,billinginquiry-billingaccountupdate,0.0
egain,centrex,east,generalinquiry-feasibilityinformation,0.0
email,managedservices,on,new,0.0
egain,professionalservices,pe,disconnect,0.0
email,broadband,ns,generalinquiry-othergeneral,0.0
email,megalink,intl,billinginquiry-otherbilling,0.0
email,digitalprivateline,bc,disconnect,0.0
email,audioconferencing,qc,billinginquiry-otherbilling,0.0
egain,resellerbusinesslines,east,seasonalservice,0.0
email,corporateselfservetools,on,accountservicerep,0.0
email,corporatehardwareorders,on,wirelessclientcare,0.0
email,managedservices,west,billinginquiry-otherbilling,0.0
kana,businessinternet,on,billinginquiry-otherbilling,0.0
eom,globalipvpn,on,new,0.0
email,ethernet,on,billinginquiry-invoiceexplanation,0.0
email,webex,nl,billinginquiry-otherbilling,0.0
email,corporatehardwareorders,qc,status,0.0
email,audioconferencing,on,new,0.0
egain,vnet,east,billinginquiry-invoiceexplanation,0.0
email,msos365,qc,generalinquiry-othergeneral,0.0
egain,resellerresidentialline,east,billinginquiry-otherbilling,0.0
eom,localaccesspackage,west,agreementcreation,0.0
email,broadband,on,disconnect,0.0
egain,wavelength,nb,disconnect,0.0
smartpath,businesslines,east,billinginquiry-copyofinvoice,0.0
email,managedservices,west,disconnect,0.0
egain,contactcentre,east,add,0.0
egain,ipvpn,east,billinginquiry-otherbilling,0.0
eom,btce,bc,generalinquiry-othergeneral,0.0
smartpath,ipvpn,on,generalinquiry-othergeneral,0.0
egain,switchredirect,east,billinginquiry-otherbilling,0.0
email,corporatehardwareorders,on,mobilenumberchange,0.0
kana,megalink,on,new,0.0
egain,professionalservices,east,move,0.0
egain,managedservices,east,billinginquiry-billingaccountupdate,0.0
email,corporategeneralinquiries,on,generalservicerequest,0.0
email,businessinternet,intl,billinginquiry-otherbilling,0.0
egain,virtualnetworkservices,east,change,0.0
eom,tollfree,west,agreementcreationvalidated,0.0
smartpath,wavelength,qc,facilitycheck,0.0
kana,ipvpn,ns,generalinquiry-othergeneral,0.0
egain,megalink,east,agreementregistered,0.0
email,businesslines,east,pinreset,0.0
email,corporateservicerepair,on,technicalsupport,0.0
egain,webhosting,east,disconnect,0.0
email,msos365,on,billinginquiry-otherbilling,0.0
egain,megalink,east,3235,0.0
email,btce,on,generalinquiry-othergeneral,0.0
email,corporatehardwareinquiries,on,unlockdevice,0.0
email,wavelength,qc,generalinquiry-othergeneral,0.0
egain,otherdataservices,east,icreditrequest,0.0
eom,businessinternetdedicated,west,generalinquiry-othergeneral,0.0
egain,ethernet,east,generalinquiry-serviceaddressinformation,0.0
egain,centrex,east,inventory,0.0
egain,resellerbusinesslines,east,change,0.0
email,broadcast,qc,new,0.0
email,bandwidthselect,on,billinginquiry-otherbilling,0.0
egain,webhosting,east,billinginquiry-balancetransferpaymentupdate,0.0
egain,microlink,east,seasonalservice,0.0
email,corporatehardwareinquiries,on,quote,0.0
email,internalteamsupport,on,wirelessclientcare,0.0
email,audioconferencing,east,generalinquiry-othergeneral,0.0
egain,microlink,east,change,0.0
egain,businessinternetdedicated,east,billinginquiry-incorrectrate,0.0
email,internetconnectservice,west,generalinquiry-othergeneral,0.0
egain,megalink,east,billinginquiry-invoiceexplanation,0.0
egain,wavelength,ns,new,0.0
kana,centrex,on,facilitycheck,0.0
eom,ondemandcontactcentre,on,agreementcreation,0.0
egain,datalegacy,east,change,0.0
smartpath,corporatehardwareinquiries,on,usernamechange,0.0
kana,btce,ab,add,0.0
email,audioconferencing,east,billinginquiry-otherbilling,0.0
email,sap,qc,change,0.0
email,internetconnectservice,qc,disconnect,0.0
egain,managedsecurityservices,ns,billinginquiry-otherbilling,0.0
smartpath,broadband,nl,add,0.0
kana,tollfree,on,generalinquiry-transferresponsibility,0.0
email,businessinternet,ns,billinginquiry-incorrectrate,0.0
eom,businesslines,on,new,0.0
egain,infrastructureservices,nl,generalinquiry-othergeneral,0.0
email,wavelength,on,move,0.0
eom,wavelength,intl,agreementcreation,0.0
pss,locallink,west,generalinquiry-copyofequipmentrecord,0.0
egain,digitalprivateline,nb,generalinquiry-othergeneral,0.0
egain,megalink,ns,generalinquiry-serviceaddressinformation,0.0
egain,otherdataservices,east,disconnect,0.0
kana,directorylisting,on,cliffagent,0.0
email,corporateaccountservice,on,wirelessclientcare,0.0
kana,eip,west,generalinquiry-othergeneral,0.0
egain,otherdataservices,nl,disconnect,0.0
email,audioconferencing,west,billinginquiry-otherbilling,0.0
kana,digitalprivateline,qc,billinginquiry-otherbilling,0.0
egain,ipvpn,east,change,0.0
email,webex,on,change,0.0
eom,btce,on,pcoesamedayexpedite,0.0
email,businessinternetdedicated,intl,generalinquiry-othergeneral,0.0
smartpath,btce,bc,billinginquiry-billingaccountupdate,0.0
email,infrastructureservices,on,generalinquiry-othergeneral,0.0
kana,tollfree,on,billinginquiry-billingaccountupdate,0.0
email,ethernet,on,generalinquiry-othergeneral,0.0
email,ondemandcontactcentre,qc,change,0.0
email,eip,qc,generalinquiry-othergeneral,0.0
email,corporatehardwareinquiries,on,ordertrackingstatus,0.0
eom,globalipvpn,on,generalinquiry-othergeneral,0.0
email,audioconferencing,on,disconnect,0.0
email,bellmanagedservicesforciscomeraki,on,new,0.0
egain,professionalservices,east,generalinquiry-accountcontractupdate,0.0
email,ondemandcontactcentre,nb,add,0.0
email,corporategeneralinquiries,on,deploymentupgrade,0.0
email,corporatehardwareorders,qc,changesim,0.0
email,datacentreandcloud,nb,generalinquiry-othergeneral,0.0
egain,digitalprivateline,ns,billinginquiry-invoiceexplanation,0.0
email,ethernet,bc,disconnect,0.0
email,sap,on,new,0.0
email,webex,east,temporaryservice,0.0
email,corporatehardwareorders,on,devicemdmenrollment,0.0
email,dedicatedinternetaccess,west,billinginquiry-otherbilling,0.0
egain,btce,east,change,0.0
kana,sap,west,add,0.0
email,businessinternetdedicated,bc,disconnect,0.0
email,dedicatedinternetaccess,on,change,0.0
email,tollfree,on,billinginquiry-obmsupport,0.0
egain,otherdataservices,ns,new,0.0
egain,locallink,east,generalinquiry-portin,0.0
egain,siptrunk,east,winback,0.0
egain,digitalprivateline,east,migration,0.0
egain,siptrunk,east,change,0.0
email,bellmanagedservicesforciscomeraki,on,disconnect,0.0
egain,payphone,east,add,0.0
email,corporategeneralinquiries,qc,status,0.0
email,webex,qc,add,0.0
kana,ipvpn,bc,new,0.0
egain,microlink,east,generalinquiry-accountcontractupdate,0.0
email,dedicatedinternetaccess,on,add,0.0
email,businessinternetbrokered,west,disconnect,0.0
eom,globalprivateline,qc,facilitycheck,0.0
email,corporateselfservetools,on,orders,0.0
email,corporatehardwareinquiries,on,newactivations,0.0
egain,centrex,east,add,0.0
email,businesslines,west,billinginquiry-otherbilling,0.0
egain,megalink,east,generalinquiry-portin,0.0
email,webex,on,disconnect,0.0
email,videoconferencing,qc,generalinquiry-othergeneral,0.0
email,tollfree,qc,billinginquiry-taxexemption,0.0
egain,tollfreeinternational,east,generalinquiry-othergeneral,0.0
kana,centrex,qc,generalinquiry-accountcontractupdate,0.0
egain,tollfree,east,generalinquiry-portout,0.0
email,directorylisting,qc,cliff,0.0
email,businesslines,qc,winback,0.0
email,btce,qc,new,0.0
email,corporatebillinginquiries,on,accountservicerep,0.0
email,audioconferencing,qc,change,0.0
egain,digitalprivateline,nb,change,0.0
egain,resellerinternet,east,change,0.0
egain,sap,east,generalinquiry-othergeneral,0.0
eom,btce,bc,agreementcreation,0.0
egain,ethernet,east,facilitycheck,0.0
egain,resellerresidentialline,east,change,0.0
email,professionalservices,qc,billinginquiry-custombill,0.0
email,businessinternetbrokered,qc,new,0.0
egain,digitalprivateline,nl,billinginquiry-otherbilling,0.0
email,broadband,on,billinginquiry-otherbilling,0.0
email,wavelength,east,billinginquiry-otherbilling,0.0
email,managedservices,mb,generalinquiry-othergeneral,0.0
egain,datacentreandcloud,east,billinginquiry-invoiceexplanation,0.0
kana,globalbusinessinternetdedicated,intl,change,0.0
egain,professionalservices,east,portout,0.0
egain,resellerresidentialline,east,new,0.0
email,virtualnetworkservices,on,change,0.0
email,virtualnetworkservices,qc,generalinquiry-othergeneral,0.0
eom,globalipvpn,new brunswick,facilitycheck,0.0
egain,businessinternetdedicated,east,inventory,0.0
email,businesslines,qc,billinginquiry-custombill,0.0
email,corporategeneralinquiries,on,pricechange,0.0
email,businessinternetdedicated,on,change,0.0
egain,megalink,east,generalinquiry-accountcontractupdate,0.0
egain,ethernet,nb,billinginquiry-otherbilling,0.0
email,audioconferencing,qc,serviceassurance,0.0
egain,resellerbusinesslines,east,billinginquiry-billingaccountupdate,0.0
egain,tollfree,ns,billinginquiry-otherbilling,0.0
egain,digitalprivateline,nl,add,0.0
egain,centrex,nl,change,0.0
email,managedservices,intl,billinginquiry-otherbilling,0.0
email,businessinternetdedicated,intl,billinginquiry-otherbilling,0.0
email,corporateaccountservice,on,upgrade,0.0
email,ethernet,bc,add,0.0
email,megalink,on,billinginquiry-otherbilling,0.0
smartpath,btce,nb,billinginquiry-otherbilling,0.0
email,corporatehardwareorders,on,technicalsupport,0.0
kana,adsllas,on,disconnect,0.0
egain,infrastructureservices,east,billinginquiry-otherbilling,0.0
kana,businesslines,east,change,0.0
email,professionalservices,east,billinginquiry-dispute,0.0
eom,siptrunk,on,agreementcreationvalidated,0.0
email,corporatehardwareinquiries,on,hardwareordercancel,0.0
egain,megalink,east,new,0.0
email,corporategeneralinquiries,on,newactivations,0.0
email,infrastructureservices,qc,change,0.0
email,ipvpn,west,billinginquiry-otherbilling,0.0
egain,datalegacy,nb,billinginquiry-billingaccountupdate,0.0
egain,ipvpn,east,move,0.0
egain,payphone,east,generalinquiry-othergeneral,0.0
email,businessinternet,west,billinginquiry-custombill,0.0
email,businesslines,on,facilitycheck,0.0
eom,businesslines,qc,agreementregistered,0.0
email,audioconferencing,on,generalinquiry-othergeneral,0.0
email,businesslines,on,trafficstudy,0.0
eom,businessinternet,on,agreementregistered,0.0
eom,managedservices,nova scotia,agreementregistered,0.0
email,tollfree,qc,change,0.0
eom,localaccesspackage,west,agreementregistered,0.0
email,vnet,qc,generalinquiry-othergeneral,0.0
email,professionalservices,on,billinginquiry-obmsupport,0.0
email,corporatehardwareorders,ns,newactivations,0.0
eom,businesslines,on,pcoesamedayexpedite,0.0
email,ethernetaccessservice,qc,add,0.0
email,managedservices,intl,add,0.0
egain,datalegacy,east,icreditrequest,0.0
email,broadband,on,change,0.0
egain,tollfree,east,billinginquiry-copyofinvoice,0.0
email,localaccesspackage,qc,generalinquiry-othergeneral,0.0
email,businesslines,qc,billinginquiry-taxexemption,0.0
email,dedicatedinternetaccess,on,generalinquiry-othergeneral,0.0
egain,centrex,east,billinginquiry-invoiceexplanation,0.0
email,internalteamsupport,on,problemfile,0.0
egain,resellerbusinesslines,east,billinginquiry-balancetransferpaymentupdate,0.0
kana,tollfree,qc,billinginquiry-incorrectrate,0.0
email,bandwidthselect,bc,disconnect,0.0
egain,otherdataservices,east,billinginquiry-billingaccountupdate,0.0
egain,locallink,east,generalinquiry-accountcontractupdate,0.0
egain,directorylisting,east,bliffman,0.0
egain,otherdataservices,east,billinginquiry-invoiceexplanation,0.0
email,payphone,on,facilitycheck,0.0
egain,broadcast,east,add,0.0
egain,megalink,nl,add,0.0
egain,ethernet,east,change,0.0
egain,datalegacy,nb,add,0.0
smartpath,businesslines,mb,add,0.0
email,ipvpn,qc,generalinquiry-othergeneral,0.0
email,broadcast,qc,billinginquiry-otherbilling,0.0
email,businessinternet,qc,billinginquiry-taxexemption,0.0
egain,businesslines,pe,billinginquiry-billingaccountupdate,0.0
egain,digitalprivateline,east,generalinquiry-copyofequipmentrecord,0.0
egain,locallink,east,project,0.0
email,corporateaccountservice,on,newactivations,0.0
email,contactcentre,qc,disconnect,0.0
email,corporatebillinginquiries,on,noactionrequired,0.0
egain,megalink,on,disconnect,0.0
email,businessinternet,on,billinginquiry-banrequest,0.0
egain,centrex,nb,billinginquiry-otherbilling,0.0
egain,megalink,east,billinginquiry-dispute,0.0
email,globalipvpn,on,change,0.0
email,corporatehardwareinquiries,on,pricechange,0.0
egain,datalegacy,east,disconnect,0.0
egain,broadband,east,project,0.0
email,wavelength,ab,facilitycheck,0.0
eom,businesslines,on,escpartner,0.0
egain,resellerbusinesslines,east,migration,0.0
email,corporatehardwareorders,ab,generalservicerequest,0.0
email,videoconferencing,qc,change,0.0
egain,megalink,east,facilitycheck,0.0
email,businesslines,east,generalinquiry-othergeneral,0.0
kana,businessinternetbrokered,qc,generalinquiry-othergeneral,0.0
email,wavelength,qc,billinginquiry-otherbilling,0.0
egain,datalegacy,ns,disconnect,0.0
email,centrex,on,new,0.0
egain,internetconnectservice,east,new,0.0
egain,megalink,east,agreementcreation,0.0
eom,wavelength,on,agreementcreationvalidated,0.0
email,corporategeneralinquiries,qc,ordertrackingstatus,0.0
email,corporategeneralinquiries,nl,ordertrackingstatus,0.0
email,sap,east,generalinquiry-othergeneral,0.0
egain,vnet,east,billinginquiry-copyofinvoice,0.0
egain,centrex,east,billinginquiry-otherbilling,0.0
email,siptrunk,east,change,0.0
egain,ethernet,east,move,0.0
egain,directorylisting,east,billinginquiry-billingaccountupdate,0.0
egain,otherdataservices,nl,billinginquiry-otherbilling,0.0
email,broadband,east,billinginquiry-otherbilling,0.0
email,tollfree,nb,generalinquiry-othergeneral,0.0
email,corporateaccountservice,ab,mobilenumberchange,0.0
egain,businessinternetdedicated,east,generalinquiry-serviceaddressinformation,0.0
egain,digitalprivateline,nb,facilitycheck,0.0
egain,tollfree,ns,billinginquiry-billingaccountupdate,0.0
email,ethernet,on,change,0.0
egain,businesslines,east,wholesaleleasedloops,0.0
egain,ethernet,east,disconnect,0.0
egain,managedsecurityservices,nl,billinginquiry-otherbilling,0.0
email,businessinternet,bc,generalinquiry-othergeneral,0.0
email,dedicatedinternetaccess,on,billinginquiry-otherbilling,0.0
egain,businesslines,nb,add,0.0
egain,otherdataservices,pe,billinginquiry-balancetransferpaymentupdate,0.0
email,ipvpn,west,generalinquiry-othergeneral,0.0
egain,megalink,east,generalinquiry-directinwardcalling,0.0
egain,locallink,nb,new,0.0
egain,professionalservices,east,generalinquiry-portin,0.0
email,businessinternetdedicated,ab,generalinquiry-othergeneral,0.0
egain,businesslines,qc,disconnect,0.0
email,corporategeneralinquiries,mb,newactivations,0.0
email,datalegacy,west,generalinquiry-othergeneral,0.0
egain,centrex,nl,generalinquiry-othergeneral,0.0
egain,datacentreandcloud,east,generalinquiry-othergeneral,0.0
email,centrex,west,generalinquiry-othergeneral,0.0
egain,ethernetaccessservice,east,new,0.0
email,corporatebillinginquiries,on,unlockdevice,0.0
egain,siptrunk,east,billinginquiry-billingaccountupdate,0.0
egain,professionalservices,east,add,0.0
egain,sap,qc,generalinquiry-othergeneral,0.0
egain,megalink,east,generalinquiry-copyofequipmentrecord,0.0
email,audioconferencing,mb,generalinquiry-othergeneral,0.0
egain,otherdataservices,nl,move,0.0
egain,globalmanagedsdwan,east,add,0.0
egain,professionalservices,east,billinginquiry-balancetransferpaymentupdate,0.0
egain,locallink,east,billinginquiry-billingaccountupdate,0.0
email,corporatehardwareorders,on,sales,0.0
egain,digitalprivateline,east,add,0.0
kana,directorylisting,east,ilec,0.0
egain,payphone,east,generalinquiry-accountcontractupdate,0.0
egain,otherdataservices,nb,billinginquiry-copyofinvoice,0.0
email,corporategeneralinquiries,on,technicalsupport,0.0
email,sap,intl,billinginquiry-otherbilling,0.0
email,corporateaccountservice,on,technicalsupport,0.0
eom,businessinternetdedicated,on,agreementcreation,0.0
egain,ethernet,ns,new,0.0
egain,managedservices,nb,new,0.0
egain,centrex,ns,billinginquiry-otherbilling,0.0
email,corporatehardwareorders,on,change,0.0
email,broadcast,qc,generalinquiry-othergeneral,0.0
egain,centrex,east,softhardmac,0.0
egain,resellerbusinesslines,east,billinginquiry-copyofinvoice,0.0
email,corporateaccountservice,on,ordertrackingstatus,0.0
egain,switchredirect,east,billinginquiry-billingaccountupdate,0.0
egain,locallink,east,generalinquiry-pricingconfirmation,0.0
egain,datalegacy,east,generalinquiry-othergeneral,0.0
email,businessinternetdedicated,qc,billinginquiry-obmsupport,0.0
egain,managedsecurityservices,east,disconnect,0.0
egain,tollfree,ns,add,0.0
egain,managedservices,nb,change,0.0
email,businessinternetdedicated,west,change,0.0
egain,businesslines,nb,change,0.0
email,wavelength,west,billinginquiry-otherbilling,0.0
egain,megalink,east,inventory,0.0
egain,businesslines,east,trafficstudy,0.0
egain,managedsecurityservices,nl,generalinquiry-othergeneral,0.0
email,corporatehardwareorders,bc,mobilenumberchange,0.0
email,digitalprivateline,on,billinginquiry-balancetransferpaymentupdate,0.0
email,centrex,qc,generalinquiry-othergeneral,0.0
email,bellmanagedservicesforciscomeraki,qc,change,0.0
email,centrex,qc,add,0.0
egain,megalink,east,billinginquiry-billingaccountupdate,0.0
egain,businessinternet,east,agreementcreation,0.0
egain,digitalprivateline,east,billinginquiry-otherbilling,0.0
egain,locallink,east,generalinquiry-othergeneral,0.0
egain,digitalprivateline,nb,add,0.0
eom,localaccesspackage,qc,escpartner,0.0
email,sap,on,move,0.0
egain,dedicatedinternetaccess,east,add,0.0
email,n/a,on,n/a,0.0
email,businessinternet,east,billinginquiry-otherbilling,0.0
email,corporateaccountservice,on,adjustments,0.0
egain,tollfree,east,billinginquiry-otherbilling,0.0
email,businesslines,bc,billinginquiry-otherbilling,0.0
email,businessinternet,on,facilitycheck,0.0
pwo,businessinternetdedicated,west,generalinquiry-othergeneral,0.0
egain,digitalprivateline,east,move,0.0
egain,centrex,east,disconnect,0.0
egain,megalink,nl,billinginquiry-billingaccountupdate,0.0
egain,broadband,pe,generalinquiry-othergeneral,0.0
egain,datalegacy,east,generalinquiry-accountcontractupdate,0.0
egain,wavelength,east,generalinquiry-pricingconfirmation,0.0
egain,professionalservices,east,pinreset,0.0
egain,megalink,east,generalinquiry-pricingconfirmation,0.0
email,ethernet,on,add,0.0
egain,wavelength,east,pricing,0.0
email,corporatehardwareorders,qc,hardwareorderchange,0.0
email,virtualnetworkservices,on,billinginquiry-otherbilling,0.0
egain,locallink,east,trafficstudy,0.0
egain,businesslines,east,icreditrequest,0.0
egain,eip,east,generalinquiry-othergeneral,0.0
email,ondemandcontactcentre,west,change,0.0
egain,vnet,east,inventory,0.0
egain,ethernet,ns,billinginquiry-otherbilling,0.0
egain,megalink,pe,change,0.0
egain,megalink,nl,change,0.0
email,ethernet,qc,add,0.0
email,internetconnectservice,on,change,0.0
email,corporatehardwareorders,on,featurechange,0.0
egain,otherdataservices,east,billinginquiry-copyofinvoice,0.0
egain,payphone,east,disconnect,0.0
email,datacentreandcloud,qc,generalinquiry-othergeneral,0.0
email,audioconferencing,west,temporaryservice,0.0
email,nddos,qc,disconnect,0.0
egain,businessinternetdedicated,east,billinginquiry-billingaccountupdate,0.0
email,megalink,on,add,0.0
smartpath,infrastructureservices,on,billinginquiry-otherbilling,0.0
egain,ipvpn,east,agreementregistered,0.0
egain,businesslines,east,presurvey,0.0
egain,businesslines,ns,trafficstudy,0.0
egain,datalegacy,nl,disconnect,0.0
egain,otherdataservices,nb,billinginquiry-otherbilling,0.0
email,corporateaccountservice,on,status,0.0
email,audioconferencing,qc,disconnect,0.0
egain,megalink,east,billinginquiry-balancetransferpaymentupdate,0.0
egain,directorylisting,east,generalinquiry-othergeneral,0.0
egain,digitalprivateline,east,generalinquiry-othergeneral,0.0
egain,megalink,pe,disconnect,0.0
egain,infrastructureservices,east,billinginquiry-invoiceexplanation,0.0
egain,sap,east,billinginquiry-otherbilling,0.0
email,ethernet,mb,change,0.0
egain,directorylisting,east,cliffagent,0.0
egain,businessinternet,east,generalinquiry-serviceaddressinformation,0.0
email,corporategeneralinquiries,ab,noactionrequired,0.0
email,warehousesupport,on,generalservicerequest,0.0
email,ethernet,east,billinginquiry-otherbilling,0.0
kana,tollfree,qc,winback,0.0
email,managedsecurityservices,on,change,0.0
egain,resellerbusinesslines,east,generalinquiry-directorylistings,0.0
email,corporategeneralinquiries,nb,smartpathinquiry,0.0
egain,businessinternetdedicated,east,project,0.0
egain,globalipvpn,east,change,0.0
egain,businesslines,nl,move,0.0
email,businessinternet,qc,generalinquiry-othergeneral,0.0
egain,centrex,nl,new,0.0
egain,otherdataservices,nl,billinginquiry-billingaccountupdate,0.0
email,audioconferencing,on,billinginquiry-otherbilling,0.0
egain,tollfree,pe,change,0.0
email,globalipvpn,intl,change,0.0
egain,wavelength,east,wholesaleleasedloops,0.0
email,broadband,on,generalinquiry-accountcontractupdate,0.0
egain,centrex,ns,trafficstudy,0.0
email,corporatehardwareorders,on,disconnect,0.0
egain,megalink,nl,billinginquiry-otherbilling,0.0
email,corporateselfservetools,on,technicalsupport,0.0
email,webex,on,noactionrequired,0.0
egain,businessinternet,east,billinginquiry-copyofinvoice,0.0
egain,centrex,ns,generalinquiry-accountcontractupdate,0.0
email,businessinternetdedicated,on,generalinquiry-othergeneral,0.0
egain,locallink,east,billinginquiry-otherbilling,0.0
egain,broadband,pe,disconnect,0.0
egain,digitalprivateline,east,generalinquiry-feasibilityinformation,0.0
egain,businessinternetdedicated,east,billinginquiry-otherbilling,0.0
egain,broadband,nb,new,0.0
egain,vnet,east,generalinquiry-accountcontractupdate,0.0
egain,webhosting,east,cliff,0.0
egain,wavelength,east,billinginquiry-incorrectrate,0.0
email,corporatehardwareorders,sk,changesim,0.0
egain,broadcast,east,change,0.0
email,sap,on,generalinquiry-othergeneral,0.0
email,bandwidthselect,on,add,0.0
egain,centrex,east,trafficstudy,0.0
egain,businesslines,east,billinginquiry-otherbilling,0.0
eom,businesslines,on,project,0.0
egain,businesslines,east,inventory,0.0
email,businesslines,nl,generalinquiry-othergeneral,0.0
egain,businesslines,east,billinginquiry-billingaccountupdate,0.0
email,corporatehardwareorders,bc,new,0.0
egain,centrex,pe,generalinquiry-othergeneral,0.0
egain,tollfree,east,billinginquiry-incorrectrate,0.0
egain,businessinternetdedicated,east,generalinquiry-othergeneral,0.0
email,internetconnectservice,qc,add,0.0
egain,ethernet,east,add,0.0
email,businessinternet,on,move,0.0
egain,otherdataservices,ns,billinginquiry-balancetransferpaymentupdate,0.0
eom,datalegacy,on,project,0.0
email,audioconferencing,nl,serviceassurance,0.0
egain,businesslines,nl,generalinquiry-serviceaddressinformation,0.0
egain,resellerbusinesslines,east,generalinquiry-portout,0.0
email,corporatehardwareinquiries,on,cancelsubscriber,0.0
egain,managedsecurityservices,nl,add,0.0
eom,businesslines,on,agreementcreation,0.0
egain,managedservices,nl,billinginquiry-otherbilling,0.0
egain,localaccesspackage,east,new,0.0
egain,internetconnectservice,east,change,0.0
email,tollfree,intl,billinginquiry-otherbilling,0.0
email,ethernet,mb,facilitycheck,0.0
eom,virtualnetworkservices,on,agreementcreationvalidated,0.0
egain,microlink,east,pricing,0.0
email,tollfree,west,disconnect,0.0
smartpath,ipvpn,on,agreementcreation,0.0
egain,wavelength,east,billinginquiry-invoiceexplanation,0.0
email,businessinternet,intl,billinginquiry-billingaccountupdate,0.0
email,businesslines,intl,generalinquiry-othergeneral,0.0
egain,megalink,nl,generalinquiry-pricingconfirmation,0.0
egain,siptrunk,east,migration,0.0
email,ethernetconnectservice,on,add,0.0
email,corporateaccountservice,west,billinginquiry-otherbilling,0.0
email,internetconnectservice,ab,add,0.0
egain,dryloopdsl,east,disconnect,0.0
email,corporategeneralinquiries,west,generalinquiry-othergeneral,0.0
email,tollfree,on,billinginquiry-billingaccountupdate,0.0
email,virtualnetworkservices,on,add,0.0
email,managedsecurityservices,qc,add,0.0
egain,tollfree,nl,generalinquiry-accountcontractupdate,0.0
email,corporatebillinginquiries,on,cancelsubscriber,0.0
egain,microlink,east,generalinquiry-othergeneral,0.0
email,btce,west,billinginquiry-otherbilling,0.0
egain,internetconnectservice,east,billinginquiry-otherbilling,0.0
egain,payphone,east,inventory,0.0
egain,digitalprivateline,ns,generalinquiry-serviceaddressinformation,0.0
eom,megalink,west,agreementcreationvalidated,0.0
email,wavelength,west,pricing,0.0
email,tollfree,west,change,0.0
email,businesslines,ab,billinginquiry-otherbilling,0.0
email,internalteamsupport,on,cancelsubscriber,0.0
email,corporateaccountservice,on,createupdateipaddress,0.0
email,directorylisting,qc,billinginquiry-otherbilling,0.0
email,businesslines,on,change,0.0
email,bandwidthselect,bc,generalinquiry-othergeneral,0.0
email,videoconferencing,on,billinginquiry-otherbilling,0.0
email,corporatehardwareorders,nb,new,0.0
eom,eip,qc,facilitycheck,0.0
email,businessinternetdedicated,on,billinginquiry-otherbilling,0.0
email,corporatehardwareorders,qc,newactivations,0.0
email,conferencingservices,on,billinginquiry-otherbilling,0.0
egain,digitalprivateline,east,new,0.0
email,ondemandcontactcentre,intl,change,0.0
email,centrex,on,trafficstudy,0.0
email,businessinternet,east,billinginquiry-balancetransferpaymentupdate,0.0
pss,businesslines,mb,change,0.0
email,corporatehardwareinquiries,on,technicalsupport,0.0
smartpath,datalegacy,west,generalinquiry-othergeneral,0.0
egain,datalegacy,east,add,0.0
email,businesslines,ns,add,0.0
egain,managedservices,pe,billinginquiry-otherbilling,0.0
egain,tollfree,east,generalinquiry-directorylistings,0.0
email,corporategeneralinquiries,qc,changeimei,0.0
email,businesslines,west,generalinquiry-transferresponsibility,0.0
email,payphone,on,disconnect,0.0
eom,globalipvpn,qc,pcoesamedayexpedite,0.0
email,datacentreandcloud,ns,generalinquiry-othergeneral,0.0
email,webex,east,generalinquiry-othergeneral,0.0
eom,managedservices,qc,facilitycheck,0.0
egain,tollfree,east,new,0.0
kana,directorylisting,qc,add,0.0
email,ethernet,nb,generalinquiry-othergeneral,0.0
egain,centrex,ns,change,0.0
eom,centrex,on,agreementcreation,0.0
egain,ethernet,nl,disconnect,0.0
email,ethernet,bc,billinginquiry-otherbilling,0.0
egain,businesslines,east,generalinquiry-portin,0.0
email,ethernet,on,agreementcreation,0.0
kana,ethernet,on,move,0.0
egain,datalegacy,east,generalinquiry-pricingconfirmation,0.0
egain,vnet,east,change,0.0
email,corporateaccountservice,on,changeimei,0.0
email,sap,qc,generalinquiry-othergeneral,0.0
email,corporatehardwareorders,on,problemfile,0.0
email,dryloopdsl,on,disconnect,0.0
email,businesslines,qc,generalinquiry-transferresponsibility,0.0
pss,switchredirect,on,disconnect,0.0
egain,resellerinternet,east,billinginquiry-dispute,0.0
email,businessinternetbrokered,qc,generalinquiry-othergeneral,0.0
email,ethernetaccessservice,on,billinginquiry-otherbilling,0.0
email,corporatehardwareorders,on,billinginquiry,0.0
egain,otherdataservices,east,billinginquiry-otherbilling,0.0
eom,ethernet,qc,pcoesamedayexpedite,0.0
egain,resellerinternet,east,generalinquiry-reseller,0.0
email,businessinternetbrokered,bc,generalinquiry-othergeneral,0.0
egain,microlink,east,billinginquiry-otherbilling,0.0
email,businessinternet,on,generalinquiry-othergeneral,0.0
email,managedservices,ns,billinginquiry-otherbilling,0.0
email,ethernet,west,new,0.0
email,corporatehardwareinquiries,on,adjustments,0.0
email,businesslines,qc,billinginquiry-obmsupport,0.0
eom,broadband,on,new,0.0
email,corporatehardwareinquiries,on,changeimei,0.0
email,managedsecurityservices,nb,change,0.0
email,corporatehardwareinquiries,on,wirelessclientcare,0.0
email,centrex,west,billinginquiry-otherbilling,0.0
email,corporatehardwareorders,bc,inventoryavailability,0.0
smartpath,broadband,mb,add,0.0
email,corporatehardwareorders,bc,ordertrackingstatus,0.0
email,megalink,on,billinginquiry-obmsupport,0.0
eom,siptrunk,west,agreementregistered,0.0
email,businessinternetdedicated,west,facilitycheck,0.0
egain,megalink,ns,pricing,0.0
email,audioconferencing,on,change,0.0
egain,ipvpn,east,add,0.0
email,businessinternet,qc,generalinquiry-accountcontractupdate,0.0
email,corporatehardwareorders,on,unlockdevice,0.0
email,corporatehardwareorders,nl,ordertrackingstatus,0.0
eom,eip,qc,agreementcreation,0.0
email,corporategeneralinquiries,nb,noactionrequired,0.0
kana,ethernet,east,new,0.0
eom,broadband,on,escpartner,0.0
email,businessinternet,on,billinginquiry-dispute,0.0
egain,professionalservices,east,billinginquiry-incorrectrate,0.0
email,managedservices,on,change,0.0
email,warehousesupport,on,problemfile,0.0
email,corporategeneralinquiries,west,billinginquiry-otherbilling,0.0
egain,locallink,east,billinginquiry-copyofinvoice,0.0
eom,globalbusinessinternetservice,qc,new,0.0
email,sap,qc,move,0.0
email,businesslines,ns,disconnect,0.0
email,internetconnectservice,west,facilitycheck,0.0
kana,businessinternetdedicated,nb,change,0.0
kana,businessinternet,qc,billinginquiry-balancetransferpaymentupdate,0.0
email,corporategeneralinquiries,qc,return,0.0
email,videoconferencing,qc,billinginquiry-otherbilling,0.0
kana,professionalservices,on,billinginquiry-billingaccountupdate,0.0
email,managedsecurityservices,on,billinginquiry-dispute,0.0
email,businessinternetdedicated,qc,billinginquiry-otherbilling,0.0
smartpath,centrex,west,add,0.0
eom,centrex,west,agreementregistered,0.0
egain,ethernet,east,billinginquiry-copyofinvoice,0.0
egain,locallink,east,new,0.0
pss,otherdataservices,qc,billinginquiry-copyofinvoice,0.0
pss,businesslines,ab,add,0.0
eom,professionalservices,west,generalinquiry-othergeneral,0.0
eom,networksolutions,qc,agreementcreationvalidated,0.0
smartpath,megalink,on,agreementcreationvalidated,0.0
email,corporategeneralinquiries,on,inventoryavailability,0.0
email,ethernetaccessservice,on,generalinquiry-othergeneral,0.0
kana,vnet,on,change,0.0
email,businessinternetdedicated,qc,billinginquiry-custombill,0.0
eom,businesslines,qc,agreementcreationvalidated,0.0
email,webex,east,change,0.0
kana,businesslines,west,change,0.0
email,businessinternetdedicated,west,billinginquiry-otherbilling,0.0
kana,globalipvpn,on,generalinquiry-othergeneral,0.0
smartpath,businessinternet,ns,new,0.0
email,wavelength,mb,facilitycheck,0.0
kana,directorylisting,west,generalinquiry-othergeneral,0.0
email,megalink,west,generalinquiry-othergeneral,0.0
eom,globalmanagedsdwan,on,new,0.0
email,corporategeneralinquiries,qc,movesubscriber,0.0
egain,wavelength,east,change,0.0
email,internetconnectservice,on,facilitycheck,0.0
email,ethernet,mb,add,0.0
email,businessinternet,on,generalinquiry-transferresponsibility,0.0
smartpath,broadband,on,billinginquiry-copyofinvoice,0.0
email,corporateaccountservice,on,orders,0.0
email,siptrunk,on,billinginquiry-otherbilling,0.0
egain,tollfree,east,billinginquiry-invoiceexplanation,0.0
email,corporatehardwareorders,on,smartpathinquiry,0.0
email,networksolutions,on,billinginquiry-invoiceexplanation,0.0
email,businesslines,intl,billinginquiry-obmsupport,0.0
email,corporategeneralinquiries,mb,return,0.0
email,corporatehardwareorders,on,new,0.0
email,internetconnectservice,nb,facilitycheck,0.0
kana,directorylisting,on,glct,0.0
smartpath,businessinternetdedicated,ns,generalinquiry-accountcontractupdate,0.0
email,darkfibre,on,billinginquiry-otherbilling,0.0
kana,megalink,on,winback,0.0
smartpath,businesslines,intl,billinginquiry-otherbilling,0.0
email,warehousesupport,on,status,0.0
kana,saput,nl,billinginquiry-otherbilling,0.0
smartpath,datalegacy,ab,generalinquiry-directinwardcalling,0.0
email,corporatehardwareinquiries,on,return,0.0
kana,businessinternetbrokered,west,add,0.0
email,managedservices,qc,add,0.0
smartpath,localaccesspackage,on,generalinquiry-directorylistings,0.0
email,broadcast,qc,change,0.0
eom,btce,on,project,0.0
eom,business internet service | 1fl,qc,agreementcreationvalidated,0.0
email,tollfree,west,new,0.0
smartpath,broadcast,on,agreementcreation,0.0
egain,dryloopdsl,east,generalinquiry-reseller,0.0
egain,payphone,east,generalinquiry-directorylistings,0.0
egain,tollfree,east,add,0.0
kana,globalipvpn,intl,change,0.0
email,corporatehardwareorders,on,billinginquiry-custombill,0.0
smartpath,ethernet,on,generalinquiry-serviceaddressinformation,0.0
email,ethernet,east,generalinquiry-othergeneral,0.0
email,internetconnectservice,ab,disconnect,0.0
kana,switchredirect,qc,change,0.0
egain,wavelength,east,generalinquiry-othergeneral,0.0
eom,businessinternetbrokered,qc,agreementcreationvalidated,0.0
eom,eip,on,agreementcreation,0.0
smartpath,btce,on,billinginquiry-copyofinvoice,0.0
email,internetconnectservice,on,billinginquiry-obmsupport,0.0
smartpath,centrex,ns,new,0.0
kana,businesslines,qc,billinginquiry-balancetransferpaymentupdate,0.0
eom,megalink,qc,facilitycheck,0.0
eom,datalegacy,qc,agreementregistered,0.0
eom,ethernet,on,agreementregistered,0.0
email,digitalprivateline,west,change,0.0
smartpath,businessinternet,intl,billinginquiry-balancetransferpaymentupdate,0.0
egain,siptrunk,nb,disconnect,0.0
email,btce,west,generalinquiry-othergeneral,0.0
email,ipvpn,bc,generalinquiry-othergeneral,0.0
kana,resellerresidentialline,on,generalinquiry-othergeneral,0.0
kana,businessinternetbrokered,qc,new,0.0
email,corporateaccountservice,on,serviceandrepair,0.0
email,webex,nl,serviceassurance,0.0
pwo,businesslines,qc,agreementcreation,0.0
email,internalteamsupport,on,unlockdevice,0.0
eom,datalegacy,on,agreementcreationvalidated,0.0
email,wavelength,nb,facilitycheck,0.0
email,wavelength,on,pricing,0.0
kana,businessinternetdedicated,bc,change,0.0
email,btce,ns,generalinquiry-othergeneral,0.0
email,ethernetaccessservice,west,change,0.0
email,businessinternet,intl,billinginquiry-copyofinvoice,0.0
egain,ipvpn,ns,generalinquiry-othergeneral,0.0
email,businesslines,nb,disconnect,0.0
egain,directorylisting,east,billinginquiry-dispute,0.0
email,businessinternet,on,billinginquiry-obmsupport,0.0
kana,businesslines,on,generalinquiry-directorylistings,0.0
pss,businesslines,west,generalinquiry-othergeneral,0.0
email,btce,qc,disconnect,0.0
email,corporateaccountservice,nl,noactionrequired,0.0
eom,ethernet,west,agreementregistered,0.0
email,managedservices,qc,move,0.0
eom,ipvpn,qc,escpartner,0.0
egain,switchredirect,east,add,0.0
email,corporateaccountservice,on,generalservicerequest,0.0
egain,vnet,east,generalinquiry-pricingconfirmation,0.0
smartpath,btce,west,portout,0.0
smartpath,btce,qc,generalinquiry-directinwardcalling,0.0
smartpath,businessinternetbrokered,bc,coaching,0.0
email,corporatebillinginquiries,on,hardwareordercancel,0.0
egain,megalink,east,icreditrequest,0.0
email,corporateaccountservice,on,deploymentupgrade,0.0
egain,webhosting,east,billinginquiry-invoiceexplanation,0.0
egain,businesslines,nl,generalinquiry-accountcontractupdate,0.0
email,ethernet,intl,change,0.0
egain,locallink,nl,change,0.0
egain,resellerinternet,east,new,0.0
email,bandwidthselect,on,disconnect,0.0
egain,managedservices,east,billinginquiry-balancetransferpaymentupdate,0.0
email,ethernet,on,billinginquiry-otherbilling,0.0
eom,btce,east,pcoesamedayexpedite,0.0
email,datacentreandcloud,on,disconnect,0.0
pss,wavelength,west,billinginquiry-otherbilling,0.0
email,corporateaccountservice,on,featurechange,0.0
email,corporatehardwareinquiries,nu,hardwareorderchange,0.0
email,adsllas,on,billinginquiry-otherbilling,0.0
kana,ethernet,bc,generalinquiry-othergeneral,0.0
email,managedsecurityservices,nb,new,0.0
egain,directorylisting,nl,billinginquiry-otherbilling,0.0
email,megalink,west,billinginquiry-otherbilling,0.0
eom,btce,nova scotia,agreementcreationvalidated,0.0
email,audioconferencing,ab,disconnect,0.0
email,digitalprivateline,on,move,0.0
egain,datalegacy,west,new,0.0
email,ondemandcontactcentre,on,add,0.0
email,ethernet,on,move,0.0
egain,businesslines,nb,generalinquiry-othergeneral,0.0
kana,businessinternet,qc,billinginquiry-dslpromo,0.0
email,sap,west,add,0.0
egain,businesslines,west,change,0.0
egain,otherdataservices,nl,add,0.0
egain,managedsecurityservices,east,change,0.0
email,businessinternet,on,billinginquiry-taxexemption,0.0
kana,darkfibre,qc,disconnect,0.0
email,corporategeneralinquiries,qc,inventoryavailability,0.0
egain,tollfree,east,billinginquiry-billingaccountupdate,0.0
email,businesslines,on,billinginquiry-copyofinvoice,0.0
email,corporateaccountservice,on,newactivationportin,0.0
email,ethernet,nl,change,0.0
egain,tollfree,east,winback,0.0
eom,centrex,qc,agreementcreationcomplex,0.0
egain,tollfree,nb,billinginquiry-otherbilling,0.0
email,businessinternet,east,add,0.0
email,corporatebillinginquiries,on,orders,0.0
kana,sap,on,disconnect,0.0
egain,megalink,east,trafficstudy,0.0
email,corporatehardwareorders,on,changeimei,0.0
egain,professionalservices,east,winback,0.0
kana,businessinternet,west,generalinquiry-othergeneral,0.0
eom,ipvpn,on,project,0.0
egain,globalipvpn,east,generalinquiry-othergeneral,0.0
egain,siptrunk,east,new,0.0
egain,businessinternetdedicated,pe,change,0.0
email,wavelength,east,generalinquiry-othergeneral,0.0
email,corporateaccountservice,on,inventoryavailability,0.0
email,corporateaccountservice,on,usernamechange,0.0
pss,businessinternet,east,disconnect,0.0
kana,resellerinternet,on,change,0.0
email,corporatehardwareorders,sk,ordertrackingstatus,0.0
egain,centrex,ns,add,0.0
smartpath,resellerinternet,qc,escpartner,0.0
email,nddos,on,billinginquiry-otherbilling,0.0
email,businesslines,on,billinginquiry-balancetransferpaymentupdate,0.0
email,siptrunk,on,agreementcreation,0.0
egain,webhosting,east,generalinquiry-othergeneral,0.0
email,webcasting,on,serviceassurance,0.0
email,corporategeneralinquiries,on,featurechange,0.0
kana,businessinternetdedicated,on,facilitycheck,0.0
email,ondemandcontactcentre,nl,new,0.0
egain,ondemandcontactcentre,east,icreditrequest,0.0
email,corporatehardwareinquiries,ns,inventoryavailability,0.0
email,businesslines,on,distance,0.0
email,corporategeneralinquiries,on,requestimei,0.0
eom,businessinternet,on,agreementcreationvalidated,0.0
email,payphone,on,add,0.0
email,businessinternetdedicated,on,facilitycheck,0.0
eom,datalegacy,qc,pcoesamedayexpedite,0.0
egain,vnet,east,generalinquiry-othergeneral,0.0
email,btce,qc,portout,0.0
email,digitalprivateline,qc,disconnect,0.0
email,bellmerakimanagement,qc,generalinquiry-othergeneral,0.0
egain,ondemandcontactcentre,east,add,0.0
email,audioconferencing,qc,generalinquiry-othergeneral,0.0
email,bellmerakimanagement,on,change,0.0
eom,professionalservices,nova scotia,agreementcreation,0.0
eom,managedservices,on,project,0.0
kana,btce,on,generalinquiry-copyofequipmentrecord,0.0
email,digitalprivateline,west,billinginquiry-otherbilling,0.0
email,audioconferencing,qc,new,0.0
egain,resellerinternet,east,billinginquiry-balancetransferpaymentupdate,0.0
email,managedsecurityservices,ns,change,0.0
eom,ethernet,qc,generalinquiry-othergeneral,0.0
email,datalegacy,bc,generalinquiry-othergeneral,0.0
email,broadband,intl,billinginquiry-otherbilling,0.0
eom,businessinternet,west,agreementcreation,0.0
kana,businessinternetdedicated,mb,new,0.0
egain,dryloopdsl,east,change,0.0
egain,ipvpn,ns,add,0.0
egain,datalegacy,east,new,0.0
egain,ethernet,nl,move,0.0
eom,business internet dedicated | bell managed wi-fi,on,agreementcreation,0.0
email,internetconnectservice,on,new,0.0
email,corporatebillinginquiries,on,featurechange,0.0
email,audioconferencing,west,serviceassurance,0.0
egain,digitalprivateline,nl,billinginquiry-incorrectrate,0.0
email,webcasting,on,webcastproduction,0.0
email,corporategeneralinquiries,on,return,0.0
email,broadband,qc,billinginquiry-otherbilling,0.0
email,corporatereporting,on,accountservicerep,0.0
email,corporatehardwareorders,qc,inventoryavailability,0.0
email,broadcast,on,add,0.0
email,corporatehardwareorders,on,ordertrackingstatus,0.0
egain,resellerinternet,east,generalinquiry-portout,0.0
email,vnet,qc,change,0.0
smartpath,businesslines,west,add,0.0
email,corporatehardwareorders,on,serviceandrepair,0.0
email,corporatehardwareinquiries,on,upgrade,0.0
email,ipvpn,intl,billinginquiry-incorrectrate,0.0
egain,localaccesspackage,east,generalinquiry-serviceaddressinformation,0.0
kana,datalegacy,on,billinginquiry-otherbilling,0.0
eom,businessinternetdedicated,west,agreementcreationcomplex,0.0
egain,megalink,east,change,0.0
email,audioconferencing,mb,change,0.0
email,corporatehardwareinquiries,on,orders,0.0
egain,datalegacy,ns,billinginquiry-otherbilling,0.0
email,webex,on,temporaryservice,0.0
email,tollfree,qc,800features,0.0
egain,ipvpn,east,disconnect,0.0
egain,resellerresidentialline,east,generalinquiry-reseller,0.0
eom,btce,qc,agreementcreation,0.0
eom,businessinternetbrokered,on,pricing,0.0
email,audioconferencing,ab,billinginquiry-otherbilling,0.0
egain,siptrunk,east,billinginquiry-incorrectrate,0.0
email,siptrunk,on,move,0.0
pss,tollfree,west,generalinquiry-othergeneral,0.0
egain,ethernet,nl,generalinquiry-othergeneral,0.0
egain,tollfreeinternational,east,add,0.0
email,managedservices,intl,change,0.0
email,btce,east,generalinquiry-othergeneral,0.0
kana,ipvpn,east,billinginquiry-invoiceexplanation,0.0
egain,ethernet,ns,disconnect,0.0
email,businessinternet,east,generalinquiry-othergeneral,0.0
email,ethernet,qc,disconnect,0.0
egain,centrex,east,trafficstudybilling,0.0
eom,professionalservices,on,agreementregistered,0.0
email,businesslines,pe,change,0.0
eom,centrex,on,escpartner,0.0
egain,digitalprivateline,east,pricing,0.0
email,btce,on,billinginquiry-custombill,0.0
email,payphone,on,change,0.0
email,businesslines,qc,billinginquiry-copyofinvoice,0.0
egain,payphone,east,new,0.0
email,businessinternetbrokered,west,add,0.0
egain,resellerinternet,east,move,0.0
kana,businessinternetdedicated,on,generalinquiry-accountcontractupdate,0.0
pss,ethernet,on,billinginquiry-otherbilling,0.0
eom,globalbusinessinternetdedicated,on,escpartner,0.0
email,corporatehardwareorders,on,adjustments,0.0
egain,megalink,east,winback,0.0
eom,btce,qc,facilitycheck,0.0
egain,megalink,nl,trafficstudybilling,0.0
email,businesslines,on,disconnect,0.0
kana,businesslines,bc,billinginquiry-copyofinvoice,0.0
email,businesslines,qc,disconnect,0.0
email,businessinternet,qc,billinginquiry-otherbilling,0.0
egain,sap,east,new,0.0
email,saput,west,billinginquiry-otherbilling,0.0
email,managedsecurityservices,ns,disconnect,0.0
kana,ethernet,ab,disconnect,0.0
egain,globalipvpn,east,new,0.0
email,datalegacy,on,generalinquiry-othergeneral,0.0
email,digitalprivateline,on,billinginquiry-custombill,0.0
email,ipvpn,east,billinginquiry-otherbilling,0.0
email,bandwidthselect,nl,disconnect,0.0
email,businesslines,qc,distance,0.0
email,businessinternet,east,billinginquiry-incorrectrate,0.0
egain,otherdataservices,pe,billinginquiry-copyofinvoice,0.0
egain,centrex,nl,billinginquiry-otherbilling,0.0
egain,ondemandcontactcentre,east,billinginquiry-billingaccountupdate,0.0
egain,siptrunk,east,facilitycheck,0.0
email,wavelength,bc,disconnect,0.0
egain,resellerbusinesslines,east,move,0.0
kana,ipvpn,west,billinginquiry-billingaccountupdate,0.0
eom,megalink,qc,agreementcreation,0.0
egain,megalink,east,pinreset,0.0
email,wavelength,west,add,0.0
email,businesslines,qc,billinginquiry-billingaccountupdate,0.0
email,corporatehardwareinquiries,on,billinginquiry,0.0
email,businesslines,nb,generalinquiry-othergeneral,0.0
email,digitalprivateline,bc,generalinquiry-othergeneral,0.0
email,centrex,qc,billinginquiry-custombill,0.0
egain,megalink,ns,billinginquiry-billingaccountupdate,0.0
eom,ipvpn,west,agreementcreation,0.0
email,businesslines,on,billinginquiry-banrequest,0.0
egain,eip,east,facilitycheck,0.0
email,corporatehardwareorders,ab,hardwareordercancel,0.0
eom,broadband,qc,agreementcreation,0.0
email,corporategeneralinquiries,on,hardwareordercancel,0.0
email,corporategeneralinquiries,on,devicemdmenrollment,0.0
kana,businessinternetdedicated,ab,add,0.0
email,corporategeneralinquiries,on,accountservicerep,0.0
email,internalteamsupport,on,pricechange,0.0
email,wavelength,on,add,0.0
egain,tollfree,east,pricing,0.0
egain,resellerinternet,east,generalinquiry-serviceaddressinformation,0.0
eom,btce,west,generalinquiry-othergeneral,0.0
email,professionalservices,qc,billinginquiry-otherbilling,0.0
email,corporategeneralinquiries,on,mobilenumberchange,0.0
email,businesslines,east,change,0.0
eom,btce,qc,escpartner,0.0
egain,otherdataservices,pe,billinginquiry-billingaccountupdate,0.0
email,managedservices,nb,billinginquiry-otherbilling,0.0
email,digitalprivateline,qc,billinginquiry-otherbilling,0.0
email,digitalprivateline,on,generalinquiry-othergeneral,0.0
smartpath,sap,on,generalinquiry-othergeneral,0.0
egain,locallink,east,move,0.0
eom,globalbusinessinternetdedicated,west,facilitycheck,0.0
email,businesslines,on,billinginquiry-taxexemption,0.0
kana,ipvpn,east,generalinquiry-othergeneral,0.0
egain,locallink,east,winback,0.0
eom,localaccesspackage,on,pcoesamedayexpedite,0.0
egain,professionalservices,east,generalinquiry-directorylistings,0.0
email,internetconnectservice,ab,new,0.0
kana,businessinternetdedicated,on,disconnect,0.0
email,ondemandcontactcentre,qc,new,0.0
egain,professionalservices,east,disconnect,0.0
email,businesslines,west,billinginquiry-custombill,0.0
egain,ondemandcontactcentre,east,billinginquiry-otherbilling,0.0
eom,globalipvpn,on,agreementregistered,0.0
eom,businesslines,west,generalinquiry-othergeneral,0.0
email,ethernet,on,billinginquiry-custombill,0.0
email,professionalservices,intl,billinginquiry-copyofinvoice,0.0
egain,dryloopdsl,east,billinginquiry-billingaccountupdate,0.0
egain,megalink,nl,billinginquiry-copyofinvoice,0.0
email,ethernet,nl,facilitycheck,0.0
email,digitalprivateline,ab,disconnect,0.0
email,internalteamsupport,on,noactionrequired,0.0
eom,eip,east,agreementcreation,0.0
egain,ipvpn,east,billinginquiry-balancetransferpaymentupdate,0.0
email,corporatehardwareinquiries,on,voicemailpasswordreset,0.0
egain,tollfree,ns,disconnect,0.0
email,contactcentre,ab,change,0.0
egain,ethernet,east,billinginquiry-invoiceexplanation,0.0
email,corporatehardwareorders,on,newactivationportin,0.0
email,megalink,on,generalinquiry-accountcontractupdate,0.0
email,corporatehardwareorders,nb,ordertrackingstatus,0.0
email,corporatehardwareorders,qc,new,0.0
email,ethernet,on,noactionrequired,0.0
egain,otherdataservices,east,change,0.0
egain,businesslines,pe,generalinquiry-directorylistings,0.0
egain,broadband,nl,billinginquiry-invoiceexplanation,0.0
egain,microlink,east,billinginquiry-billingaccountupdate,0.0
egain,datalegacy,nl,billinginquiry-billingaccountupdate,0.0
email,bellmerakimanagement,on,billinginquiry-otherbilling,0.0
egain,centrex,ns,generalinquiry-othergeneral,0.0
egain,centrex,ns,billinginquiry-dispute,0.0
egain,businessinternetdedicated,east,generalinquiry-portout,0.0
egain,managedservices,east,disconnect,0.0
email,siptrunk,west,generalinquiry-othergeneral,0.0
egain,broadband,nl,billinginquiry-billingaccountupdate,0.0
egain,businesslines,east,projectmac,0.0
egain,businessinternet,nb,new,0.0
egain,businesslines,east,new,0.0
egain,wavelength,nb,facilitycheck,0.0
egain,businessinternet,east,temporaryservice,0.0
egain,broadband,east,generalinquiry-feasibilityinformation,0.0
egain,dryloopdsl,east,billinginquiry-otherbilling,0.0
egain,centrex,ns,billinginquiry-billingaccountupdate,0.0
egain,broadband,east,facilitycheck,0.0
egain,centrex,east,trafficstudyconsultation,0.0
egain,wirelessbackupbib,east,billinginquiry-balancetransferpaymentupdate,0.0
egain,ipvpn,east,distance,0.0
egain,megalink,nb,billinginquiry-otherbilling,0.0
egain,ipvpn,east,generalinquiry-portout,0.0
egain,bandwidthselect,east,generalinquiry-othergeneral,0.0
egain,broadband,pe,billinginquiry-otherbilling,0.0
egain,datalegacy,east,generalinquiry-serviceaddressinformation,0.0
egain,darkfibre,east,billinginquiry-otherbilling,0.0
egain,broadband,east,billinginquiry-copyofinvoice,0.0
email,businessinternetdedicated,qc,move,0.0
egain,businesslines,on,generalinquiry-othergeneral,0.0
egain,siptrunk,east,generalinquiry-portout,0.0
egain,dedicatedinternetaccess,east,billinginquiry-otherbilling,0.0
egain,darkfibre,east,disconnect,0.0
egain,contactcentre,east,generalinquiry-othergeneral,0.0
email,businesslines,on,billinginquiry-obmsupport,0.0
egain,centrex,nb,disconnect,0.0
egain,businessinternetbrokered,east,generalinquiry-reseller,0.0
egain,businessinternet,east,project,0.0
egain,btce,east,generalinquiry-portin,0.0
egain,broadband,pe,move,0.0
egain,centrex,east,facilitycheck,0.0
egain,broadcast,east,new,0.0
email,corporateaccountservice,qc,newactivationportin,0.0
egain,businesslines,nb,billinginquiry-custombill,0.0
egain,ondemandcontactcentre,east,facilitycheck,0.0
egain,btce,east,presurvey,0.0
egain,dryloopdsl,east,facilitycheck,0.0
egain,digitalprivateline,nl,billinginquiry-invoiceexplanation,0.0
egain,digitalprivateline,east,billinginquiry-billingaccountupdate,0.0
email,corporategeneralinquiries,on,hardwareorderchange,0.0
email,corporatehardwareorders,on,return,0.0
egain,digitalprivateline,nb,billinginquiry-invoiceexplanation,0.0
egain,broadband,east,agreementregistered,0.0
egain,dedicatedinternetaccess,east,billinginquiry-invoiceexplanation,0.0
egain,businessinternet,east,3235,0.0
egain,megalink,east,generalinquiry-othergeneral,0.0
egain,centrex,pe,change,0.0
egain,megalink,nb,add,0.0
egain,businessinternetdedicated,east,billinginquiry-invoiceexplanation,0.0
email,businessinternet,east,billinginquiry-billingaccountupdate,0.0
egain,centrex,east,billinginquiry-dispute,0.0
egain,businessinternetdedicated,east,new,0.0
egain,resellerresidentialline,east,billinginquiry-billingaccountupdate,0.0
egain,digitalprivateline,nl,change,0.0
egain,businessinternet,ns,new,0.0
egain,businesslines,east,pricing,0.0
egain,businesslines,ns,facilitycheck,0.0
email,businesslines,qc,change,0.0
email,corporategeneralinquiries,on,orders,0.0
email,bandwidthselect,on,generalinquiry-othergeneral,0.0
egain,locallink,east,pricing,0.0
egain,centrex,pe,disconnect,0.0
egain,broadband,east,billinginquiry-invoiceexplanation,0.0
egain,managedservices,east,change,0.0
email,audioconferencing,on,add,0.0
egain,broadband,ns,change,0.0
egain,businesslines,nl,billinginquiry-invoiceexplanation,0.0
egain,centrex,east,winback,0.0
egain,businesslines,east,3235,0.0
egain,ethernet,nl,billinginquiry-otherbilling,0.0
email,corporateservicerepair,on,billinginquiry,0.0
egain,otherdataservices,pe,billinginquiry-otherbilling,0.0
egain,centrex,east,seasonalservice,0.0
egain,businessinternet,east,presurvey,0.0
egain,btce,east,generalinquiry-copyofequipmentrecord,0.0
egain,digitalprivateline,pe,billinginquiry-otherbilling,0.0
egain,businesslines,qc,generalinquiry-othergeneral,0.0
egain,ethernet,east,billinginquiry-billingaccountupdate,0.0
egain,businessinternetdedicated,nb,billinginquiry-invoiceexplanation,0.0
egain,centrex,east,icreditrequest,0.0
egain,ethernet,nb,disconnect,0.0
email,audioconferencing,bc,generalinquiry-othergeneral,0.0
egain,datalegacy,ns,new,0.0
egain,centrex,ns,billinginquiry-copyofinvoice,0.0
egain,dedicatedinternetaccess,east,generalinquiry-othergeneral,0.0
egain,broadband,nb,add,0.0
egain,megalink,ns,new,0.0
egain,broadband,nl,add,0.0
egain,directorylisting,east,generalinquiry-portout,0.0
egain,centrex,nb,billinginquiry-balancetransferpaymentupdate,0.0
egain,broadcast,east,billinginquiry-otherbilling,0.0
email,businesslines,qc,generalinquiry-othergeneral,0.0
egain,broadband,nb,billinginquiry-copyofinvoice,0.0
egain,internetconnectservice,east,facilitycheck,0.0
egain,broadband,ns,new,0.0
egain,businesslines,east,project,0.0
egain,btce,ns,add,0.0
email,bellmerakimanagement,qc,change,0.0
egain,dryloopdsl,east,generalinquiry-serviceaddressinformation,0.0
egain,digitalprivateline,east,billinginquiry-banrequest,0.0
egain,directorylisting,east,disconnect,0.0
egain,broadband,ns,billinginquiry-billingaccountupdate,0.0
eom,businessinternetdedicated,qc,agreementcreationvalidated,0.0
egain,megalink,ns,billinginquiry-balancetransferpaymentupdate,0.0
egain,btce,east,billinginquiry-invoiceexplanation,0.0
email,audioconferencing,on,billinginquiry-copyofinvoice,0.0
egain,broadband,ns,facilitycheck,0.0
egain,businessinternet,ns,generalinquiry-transferresponsibility,0.0
egain,managedservices,east,generalinquiry-othergeneral,0.0
egain,wavelength,east,new,0.0
email,corporatebillinginquiries,on,movesubscriber,0.0
egain,siptrunk,east,add,0.0
egain,btce,nl,new,0.0
egain,businesslines,east,generalinquiry-directinwardcalling,0.0
egain,ipvpn,east,billinginquiry-incorrectrate,0.0
egain,ipvpn,east,icreditrequest,0.0
egain,businessinternetdedicated,east,generalinquiry-copyofequipmentrecord,0.0
egain,digitalprivateline,nl,disconnect,0.0
egain,businessinternetdedicated,nb,generalinquiry-accountcontractupdate,0.0
egain,btce,east,generalinquiry-accountcontractupdate,0.0
egain,centrex,pe,billinginquiry-billingaccountupdate,0.0
egain,broadband,nl,move,0.0
egain,megalink,east,800features,0.0
egain,conferencingservices,nl,add,0.0
egain,broadband,pe,add,0.0
egain,businesslines,ns,billinginquiry-invoiceexplanation,0.0
egain,datalegacy,nl,change,0.0
bcris,vnet,on,change,0.0
email,ipvpn,on,billinginquiry-custombill,0.0
egain,resellerresidentialline,east,add,0.0
egain,broadband,nl,disconnect,0.0
egain,sap,east,billinginquiry-invoiceexplanation,0.0
egain,centrex,ns,disconnect,0.0
email,corporatehardwareorders,on,upgrade,0.0
egain,ethernet,pe,billinginquiry-otherbilling,0.0
egain,professionalservices,east,generalinquiry-copyofequipmentrecord,0.0
egain,managedsecurityservices,nb,change,0.0
egain,wavelength,nb,generalinquiry-accountcontractupdate,0.0
egain,broadband,nl,generalinquiry-othergeneral,0.0
eom,wavelength,on,project,0.0
egain,broadband,east,3235,0.0
egain,businessinternetdedicated,nb,disconnect,0.0
egain,businessinternet,nb,add,0.0
egain,centrex,east,change,0.0
egain,broadband,east,agreementcreation,0.0
egain,btce,nb,billinginquiry-otherbilling,0.0
egain,centrex,east,generalinquiry-accountcontractupdate,0.0
egain,digitalprivateline,east,billinginquiry-dispute,0.0
egain,btce,east,new,0.0
egain,infrastructureservices,east,generalinquiry-othergeneral,0.0
egain,digitalprivateline,east,billinginquiry-invoiceexplanation,0.0
egain,globalbusinessinternetdedicated,east,add,0.0
egain,businesslines,ns,billinginquiry-billingaccountupdate,0.0
email,btce,qc,billinginquiry-custombill,0.0
email,ethernet,nb,change,0.0
egain,businesslines,east,generalinquiry-reseller,0.0
egain,businessinternet,ns,billinginquiry-billingaccountupdate,0.0
egain,centrex,nb,generalinquiry-othergeneral,0.0
egain,digitalprivateline,on,disconnect,0.0
egain,webhosting,east,add,0.0
bcris,vnet,on,remove,0.0
egain,businessinternetdedicated,nb,billinginquiry-copyofinvoice,0.0
egain,ethernet,nb,billinginquiry-billingaccountupdate,0.0
egain,digitalprivateline,east,billinginquiry-copyofinvoice,0.0
egain,businesslines,ns,billinginquiry-balancetransferpaymentupdate,0.0
email,managedsecurityservices,on,add,0.0
egain,businesslines,pe,billinginquiry-otherbilling,0.0
egain,businesslines,east,800features,0.0
email,businesslines,on,generalinquiry-transferresponsibility,0.0
email,broadcast,on,new,0.0
egain,businessinternetdedicated,east,move,0.0
egain,businesslines,nl,generalinquiry-portout,0.0
email,businessinternet,west,add,0.0
egain,sap,east,disconnect,0.0
egain,managedservices,east,billinginquiry-invoiceexplanation,0.0
email,corporateaccountservice,on,sales,0.0
egain,businesslines,nl,disconnect,0.0
egain,digitalprivateline,nl,billinginquiry-balancetransferpaymentupdate,0.0
egain,managedservices,east,billinginquiry-otherbilling,0.0
egain,broadband,ns,billinginquiry-otherbilling,0.0
egain,managedservices,east,add,0.0
egain,businessinternetdedicated,east,generalinquiry-feasibilityinformation,0.0
egain,ethernet,east,billinginquiry-otherbilling,0.0
egain,businesslines,nb,billinginquiry-billingaccountupdate,0.0
egain,datalegacy,east,billinginquiry-invoiceexplanation,0.0
egain,tollfreeinternational,east,change,0.0
egain,businessinternetdedicated,east,generalinquiry-accountcontractupdate,0.0
egain,darkfibre,east,change,0.0
egain,businessinternetdedicated,nl,generalinquiry-othergeneral,0.0
egain,broadband,east,billinginquiry-dispute,0.0
egain,businesslines,pe,disconnect,0.0
egain,digitalprivateline,nl,migration,0.0
email,bellmerakimanagement,mb,add,0.0
egain,megalink,nb,disconnect,0.0
egain,centrex,east,project,0.0
egain,ipvpn,nl,add,0.0
egain,resellerbusinesslines,east,generalinquiry-pricingconfirmation,0.0
egain,businessinternet,east,billinginquiry-dispute,0.0
egain,ethernet,east,new,0.0
egain,businesslines,ns,generalinquiry-accountcontractupdate,0.0
egain,businesslines,east,trafficstudybilling,0.0
egain,adsllas,east,disconnect,0.0
egain,managedservices,east,icreditrequest,0.0
email,corporategeneralinquiries,west,noactionrequired,0.0
egain,ondemandcontactcentre,east,project,0.0
egain,broadband,nb,generalinquiry-serviceaddressinformation,0.0
egain,broadband,east,pricing,0.0
egain,broadband,ns,add,0.0
egain,ethernet,east,inventory,0.0
egain,broadband,east,seasonalservice,0.0
egain,locallink,ns,billinginquiry-billingaccountupdate,0.0
email,businessinternet,on,billinginquiry-incorrectrate,0.0
egain,megalink,nb,generalinquiry-othergeneral,0.0
egain,broadband,nb,move,0.0
egain,digitalprivateline,ns,billinginquiry-billingaccountupdate,0.0
egain,businessinternet,east,generalinquiry-othergeneral,0.0
egain,ethernetaccessservice,east,facilitycheck,0.0
egain,businessinternet,east,generalinquiry-copyofequipmentrecord,0.0
egain,businesslines,east,generalinquiry-directorylistings,0.0
egain,ipvpn,on,disconnect,0.0
egain,microlink,east,generalinquiry-serviceaddressinformation,0.0
egain,broadcast,east,disconnect,0.0
egain,ethernetaccessservice,east,billinginquiry-billingaccountupdate,0.0
egain,businesslines,east,winback,0.0
egain,businessinternetbrokered,east,change,0.0
egain,businessinternetdedicated,nl,icreditrequest,0.0
egain,digitalprivateline,east,change,0.0
egain,centrex,east,billinginquiry-balancetransferpaymentupdate,0.0
email,businessinternet,on,disconnect,0.0
egain,businesslines,east,move,0.0
email,corporateaccountservice,qc,mobilenumberchange,0.0
egain,btce,east,billinginquiry-incorrectrate,0.0
email,businesslines,east,billinginquiry-otherbilling,0.0
egain,datalegacy,ns,generalinquiry-othergeneral,0.0
email,corporategeneralinquiries,on,sales,0.0
egain,professionalservices,ns,billinginquiry-otherbilling,0.0
egain,businessinternetdedicated,east,billinginquiry-custombill,0.0
egain,datacentreandcloud,east,change,0.0
egain,managedservices,nb,billinginquiry-billingaccountupdate,0.0
egain,btce,east,generalinquiry-portout,0.0
egain,businessinternet,east,billinginquiry-incorrectrate,0.0
email,businessinternetdedicated,west,disconnect,0.0
kana,directorylisting,qc,glct,0.0
eom,centrex,qc,agreementcreation,0.0
egain,ondemandcontactcentre,east,change,0.0
egain,resellerinternet,east,disconnect,0.0
egain,digitalprivateline,ns,add,0.0
egain,broadband,east,billinginquiry-balancetransferpaymentupdate,0.0
egain,megalink,east,move,0.0
egain,businesslines,nb,move,0.0
egain,businessinternetdedicated,nb,facilitycheck,0.0
egain,webhosting,east,generalinquiry-pricingconfirmation,0.0
egain,conferencingservices,east,generalinquiry-othergeneral,0.0
egain,ethernet,east,generalinquiry-othergeneral,0.0
egain,resellerbusinesslines,east,add,0.0
email,audioconferencing,nb,generalinquiry-othergeneral,0.0
egain,businessinternetdedicated,ns,billinginquiry-otherbilling,0.0
egain,businessinternetdedicated,nl,billinginquiry-balancetransferpaymentupdate,0.0
egain,otherdataservices,east,generalinquiry-othergeneral,0.0
egain,businessinternetdedicated,pe,add,0.0
email,businesslines,pe,disconnect,0.0
eom,businessinternetdedicated,on,agreementregistered,0.0
egain,businesslines,east,change,0.0
egain,locallink,east,add,0.0
eom,btce,nova scotia,agreementcreation,0.0
egain,broadband,east,generalinquiry-serviceaddressinformation,0.0
egain,megalink,nb,generalinquiry-directinwardcalling,0.0
egain,businessinternetdedicated,nb,icreditrequest,0.0
egain,centrex,nb,change,0.0
egain,businessinternet,east,generalinquiry-reseller,0.0
egain,payphone,east,billinginquiry-otherbilling,0.0
egain,businessinternet,nb,billinginquiry-billingaccountupdate,0.0
egain,btce,east,generalinquiry-feasibilityinformation,0.0
email,businesslines,west,change,0.0
egain,microlink,east,add,0.0
egain,broadband,pe,presurvey,0.0
egain,btce,east,billinginquiry-billingaccountupdate,0.0
egain,businessinternet,east,add,0.0
egain,businessinternet,ns,facilitycheck,0.0
email,corporateaccountservice,on,unlockdevice,0.0
egain,broadcast,ns,generalinquiry-othergeneral,0.0
egain,businesslines,east,add,0.0
email,megalink,qc,generalinquiry-othergeneral,0.0
egain,businessinternetdedicated,nb,add,0.0
egain,broadband,ns,billinginquiry-incorrectrate,0.0
email,corporatehardwareorders,nb,hardwareordercancel,0.0
email,adsllas,on,disconnect,0.0
egain,broadband,east,agreementcreationvalidated,0.0
egain,businessinternetdedicated,nb,billinginquiry-otherbilling,0.0
eom,businessinternetdedicated,bc,agreementregistered,0.0
egain,centrex,nl,disconnect,0.0
egain,webhosting,east,billinginquiry-copyofinvoice,0.0
egain,locallink,east,wholesaleleasedloops,0.0
egain,businessinternetdedicated,east,add,0.0
egain,megalink,east,generalinquiry-portout,0.0
egain,businesslines,nl,billinginquiry-copyofinvoice,0.0
egain,businessinternet,east,generalinquiry-accountcontractupdate,0.0
egain,dedicatedinternetaccess,east,change,0.0
egain,businessinternetdedicated,east,presurvey,0.0
egain,businesslines,pe,billinginquiry-copyofinvoice,0.0
email,ethernet,intl,generalinquiry-othergeneral,0.0
egain,businessinternet,east,generalinquiry-pricingconfirmation,0.0
email,darkfibre,on,move,0.0
egain,broadband,east,generalinquiry-reseller,0.0
egain,datacentreandcloud,east,billinginquiry-billingaccountupdate,0.0
egain,ethernet,nb,add,0.0
email,dedicatedinternetaccess,west,generalinquiry-othergeneral,0.0
egain,centrex,east,billinginquiry-custombill,0.0
email,btce,qc,billinginquiry-otherbilling,0.0
egain,businessinternetdedicated,east,icreditrequest,0.0
egain,btce,ns,billinginquiry-billingaccountupdate,0.0
egain,megalink,east,disconnect,0.0
email,businessinternetdedicated,intl,facilitycheck,0.0
egain,btce,east,winback,0.0
egain,businesslines,east,temporaryservice,0.0
egain,businesslines,nl,billinginquiry-otherbilling,0.0
egain,businesslines,east,generalinquiry-pricingconfirmation,0.0
email,bellmanagedservicesforciscomeraki,on,billinginquiry-otherbilling,0.0
egain,businessinternet,east,pricing,0.0
egain,ipvpn,east,facilitycheck,0.0
email,switchredirect,on,generalinquiry-othergeneral,0.0
egain,ethernetaccessservice,east,add,0.0
egain,businessinternetdedicated,nl,new,0.0
egain,broadband,ns,disconnect,0.0
egain,btce,east,billinginquiry-copyofinvoice,0.0
egain,businessinternet,east,billinginquiry-billingaccountupdate,0.0
egain,btce,east,billinginquiry-otherbilling,0.0
egain,broadband,nl,pricing,0.0
egain,businesslines,east,generalinquiry-serviceaddressinformation,0.0
eom,businessinternetbrokered,on,agreementregistered,0.0
bcris,vnet,qc,add,0.0
egain,professionalservices,east,generalinquiry-feasibilityinformation,0.0
egain,businesslines,east,billinginquiry-obmsupport,0.0
egain,businesslines,ns,move,0.0
egain,businessinternetbrokered,east,add,0.0
egain,ethernet,east,billinginquiry-banrequest,0.0
egain,broadband,east,disconnect,0.0
egain,tollfree,east,migration,0.0
egain,centrex,east,portout,0.0
egain,centrex,east,generalinquiry-portout,0.0
egain,businessinternetdedicated,nb,generalinquiry-othergeneral,0.0
egain,businesslines,east,generalinquiry-portout,0.0
eom,megalink | megalink,on,agreementcreation,0.0
email,nddos,on,change,0.0
email,ethernet,qc,move,0.0
egain,locallink,east,icreditrequest,0.0
egain,centrex,east,generalinquiry-portin,0.0
egain,businessinternet,east,change,0.0
egain,directorylisting,east,generalinquiry-directorylistings,0.0
email,corporateaccountservice,bc,newactivationportin,0.0
egain,centrex,nl,move,0.0
bcris,vnet,qc,remove,0.0
egain,locallink,east,inventory,0.0
egain,businesslines,east,bliffman,0.0
egain,businesslines,east,seasonalservice,0.0
email,wavelength,ns,add,0.0
email,dryloopdsl,on,new,0.0
email,corporatehardwareorders,on,pricechange,0.0
egain,businesslines,east,generalinquiry-othergeneral,0.0
egain,broadband,east,change,0.0
egain,btce,east,3235,0.0
egain,businessinternetdedicated,ns,billinginquiry-balancetransferpaymentupdate,0.0
egain,businesslines,nl,billinginquiry-balancetransferpaymentupdate,0.0
egain,directorylisting,east,add,0.0
egain,businessinternet,east,generalinquiry-feasibilityinformation,0.0
egain,centrex,east,move,0.0
egain,professionalservices,east,generalinquiry-pricingconfirmation,0.0
egain,businessinternetdedicated,nb,change,0.0
egain,btce,on,change,0.0
egain,megalink,east,seasonalservice,0.0
email,businessinternetbrokered,mb,generalinquiry-othergeneral,0.0
egain,businessinternetdedicated,east,facilitycheck,0.0
egain,professionalservices,east,wholesaleleasedloops,0.0
egain,businessinternetdedicated,nl,billinginquiry-billingaccountupdate,0.0
egain,megalink,ns,billinginquiry-copyofinvoice,0.0
egain,broadcast,east,agreementcreation,0.0
egain,resellerresidentialline,east,move,0.0
egain,businesslines,east,generalinquiry-feasibilityinformation,0.0
egain,businesslines,nb,billinginquiry-incorrectrate,0.0
egain,ethernet,nb,generalinquiry-othergeneral,0.0
egain,broadband,pe,new,0.0
egain,businessinternet,nl,change,0.0
egain,businessinternetdedicated,east,generalinquiry-pricingconfirmation,0.0
egain,businessinternetbrokered,east,generalinquiry-othergeneral,0.0
bcris,vnet,qc,move,0.0
egain,businesslines,east,billinginquiry-custombill,0.0
eom,tollfreeinternational,qc,new,0.0
egain,broadband,nb,billinginquiry-billingaccountupdate,0.0
egain,broadband,east,inventory,0.0
egain,broadband,nb,pricing,0.0
egain,payphone,east,change,0.0
egain,broadcast,east,generalinquiry-othergeneral,0.0
egain,centrex,east,pricing,0.0
egain,businessinternetdedicated,east,pinreset,0.0
email,businessinternetbrokered,mb,disconnect,0.0
egain,directorylisting,east,billinginquiry-invoiceexplanation,0.0
email,centrex,qc,new,0.0
egain,ipvpn,east,billinginquiry-billingaccountupdate,0.0
egain,localaccesspackage,east,disconnect,0.0
egain,btce,east,disconnect,0.0
email,businesslines,on,generalinquiry-accountcontractupdate,0.0
egain,digitalprivateline,nl,billinginquiry-copyofinvoice,0.0
egain,businessinternet,east,agreementcreationcomplex,0.0
bcris,vnet,on,add,0.0
egain,directorylisting,east,icreditrequest,0.0
egain,internetconnectservice,east,generalinquiry-othergeneral,0.0
bcris,vnet,qc,change,0.0
egain,businesslines,ns,billinginquiry-otherbilling,0.0
egain,broadband,east,generalinquiry-othergeneral,0.0
email,corporategeneralinquiries,on,ordertrackingstatus,0.0
egain,broadband,nb,generalinquiry-othergeneral,0.0
egain,centrex,east,pinreset,0.0
egain,megalink,ns,move,0.0
egain,businesslines,east,portout,0.0
email,corporategeneralinquiries,nl,pricing,0.0
egain,businessinternet,east,migration,0.0
egain,broadband,ns,presurvey,0.0
egain,centrex,nl,billinginquiry-copyofinvoice,0.0
egain,adsllas,east,generalinquiry-othergeneral,0.0
email,businesslines,on,generalinquiry-othergeneral,0.0
egain,broadband,nl,billinginquiry-dslpromo,0.0
egain,megalink,east,billinginquiry-incorrectrate,0.0
egain,businesslines,ns,generalinquiry-othergeneral,0.0
email,digitalprivateline,mb,disconnect,0.0
egain,centrex,nb,billinginquiry-incorrectrate,0.0
egain,digitalprivateline,east,generalinquiry-pricingconfirmation,0.0
egain,broadband,east,add,0.0
egain,broadband,east,billinginquiry-incorrectrate,0.0
email,managedservices,west,new,0.0
egain,datalegacy,east,billinginquiry-dispute,0.0
egain,microlink,nb,disconnect,0.0
egain,broadband,east,bliffman,0.0
egain,businessinternet,ns,pricing,0.0
egain,centrex,ns,new,0.0
egain,broadband,east,billinginquiry-billingaccountupdate,0.0
egain,centrex,nl,add,0.0
egain,businesslines,east,trafficstudyconsultation,0.0
egain,centrex,east,migration,0.0
egain,centrex,east,3235,0.0
egain,businessinternetdedicated,ns,generalinquiry-othergeneral,0.0
egain,businessinternetdedicated,east,billinginquiry-dispute,0.0
egain,broadband,ns,billinginquiry-dispute,0.0
egain,businessinternet,east,seasonalservice,0.0
egain,locallink,east,disconnect,0.0
egain,digitalprivateline,ns,billinginquiry-balancetransferpaymentupdate,0.0
egain,broadband,nl,new,0.0
egain,ethernet,ns,generalinquiry-othergeneral,0.0
egain,otherdataservices,nl,generalinquiry-othergeneral,0.0
email,audioconferencing,west,generalinquiry-othergeneral,0.0
egain,businessinternetdedicated,nl,add,0.0
egain,broadband,east,escpartner,0.0
egain,megalink,east,generalinquiry-feasibilityinformation,0.0
email,corporateservicerepair,ns,noactionrequired,0.0
egain,megalink,ns,disconnect,0.0
egain,megalink,ns,inventory,0.0
egain,centrex,east,billinginquiry-obmsupport,0.0
egain,businessinternetbrokered,east,new,0.0
egain,dryloopdsl,east,dals,0.0
egain,broadband,east,billinginquiry-otherbilling,0.0
egain,businessinternet,east,billinginquiry-invoiceexplanation,0.0
egain,megalink,nl,generalinquiry-othergeneral,0.0
egain,ethernet,nl,facilitycheck,0.0
egain,dryloopdsl,east,generalinquiry-othergeneral,0.0
egain,microlink,pe,disconnect,0.0
egain,businessinternet,ns,generalinquiry-feasibilityinformation,0.0
egain,broadband,east,dals,0.0
egain,managedservices,pe,icreditrequest,0.0
email,businesslines,ns,generalinquiry-portout,0.0
egain,btce,east,generalinquiry-pricingconfirmation,0.0
email,businesslines,intl,billinginquiry-copyofinvoice,0.0
email,corporatebillinginquiries,on,pricechange,0.0
email,businessinternetdedicated,on,billinginquiry-custombill,0.0
egain,centrex,nb,generalinquiry-accountcontractupdate,0.0
email,corporategeneralinquiries,sk,newactivations,0.0
egain,dryloopdsl,east,billinginquiry-invoiceexplanation,0.0
egain,broadband,ns,billinginquiry-copyofinvoice,0.0
egain,ethernet,east,billinginquiry-obmsupport,0.0
egain,megalink,east,agreementcreationcomplex,0.0
egain,businesslines,pe,billinginquiry-balancetransferpaymentupdate,0.0
email,businesslines,on,billinginquiry-custombill,0.0
email,bandwidthselect,ab,disconnect,0.0
egain,professionalservices,east,presurvey,0.0
egain,btce,east,add,0.0
email,corporateaccountservice,on,voicemailpasswordreset,0.0
egain,digitalprivateline,nb,billinginquiry-billingaccountupdate,0.0
email,corporatehardwareorders,ab,hardwareorderchange,0.0
egain,professionalservices,east,billinginquiry-invoiceexplanation,0.0
egain,datalegacy,nb,generalinquiry-othergeneral,0.0
egain,digitalprivateline,east,generalinquiry-accountcontractupdate,0.0
egain,locallink,pe,disconnect,0.0
email,corporategeneralinquiries,mb,ordertrackingstatus,0.0
egain,centrex,ns,facilitycheck,0.0
egain,businessinternet,east,generalinquiry-transferresponsibility,0.0
egain,centrex,east,generalinquiry-transferresponsibility,0.0
egain,businesslines,ns,change,0.0
egain,siptrunk,east,billinginquiry-custombill,0.0
eom,businessinternetbrokered,west,escpartner,0.0
email,datacentreandcloud,qc,disconnect,0.0
eom,ipvpn,qc,agreementregistered,0.0
egain,ethernet,ns,facilitycheck,0.0
egain,ipvpn,nl,new,0.0
egain,otherdataservices,ns,disconnect,0.0
egain,datalegacy,east,billinginquiry-billingaccountupdate,0.0
egain,businesslines,east,generalinquiry-transferresponsibility,0.0
egain,resellerinternet,east,billinginquiry-otherbilling,0.0
egain,businessinternetdedicated,pe,new,0.0
email,adsllas,on,generalinquiry-othergeneral,0.0
email,payphone,qc,move,0.0
egain,tollfree,ns,billinginquiry-balancetransferpaymentupdate,0.0
egain,tollfree,ns,change,0.0
egain,businesslines,east,agreementcreation,0.0
egain,tollfreeinternational,east,generalinquiry-directorylistings,0.0
egain,broadband,east,wholesaleleasedloops,0.0
egain,businesslines,pe,generalinquiry-serviceaddressinformation,0.0
egain,businessinternetdedicated,nl,presurvey,0.0
email,eip,on,add,0.0
egain,businessinternet,east,winback,0.0
egain,otherdataservices,east,new,0.0
egain,otherdataservices,east,billinginquiry-incorrectrate,0.0
egain,businesslines,ns,trafficstudybilling,0.0
egain,broadband,nb,billinginquiry-otherbilling,0.0
egain,vnet,east,billinginquiry-billingaccountupdate,0.0
eom,ethernet,west,agreementcreationvalidated,0.0
eom,siptrunk,on,facilitycheck,0.0
email,tollfree,on,billinginquiry-balancetransferpaymentupdate,0.0
email,corporatehardwareorders,on,hardwareordercancel,0.0
email,broadcast,on,change,0.0
egain,locallink,east,change,0.0
egain,dryloopdsl,east,billinginquiry-dispute,0.0
egain,megalink,nl,new,0.0
email,corporateaccountservice,on,generalinquiry-othergeneral,0.0
email,businessinternetdedicated,qc,generalinquiry-othergeneral,0.0
email,businessinternetdedicated,on,billinginquiry-copyofinvoice,0.0
egain,digitalprivateline,nb,agreementcreation,0.0
egain,n/a,east,n/a,0.0
egain,wavelength,east,generalinquiry-serviceaddressinformation,0.0
email,broadcast,on,billinginquiry-otherbilling,0.0
egain,businessinternetdedicated,nl,change,0.0
email,btce,on,billinginquiry-otherbilling,0.0
egain,tollfreeinternational,east,billinginquiry-otherbilling,0.0
egain,centrex,ns,billinginquiry-balancetransferpaymentupdate,0.0
egain,businesslines,nl,generalinquiry-othergeneral,0.0
egain,ipvpn,ns,disconnect,0.0
egain,otherdataservices,east,generalinquiry-portout,0.0
egain,businessinternetdedicated,nb,new,0.0
egain,businessinternetdedicated,ns,new,0.0
email,directorylisting,qc,generalinquiry-directorylistings,0.0
egain,microlink,east,facilitycheck,0.0
egain,ethernet,east,billinginquiry-custombill,0.0
email,businessinternetdedicated,nb,move,0.0
email,corporatehardwareinquiries,on,smartpathinquiry,0.0
email,bellmerakimanagement,on,generalinquiry-othergeneral,0.0
kana,siptrunk,bc,generalinquiry-othergeneral,0.0
egain,megalink,east,trafficstudybilling,0.0
eom,globalbusinessinternetservice,on,agreementcreation,0.0
egain,businessinternet,east,inventory,0.0
eom,professionalservices,qc,agreementcreationvalidated,0.0
email,ipvpn,mb,add,0.0
egain,locallink,east,billinginquiry-balancetransferpaymentupdate,0.0
email,ipvpn,ab,change,0.0
egain,digitalprivateline,ns,new,0.0
egain,businesslines,nb,disconnect,0.0
email,msos365,west,generalinquiry-othergeneral,0.0
egain,btce,east,move,0.0
egain,professionalservices,east,migration,0.0
eom,ethernet,on,pcoesamedayexpedite,0.0
egain,megalink,east,agreementcreationvalidated,0.0
email,ethernetaccessservice,on,move,0.0
egain,centrex,east,billinginquiry-billingaccountupdate,0.0
egain,resellerbusinesslines,east,generalinquiry-reseller,0.0
eom,globalbusinessinternetservice,qc,facilitycheck,0.0
email,ethernet,qc,billinginquiry-otherbilling,0.0
email,eip,on,generalinquiry-othergeneral,0.0
email,msos365,on,generalinquiry-othergeneral,0.0
email,corporatehardwareorders,on,hardwareorderchange,0.0
email,businesslines,on,bliffman,0.0
eom,broadband,qc,agreementregistered,0.0
email,businessinternetbrokered,sk,generalinquiry-othergeneral,0.0
email,ethernet,nb,disconnect,0.0
egain,businessinternet,east,icreditrequest,0.0
egain,locallink,east,billinginquiry-invoiceexplanation,0.0
egain,ondemandcontactcentre,east,disconnect,0.0
email,corporatehardwareorders,nb,changesim,0.0
email,businessinternetdedicated,on,new,0.0
email,corporateaccountservice,on,changesim,0.0
egain,businessinternetdedicated,east,disconnect,0.0
email,corporatebillinginquiries,on,serviceandrepair,0.0
email,businesslines,on,billinginquiry-dispute,0.0
egain,ondemandcontactcentre,east,new,0.0
kana,centrex,on,billinginquiry-invoiceexplanation,0.0
egain,megalink,east,add,0.0
egain,webhosting,east,change,0.0
egain,businesslines,east,billinginquiry-dispute,0.0
email,broadcast,on,generalinquiry-othergeneral,0.0
egain,managedservices,nb,add,0.0
eom,megalink,west,generalinquiry-othergeneral,0.0
egain,locallink,east,generalinquiry-directorylistings,0.0
egain,megalink,bc,winback,0.0
email,warehousesupport,on,newactivations,0.0
egain,resellerbusinesslines,east,generalinquiry-portin,0.0
egain,otherdataservices,east,facilitycheck,0.0
egain,centrex,east,bliffman,0.0
egain,datalegacy,east,move,0.0
email,managedservices,pe,change,0.0
egain,professionalservices,east,icreditrequest,0.0
egain,broadband,nb,generalinquiry-accountcontractupdate,0.0
eom,datalegacy,qc,new,0.0
email,managedservices,nb,generalinquiry-othergeneral,0.0
egain,btce,east,facilitycheck,0.0
smartpath,businessinternet,bc,billinginquiry-invoiceexplanation,0.0
email,businesslines,west,billinginquiry-taxexemption,0.0
email,businesslines,ab,generalinquiry-othergeneral,0.0
email,nddos,east,generalinquiry-othergeneral,0.0
email,bellmanagedservicesforciscomeraki,qc,disconnect,0.0
egain,businesslines,east,billinginquiry-invoiceexplanation,0.0
egain,megalink,east,pricing,0.0
egain,digitalprivateline,ns,disconnect,0.0
egain,centrex,nb,move,0.0
egain,centrex,east,presurvey,0.0
email,internalteamsupport,on,nationaldistributionteam,0.0
egain,directorylisting,east,change,0.0
egain,broadcast,east,bliffman,0.0
email,managedsecurityservices,qc,billinginquiry-otherbilling,0.0
egain,otherdataservices,ns,billinginquiry-incorrectrate,0.0
egain,datacentreandcloud,east,disconnect,0.0
email,corporategeneralinquiries,ns,newactivations,0.0
egain,wavelength,east,add,0.0
egain,businessinternetdedicated,ns,disconnect,0.0
egain,businesslines,nb,billinginquiry-otherbilling,0.0
egain,businessinternet,ns,generalinquiry-othergeneral,0.0
email,directorylisting,on,distance,0.0
egain,resellerresidentialline,east,generalinquiry-othergeneral,0.0
egain,businesslines,nb,billinginquiry-balancetransferpaymentupdate,0.0
kana,businesslines,qc,generalinquiry-copyofequipmentrecord,0.0
egain,vnet,east,add,0.0
egain,centrex,east,temporaryservice,0.0
egain,otherdataservices,nb,disconnect,0.0
egain,resellerbusinesslines,east,billinginquiry-dispute,0.0
egain,ethernet,east,billinginquiry-dispute,0.0
eom,businessinternetdedicated,west,agreementcreationvalidated,0.0
email,ethernet,ab,change,0.0
egain,ethernet,pe,generalinquiry-othergeneral,0.0
egain,megalink,ns,add,0.0
egain,resellerinternet,east,billinginquiry-billingaccountupdate,0.0
egain,dedicatedinternetaccess,east,facilitycheck,0.0
egain,businesslines,pe,billinginquiry-dispute,0.0
eom,broadband,on,project,0.0
eom,businessinternetbrokered,mb,escpartner,0.0
email,businessinternet,ns,generalinquiry-othergeneral,0.0
email,businesslines,pe,generalinquiry-portout,0.0
egain,centrex,nl,billinginquiry-billingaccountupdate,0.0
email,corporatebillinginquiries,on,new,0.0
egain,otherdataservices,ns,change,0.0
egain,microlink,east,disconnect,0.0
email,businessinternetdedicated,west,new,0.0
email,corporatehardwareinquiries,ab,ordertrackingstatus,0.0
egain,centrex,east,generalinquiry-copyofequipmentrecord,0.0
email,businessinternetbrokered,ab,new,0.0
eom,businesslines,west,agreementcreationvalidated,0.0
egain,resellerinternet,east,add,0.0
egain,ethernet,nl,billinginquiry-billingaccountupdate,0.0
email,corporatehardwareorders,on,movesubscriber,0.0
egain,businesslines,east,billinginquiry-copyofinvoice,0.0
egain,megalink,ns,change,0.0
egain,dryloopdsl,east,add,0.0
email,corporatehardwareorders,on,pricing,0.0
email,corporatehardwareinquiries,on,changesim,0.0
email,darkfibre,intl,disconnect,0.0
egain,dedicatedinternetaccess,east,new,0.0
egain,ondemandcontactcentre,east,generalinquiry-othergeneral,0.0
email,corporategeneralinquiries,on,new,0.0
email,datalegacy,on,new,0.0
email,datalegacy,ns,disconnect,0.0
egain,globalmanagedsdwan,east,billinginquiry-otherbilling,0.0
email,managedservices,intl,move,0.0
kana,siptrunk,nb,generalinquiry-othergeneral,0.0
email,corporategeneralinquiries,qc,billinginquiry-otherbilling,0.0
email,corporateaccountservice,on,new,0.0
egain,businessinternetdedicated,east,pricing,0.0
egain,wavelength,east,facilitycheck,0.0
egain,digitalprivateline,pe,billinginquiry-balancetransferpaymentupdate,0.0
egain,businessinternetdedicated,nl,facilitycheck,0.0
email,switchredirect,qc,generalinquiry-othergeneral,0.0
email,corporatehardwareorders,qc,return,0.0
egain,managedservices,nb,billinginquiry-otherbilling,0.0
email,digitalprivateline,on,billinginquiry-otherbilling,0.0
egain,centrex,ns,winback,0.0
email,corporategeneralinquiries,ns,featurechange,0.0
email,corporateaccountservice,on,pricing,0.0
email,corporatehardwareorders,on,generalinquiry-othergeneral,0.0
egain,ipvpn,nb,billinginquiry-otherbilling,0.0
egain,ipvpn,east,new,0.0
kana,vnet,nb,new,0.0
egain,ethernet,nl,new,0.0
email,contactcentre,ab,generalinquiry-othergeneral,0.0
email,corporatehardwareinquiries,qc,generalservicerequest,0.0
egain,digitalprivateline,ns,billinginquiry-otherbilling,0.0
eom,globalipvpn,qc,new,0.0
email,ipvpn,on,facilitycheck,0.0
egain,businessinternetdedicated,ns,facilitycheck,0.0
egain,resellerbusinesslines,east,disconnect,0.0
egain,centrex,pe,add,0.0
egain,professionalservices,east,billinginquiry-billingaccountupdate,0.0
egain,professionalservices,east,change,0.0
email,ondemandcontactcentre,on,billinginquiry-otherbilling,0.0
egain,megalink,east,billinginquiry-copyofinvoice,0.0
email,managedservices,on,project,0.0
egain,webhosting,east,agreementregistered,0.0
email,corporatehardwareinquiries,on,generalservicerequest,0.0
egain,megalink,east,billinginquiry-otherbilling,0.0
email,businesslines,east,disconnect,0.0
email,corporateaccountservice,qc,changesim,0.0
egain,ethernet,nl,add,0.0
email,ipvpn,ab,billinginquiry-otherbilling,0.0
email,corporategeneralinquiries,on,upgrade,0.0
egain,ethernet,east,billinginquiry-incorrectrate,0.0
egain,centrex,east,generalinquiry-othergeneral,0.0
egain,centrex,pe,billinginquiry-balancetransferpaymentupdate,0.0
egain,businesslines,east,generalinquiry-copyofequipmentrecord,0.0
email,msos365,on,change,0.0
egain,otherdataservices,east,generalinquiry-serviceaddressinformation,0.0
egain,darkfibre,east,new,0.0
email,corporatehardwareorders,nl,inventoryavailability,0.0
egain,internetconnectservice,east,generalinquiry-feasibilityinformation,0.0
egain,globalprivateline,east,disconnect,0.0
email,corporatehardwareorders,bc,hardwareordercancel,0.0
egain,eip,east,change,0.0
egain,digitalprivateline,on,change,0.0
egain,btce,east,generalinquiry-othergeneral,0.0
egain,ipvpn,nb,add,0.0
egain,directorylisting,east,billinginquiry-otherbilling,0.0
egain,businessinternet,ns,disconnect,0.0
egain,webhosting,east,billinginquiry-billingaccountupdate,0.0
egain,broadband,nb,billinginquiry-invoiceexplanation,0.0
egain,localaccesspackage,east,generalinquiry-othergeneral,0.0
egain,broadband,east,new,0.0
egain,businesslines,east,pinreset,0.0
egain,businessinternet,nl,disconnect,0.0
egain,centrex,pe,billinginquiry-otherbilling,0.0
egain,datalegacy,east,billinginquiry-copyofinvoice,0.0
email,ethernet,ab,generalinquiry-othergeneral,0.0
egain,tollfree,east,generalinquiry-pricingconfirmation,0.0
egain,businesslines,east,facilitycheck,0.0
egain,broadband,nb,change,0.0
egain,ondemandcontactcentre,nl,billinginquiry-otherbilling,0.0
egain,datalegacy,nb,new,0.0
egain,managedservices,east,billinginquiry-incorrectrate,0.0
email,corporatebillinginquiries,on,pricing,0.0
egain,datacentreandcloud,east,add,0.0
egain,businessinternetdedicated,nl,disconnect,0.0
egain,globalprivateline,east,generalinquiry-othergeneral,0.0
email,businessinternet,west,generalinquiry-othergeneral,0.0
email,corporateaccountservice,on,devicemdmenrollment,0.0
egain,businessinternetdedicated,nl,billinginquiry-otherbilling,0.0
egain,resellerbusinesslines,east,new,0.0
egain,broadband,nl,billinginquiry-balancetransferpaymentupdate,0.0
egain,btce,east,icreditrequest,0.0
egain,businessinternet,nl,add,0.0
egain,professionalservices,east,billinginquiry-dispute,0.0
egain,datalegacy,nl,billinginquiry-otherbilling,0.0
egain,btce,east,billinginquiry-dispute,0.0
egain,businessinternetdedicated,ns,billinginquiry-billingaccountupdate,0.0
egain,businessinternet,east,disconnect,0.0
egain,businessinternet,nb,disconnect,0.0
egain,businessinternetdedicated,ns,change,0.0
egain,ethernet,nb,new,0.0
egain,businessinternetdedicated,ns,add,0.0
egain,businessinternet,east,pinreset,0.0
egain,broadcast,ns,add,0.0
egain,datalegacy,nl,generalinquiry-othergeneral,0.0
egain,broadband,nb,billinginquiry-incorrectrate,0.0
egain,businessinternetbrokered,east,billinginquiry-otherbilling,0.0
email,corporategeneralinquiries,on,changeimei,0.0
email,corporatehardwareinquiries,qc,ordertrackingstatus,0.0
egain,businesslines,ns,disconnect,0.0
egain,professionalservices,east,billinginquiry-copyofinvoice,0.0
egain,sap,east,billinginquiry-balancetransferpaymentupdate,0.0
egain,dryloopdsl,east,winback,0.0
egain,microlink,nl,disconnect,0.0
egain,broadcast,nb,new,0.0
egain,megalink,east,generalinquiry-reseller,0.0
egain,businessinternetdedicated,east,change,0.0
egain,broadband,nb,disconnect,0.0
egain,businessinternet,east,wholesaleleasedloops,0.0
egain,centrex,east,generalinquiry-directorylistings,0.0
email,businesslines,on,billinginquiry-otherbilling,0.0
email,managedsecurityservices,nl,change,0.0
egain,broadband,east,move,0.0
egain,businessinternetbrokered,nl,billinginquiry-otherbilling,0.0
egain,btce,east,billinginquiry-balancetransferpaymentupdate,0.0
egain,otherdataservices,ns,billinginquiry-otherbilling,0.0
egain,ethernet,ns,change,0.0
egain,businessinternetdedicated,east,billinginquiry-copyofinvoice,0.0
egain,dataschedule3a,east,generalinquiry-pricingconfirmation,0.0
egain,broadband,nt,disconnect,0.0
egain,businessinternetdedicated,pe,presurvey,0.0
egain,businesslines,east,billinginquiry-incorrectrate,0.0
egain,btce,east,migration,0.0
egain,businessinternetdedicated,east,generalinquiry-reseller,0.0
egain,businesslines,east,distance,0.0
egain,digitalprivateline,east,facilitycheck,0.0
egain,broadcast,nb,disconnect,0.0
egain,centrex,east,generalinquiry-pricingconfirmation,0.0
egain,datalegacy,pe,generalinquiry-othergeneral,0.0
egain,broadband,ns,move,0.0
egain,centrex,east,billinginquiry-incorrectrate,0.0
egain,businessinternet,on,change,0.0
egain,resellerbusinesslines,east,generalinquiry-serviceaddressinformation,0.0
egain,directorylisting,east,3235,0.0
egain,businessinternet,east,new,0.0
egain,broadband,east,generalinquiry-pricingconfirmation,0.0
egain,ethernet,east,generalinquiry-accountcontractupdate,0.0
egain,digitalprivateline,east,disconnect,0.0
email,corporategeneralinquiries,qc,mobilenumberchange,0.0
egain,tollfree,nl,800features,0.0
egain,bellmerakimanagement,east,generalinquiry-othergeneral,0.0
egain,broadband,east,generalinquiry-accountcontractupdate,0.0
egain,dryloopdsl,east,new,0.0
egain,businessinternetdedicated,east,generalinquiry-portin,0.0
egain,broadband,nl,billinginquiry-otherbilling,0.0
egain,btce,ns,generalinquiry-othergeneral,0.0
egain,broadband,nl,billinginquiry-incorrectrate,0.0
egain,professionalservices,east,inventory,0.0
egain,businessinternet,east,facilitycheck,0.0
egain,broadband,ns,generalinquiry-othergeneral,0.0
email,businesslines,qc,noactionrequired,0.0
egain,businessinternet,east,billinginquiry-otherbilling,0.0
egain,infrastructureservices,east,facilitycheck,0.0
egain,broadband,east,icreditrequest,0.0
email,btce,qc,add,0.0
egain,businessinternet,east,move,0.0
egain,ipvpn,east,billinginquiry-invoiceexplanation,0.0
egain,businessinternet,nb,generalinquiry-othergeneral,0.0
egain,broadband,nl,change,0.0
egain,megalink,east,migration,0.0
egain,businessinternetdedicated,nl,billinginquiry-incorrectrate,0.0
egain,siptrunk,ns,generalinquiry-othergeneral,0.0
egain,datalegacy,nl,new,0.0
email,btce,west,move,0.0
egain,eip,east,disconnect,0.0
email,corporatebillinginquiries,on,wirelessclientcare,0.0
email,ethernetaccessservice,on,add,0.0
egain,digitalprivateline,east,billinginquiry-balancetransferpaymentupdate,0.0
eom,ethernet,qc,agreementregistered,0.0
egain,ipvpn,east,generalinquiry-othergeneral,0.0
email,corporategeneralinquiries,on,movesubscriber,0.0
egain,locallink,ns,add,0.0
egain,businesslines,east,billinginquiry-balancetransferpaymentupdate,0.0
egain,businesslines,east,generalinquiry-accountcontractupdate,0.0
egain,businessinternetdedicated,east,billinginquiry-balancetransferpaymentupdate,0.0
egain,businesslines,nl,add,0.0
egain,digitalprivateline,nb,billinginquiry-balancetransferpaymentupdate,0.0
eom,virtualnetworkservices,qc,agreementcreationvalidated,0.0
egain,businesslines,ns,billinginquiry-copyofinvoice,0.0
egain,professionalservices,east,new,0.0
email,businessinternetdedicated,west,generalinquiry-othergeneral,0.0
egain,virtualnetworkservices,east,generalinquiry-othergeneral,0.0
egain,businesslines,pe,add,0.0
email,ipvpn,sk,generalinquiry-othergeneral,0.0
egain,directorylisting,east,cliff,0.0
eom,eip,west,pricing,0.0
egain,digitalprivateline,nb,billinginquiry-otherbilling,0.0
egain,eip,east,new,0.0
egain,managedservices,east,new,0.0
egain,siptrunk,east,generalinquiry-othergeneral,0.0
egain,infrastructureservices,east,billinginquiry-billingaccountupdate,0.0
email,megalink,on,new,0.0
egain,otherdataservices,pe,disconnect,0.0
email,saput,on,billinginquiry-otherbilling,0.0
email,vnet,east,change,0.0
egain,datalegacy,east,facilitycheck,0.0
egain,digitalprivateline,ns,change,0.0
smartpath,btce,qc,generalinquiry-accountcontractupdate,0.0
email,internetconnectservice,qc,change,0.0
egain,businessinternet,ns,add,0.0
egain,centrex,nl,facilitycheck,0.0
kana,businesslines,nb,change,0.0
email,wavelength,qc,change,0.0
email,ethernet,intl,new,0.0
egain,tollfree,east,generalinquiry-copyofequipmentrecord,0.0
smartpath,businessinternetdedicated,on,billinginquiry-obmsupport,0.0
egain,resellerinternet,east,generalinquiry-othergeneral,0.0
email,corporatehardwareinquiries,on,status,0.0
email,vnet,on,generalinquiry-othergeneral,0.0
egain,otherdataservices,east,generalinquiry-accountcontractupdate,0.0
egain,datalegacy,east,pricing,0.0
egain,centrex,ns,move,0.0
egain,ipvpn,east,generalinquiry-accountcontractupdate,0.0
eom,professionalservices,on,agreementcreationcomplex,0.0
smartpath,microlink,ab,agreementcreation,0.0
eom,globalipvpn,qc,agreementcreationvalidated,0.0
email,contactcentre,qc,generalinquiry-othergeneral,0.0
email,ethernetaccessservice,qc,disconnect,0.0
egain,digitalprivateline,pe,billinginquiry-invoiceexplanation,0.0
egain,centrex,nb,billinginquiry-billingaccountupdate,0.0
egain,managedservices,nl,change,0.0
egain,datalegacy,nl,icreditrequest,0.0
egain,datalegacy,east,billinginquiry-incorrectrate,0.0
email,businesslines,sk,billinginquiry-taxexemption,0.0
egain,businessinternetbrokered,east,facilitycheck,0.0
email,managedservices,qc,serviceassurance,0.0
egain,businesslines,pe,billinginquiry-invoiceexplanation,0.0
egain,businessinternet,nb,facilitycheck,0.0
egain,ipvpn,east,presurvey,0.0
egain,centrex,nb,add,0.0
egain,webhosting,east,generalinquiry-portin,0.0
egain,businessinternet,east,generalinquiry-portin,0.0
egain,megalink,east,presurvey,0.0
email,corporategeneralinquiries,on,serviceandrepair,0.0
email,bellmerakimanagement,nb,generalinquiry-othergeneral,0.0
egain,centrex,east,billinginquiry-copyofinvoice,0.0
egain,businessinternet,east,billinginquiry-balancetransferpaymentupdate,0.0
egain,btce,nl,add,0.0
email,datalegacy,west,new,0.0
eom,digitalprivateline,west,generalinquiry-othergeneral,0.0
egain,centrex,ns,generalinquiry-copyofequipmentrecord,0.0
egain,resellerbusinesslines,east,generalinquiry-accountcontractupdate,0.0
egain,ipvpn,east,project,0.0
egain,managedservices,ns,generalinquiry-othergeneral,0.0
egain,businesslines,east,migration,0.0
egain,datalegacy,nb,disconnect,0.0
email,corporatehardwareorders,bc,status,0.0
egain,professionalservices,east,seasonalservice,0.0
egain,otherdataservices,east,move,0.0
email,megalink,on,billinginquiry-balancetransferpaymentupdate,0.0
kana,tollfree,on,new,0.0
email,payphone,west,generalinquiry-othergeneral,0.0
kana,businessinternetbrokered,ab,disconnect,0.0
egain,tollfree,east,generalinquiry-transferresponsibility,0.0
email,megalink,west,trafficstudy,0.0
egain,businessinternetbrokered,east,pricing,0.0
egain,professionalservices,east,3235,0.0
email,corporategeneralinquiries,qc,hardwareordercancel,0.0
egain,professionalservices,east,billinginquiry-otherbilling,0.0
egain,digitalprivateline,east,billinginquiry-incorrectrate,0.0
egain,ipvpn,east,generalinquiry-feasibilityinformation,0.0
egain,globalipvpn,nl,billinginquiry-invoiceexplanation,0.0
eom,managedservices,qc,agreementcreationvalidated,0.0
egain,centrex,east,generalinquiry-serviceaddressinformation,0.0
email,siptrunk,on,generalinquiry-othergeneral,0.0
egain,locallink,east,generalinquiry-portout,0.0
email,contactcentre,qc,add,0.0
egain,businesslines,nl,presurvey,0.0
email,corporatehardwareorders,on,deploymentnewactivation,0.0
email,ipvpn,ab,disconnect,0.0
egain,businesslines,ns,add,0.0
egain,businessinternet,east,generalinquiry-portout,0.0
kana,ipvpn,qc,generalinquiry-accountcontractupdate,0.0
email,datacentreandcloud,on,noactionrequired,0.0
email,globalipvpn,qc,pricing,0.0
egain,centrex,nb,billinginquiry-invoiceexplanation,0.0
email,globalipvpn,intl,billinginquiry-otherbilling,0.0
email,corporategeneralinquiries,on,createupdateipaddress,0.0
ssc,businessinternet,west,generalinquiry-serviceaddressinformation,0.0
eom,ipvpn,west,facilitycheck,0.0
smartpath,businessinternetdedicated,west,billinginquiry-billingaccountupdate,0.0
email,ondemandcontactcentre,qc,disconnect,0.0
email,audioconferencing,qc,temporaryservice,0.0
eom,businessinternet,qc,agreementcreation,0.0
smartpath,corporatehardwareorders,qc,return,0.0
eom,siptrunk,on,pcoesamedayexpedite,0.0
eom,digitalprivateline,on,project,0.0
eom,businessinternetdedicated,qc,agreementcreation,0.0
kana,localaccesspackage,on,generalinquiry-pricingconfirmation,0.0
eom,globalprivateline,on,facilitycheck,0.0
kana,businessinternetdedicated,qc,billinginquiry-otherbilling,0.0
kana,switchredirect,west,change,0.0
kana,switchredirect,qc,disconnect,0.0
eom,centrex,qc,agreementcreationvalidated,0.0
email,professionalservices,intl,generalinquiry-othergeneral,0.0
email,corporatehardwareorders,on,holdorder,0.0
email,managedservices,on,generalinquiry-othergeneral,0.0
smartpath,digitalprivateline,ab,disconnect,0.0
kana,businessinternet,qc,migration,0.0
egain,webhosting,east,billinginquiry-obmsupport,0.0
kana,megalink,qc,billinginquiry-otherbilling,0.0
eom,megalink,east,agreementcreation,0.0
kana,businesslines,on,generalinquiry-serviceaddressinformation,0.0
eom,businesslines,east,pcoesamedayexpedite,0.0
smartpath,businesslines,mb,billinginquiry-billingaccountupdate,0.0
kana,businesslines,bc,move,0.0
smartpath,btce,on,agreementcreation,0.0
email,ethernet,bc,change,0.0
smartpath,directorylisting,qc,cliffagent,0.0
email,corporateaccountservice,on,cancelsubscriber,0.0
eom,ipvpn,qc,generalinquiry-othergeneral,0.0
email,tollfree,qc,billinginquiry-otherbilling,0.0
kana,datalegacy,qc,disconnect,0.0
email,localaccesspackage,on,billinginquiry-otherbilling,0.0
kana,microlink,on,disconnect,0.0
email,siptrunk,sk,generalinquiry-othergeneral,0.0
pss,megalink,west,billinginquiry-copyofinvoice,0.0
smartpath,broadcast,on,add,0.0
email,ethernet,east,change,0.0
email,managedservices,on,billinginquiry-otherbilling,0.0
email,wavelength,bc,facilitycheck,0.0
kana,directorylisting,east,bliffman,0.0
eom,businessinternetbrokered,west,agreementregistered,0.0
smartpath,adsllas,on,change,0.0
email,businesslines,west,billinginquiry-copyofinvoice,0.0
eom,wirelessbackupbis,on,escpartner,0.0
email,datacentreandcloud,nb,disconnect,0.0
eom,megalink,on,facilitycheck,0.0
email,internetconnectservice,bc,facilitycheck,0.0
smartpath,tollfree,on,800features,0.0
eom,businessinternet,qc,agreementregistered,0.0
email,corporatehardwareorders,on,accountservicerep,0.0
smartpath,businesslines,qc,billinginquiry-balancetransferpaymentupdate,0.0
egain,megalink,east,trafficstudyconsultation,0.0
eom,managedservices,qc,agreementregistered,0.0
email,locallink,on,generalinquiry-transferresponsibility,0.0
smartpath,broadband,east,coaching,0.0
egain,tollfree,east,800features,0.0
smartpath,businesslines,west,billinginquiry-invoiceexplanation,0.0
email,ipvpn,on,billinginquiry-incorrectrate,0.0
pss,businesslines,on,generalinquiry-transferresponsibility,0.0
smartpath,btce,qc,agreementcreation,0.0
eom,managedservices,on,agreementcreationcomplex,0.0
pwo,businessinternetbrokered,nb,new,0.0
eom,ipvpn,on,pcoesamedayexpedite,0.0
egain,wavelength,east,disconnect,0.0
email,payphone,east,billinginquiry-otherbilling,0.0
email,audioconferencing,east,temporaryservice,0.0
kana,businessinternet,on,generalinquiry-feasibilityinformation,0.0
eom,infrastructureservices,qc,agreementcreationvalidated,0.0
eom,managedservices,on,agreementcreationvalidated,0.0
email,webex,on,add,0.0
email,directorylisting,on,change,0.0
smartpath,centrex,on,generalinquiry-accountcontractupdate,0.0
email,managedservices,east,new,0.0
smartpath,btce,ab,coaching,0.0
smartpath,businessinternetbrokered,bc,generalinquiry-othergeneral,0.0
email,corporatehardwareorders,ns,ordertrackingstatus,0.0
email,globalipvpn,on,generalinquiry-othergeneral,0.0
email,tollfreeinternational,on,new,0.0
email,wavelength,ab,change,0.0
egain,resellerbusinesslines,east,billinginquiry-otherbilling,0.0
smartpath,adsllas,on,generalinquiry-othergeneral,0.0
eom,businessinternetdedicated,ab,agreementcreation,0.0
ssc,wavelength,on,generalinquiry-pricingconfirmation,0.0
email,corporateaccountservice,qc,noactionrequired,0.0
smartpath,siptrunk,on,migration,0.0
email,datalegacy,east,disconnect,0.0
smartpath,btce,on,billinginquiry-incorrectrate,0.0
pss,megalink,west,billinginquiry-otherbilling,0.0
email,audioconferencing,intl,billinginquiry-copyofinvoice,0.0
email,audioconferencing,qc,add,0.0
email,videoconferencing,qc,serviceassurance,0.0
smartpath,globalipvpn,nb,billinginquiry-otherbilling,0.0
email,businesslines,on,portout,0.0
email,businesslines,west,generalinquiry-othergeneral,0.0
eom,siptrunk,east,agreementregistered,0.0
email,corporatehardwareorders,qc,noactionrequired,0.0
smartpath,businessinternet,nl,presurvey,0.0
smartpath,businessinternet,east,disconnect,0.0
eom,businessinternetdedicated,qc,facilitycheck,0.0
eom,ondemandcontactcentre,west,agreementregistered,0.0
eom,btce,east,facilitycheck,0.0
egain,professionalservices,east,generalinquiry-othergeneral,0.0
smartpath,businessinternet,mb,billinginquiry-otherbilling,0.0
email,switchredirect,on,disconnect,0.0
pss,tollfree,west,generalinquiry-copyofequipmentrecord,0.0
email,managedservices,bc,billinginquiry-otherbilling,0.0
kana,datalegacy,west,change,0.0
eom,centrex | bell total connect,on,agreementcreation,0.0
email,wavelength,mb,disconnect,0.0
email,corporategeneralinquiries,on,billinginquiry-otherbilling,0.0
email,corporategeneralinquiries,on,usernamechange,0.0
kana,businesslines,on,generalinquiry-accountcontractupdate,0.0
eom,tollfreeinternational,on,escpartner,0.0
pwo,businessinternetdedicated,west,agreementcreation,0.0
eom,centrex,east,pcoesamedayexpedite,0.0
kana,megalink,qc,change,0.0
email,warehousesupport,on,hardwareorderchange,0.0
email,networksolutions,on,new,0.0
email,businessinternet,on,billinginquiry-custombill,0.0
eom,globalipvpn,west,agreementregistered,0.0
smartpath,businessinternetdedicated,qc,reconnection,0.0
email,ethernet,qc,distance,0.0
kana,businessinternetdedicated,bc,generalinquiry-othergeneral,0.0
smartpath,businessinternet,ab,billinginquiry-balancetransferpaymentupdate,0.0
smartpath,businesslines,on,generalinquiry-copyofequipmentrecord,0.0
smartpath,globalipvpn,intl,generalinquiry-accountcontractupdate,0.0
email,globalipvpn,qc,generalinquiry-othergeneral,0.0
kana,btce,bc,generalinquiry-othergeneral,0.0
email,payphone,on,billinginquiry-custombill,0.0
eom,globalipvpn,west,generalinquiry-othergeneral,0.0
kana,businesslines,on,billinginquiry-invoiceexplanation,0.0
kana,btce,nl,generalinquiry-othergeneral,0.0
kana,businessinternetdedicated,qc,generalinquiry-feasibilityinformation,0.0
email,wavelength,west,change,0.0
kana,businessinternet,on,billinginquiry-billingaccountupdate,0.0
email,warehousesupport,on,orders,0.0
eom,businessinternetdedicated,on,agreementcreationvalidated,0.0
kana,businessinternet,nl,disconnect,0.0
eom,btce,qc,agreementregistered,0.0
eom,btce,nova scotia,generalinquiry-othergeneral,0.0
email,managedservices,nb,change,0.0
smartpath,btce,ns,winback,0.0
email,ethernet,east,disconnect,0.0
eom,btce,west,agreementregistered,0.0
smartpath,businessinternet,on,billinginquiry-otherbilling,0.0
email,corporateaccountservice,on,billinginquiry-otherbilling,0.0
kana,btce,west,move,0.0
smartpath,businesslines,on,agreementregistered,0.0
smartpath,businessinternet,ab,billinginquiry-otherbilling,0.0
smartpath,megalink,mb,generalinquiry-othergeneral,0.0
kana,businesslines,west,generalinquiry-copyofequipmentrecord,0.0
smartpath,businessinternet,nb,billinginquiry-invoiceexplanation,0.0
kana,ethernet,on,billinginquiry-otherbilling,0.0
kana,globalipvpn,qc,pricing,0.0
smartpath,businessinternet,on,coaching,0.0
smartpath,globalipvpn,bc,generalinquiry-othergeneral,0.0
kana,centrex,west,generalinquiry-transferresponsibility,0.0
email,datacentreandcloud,on,change,0.0
eom,globalipvpn,on,agreementcreationcomplex,0.0
smartpath,businesslines,bc,generalinquiry-accountcontractupdate,0.0
pss,digitalprivateline,on,generalinquiry-othergeneral,0.0
pwo,businessinternetbrokered,ab,agreementcreation,0.0
smartpath,businessinternetdedicated,on,billinginquiry-invoiceexplanation,0.0
eom,broadband,on,agreementcreationvalidated,0.0
email,locallink,on,generalinquiry-othergeneral,0.0
email,ipvpn,qc,billinginquiry-custombill,0.0
eom,virtualnetworkservices,on,agreementcreation,0.0
kana,businesslines,qc,billinginquiry-invoiceexplanation,0.0
kana,directorylisting,on,migration,0.0
kana,msos365,on,disconnect,0.0
smartpath,audioconferencing,on,generalinquiry-accountcontractupdate,0.0
email,corporateselfservetools,on,generalservicerequest,0.0
email,businesslines,qc,cliff,0.0
eom,bell managed cloud security gateways,qc,agreementcreation,0.0
kana,businesslines,qc,generalinquiry-pricingconfirmation,0.0
email,switchredirect,east,generalinquiry-othergeneral,0.0
kana,directorylisting,qc,generalinquiry-directorylistings,0.0
eom,centrex,on,generalinquiry-othergeneral,0.0
kana,businessinternet,on,generalinquiry-accountcontractupdate,0.0
email,professionalservices,intl,billinginquiry-otherbilling,0.0
email,corporateaccountservice,on,change,0.0
kana,digitalprivateline,west,new,0.0
email,webex,on,billinginquiry-otherbilling,0.0
email,corporategeneralinquiries,on,voicemailpasswordreset,0.0
kana,ethernet,ns,disconnect,0.0
pss,tollfree,intl,change,0.0
eom,ethernet,qc,escpartner,0.0
eom,web solutions - consulting services,qc,agreementregistered,0.0
email,siptrunk,west,new,0.0
eom,microlink,on,agreementcreation,0.0
eom,megalink,on,generalinquiry-othergeneral,0.0
smartpath,businessinternet,nb,add,0.0
email,datalegacy,qc,billinginquiry-custombill,0.0
kana,btce,qc,billinginquiry-incorrectrate,0.0
email,professionalservices,intl,billinginquiry-obmsupport,0.0
kana,saput,on,generalinquiry-othergeneral,0.0
eom,ipvpn,west,pcoesamedayexpedite,0.0
smartpath,broadband,on,move,0.0
email,webex,west,generalinquiry-othergeneral,0.0
email,globalipvpn,intl,generalinquiry-othergeneral,0.0
email,megalink,qc,disconnect,0.0
email,ethernet,ab,disconnect,0.0
eom,wavelength,qc,pcoesamedayexpedite,0.0
eom,businessinternet,nt,facilitycheck,0.0
kana,businesslines,east,add,0.0
kana,businessinternetbrokered,west,new,0.0
eom,localaccesspackage,on,new,0.0
eom,professionalservices,west,pcoesamedayexpedite,0.0
eom,globalipvpn,qc,pricing,0.0
kana,businessinternet,east,billinginquiry-otherbilling,0.0
smartpath,broadband,qc,billinginquiry-otherbilling,0.0
email,ethernetaccessservice,on,new,0.0
email,businessinternet,west,billinginquiry-otherbilling,0.0
email,businesslines,west,disconnect,0.0
email,ipvpn,ns,generalinquiry-othergeneral,0.0
email,ethernet,nb,facilitycheck,0.0
email,corporategeneralinquiries,bc,mobilenumberchange,0.0
egain,tollfree,east,inventory,0.0
kana,tollfree,qc,billinginquiry-otherbilling,0.0
smartpath,centrex,ab,billinginquiry-otherbilling,0.0
email,siptrunk,on,billinginquiry-invoiceexplanation,0.0
pwo,businessinternetbrokered,qc,new,0.0
eom,businessinternet,qc,agreementcreationcomplex,0.0
email,webex,qc,billinginquiry-otherbilling,0.0
kana,ipvpn,nb,generalinquiry-othergeneral,0.0
eom,wavelength,qc,agreementregistered,0.0
kana,businessinternetdedicated,qc,generalinquiry-othergeneral,0.0
email,switchredirect,intl,billinginquiry-otherbilling,0.0
email,megalink,on,trafficstudy,0.0
kana,tollfree,intl,disconnect,0.0
email,ipvpn,qc,billinginquiry-otherbilling,0.0
smartpath,businessinternet,bc,new,0.0
eom,microlink,qc,generalinquiry-othergeneral,0.0
smartpath,btce,nb,generalinquiry-othergeneral,0.0
eom,vnet,qc,agreementcreation,0.0
eom,professionalservices,west,new,0.0
email,corporatehardwareinquiries,on,pricing,0.0
email,ethernet,east,new,0.0
email,corporatehardwareorders,on,requestimei,0.0
eom,centrex,west,pcoesamedayexpedite,0.0
email,ethernet,intl,billinginquiry-otherbilling,0.0
kana,globalipvpn,intl,billinginquiry-otherbilling,0.0
email,businesslines,on,billinginquiry-billingaccountupdate,0.0
kana,businesslines,west,generalinquiry-accountcontractupdate,0.0
email,corporatehardwareorders,ns,hardwareordercancel,0.0
egain,microlink,east,new,0.0
eom,businessinternetbrokered,on,generalinquiry-othergeneral,0.0
eom,datalegacy,west,agreementcreationvalidated,0.0
pss,locallink,on,billinginquiry-invoiceexplanation,0.0
pwo,businessinternetdedicated,qc,agreementcreationvalidated,0.0
smartpath,adsllas,qc,generalinquiry-othergeneral,0.0
pwo,globalipvpn,on,agreementcreationvalidated,0.0
email,sap,west,new,0.0
email,ethernet,bc,new,0.0
eom,wavelength,west,agreementregistered,0.0
eom,wavelength,west,facilitycheck,0.0
email,vnet,on,billinginquiry-otherbilling,0.0
email,centrex,on,generalinquiry-othergeneral,0.0
eom,microlink,west,generalinquiry-othergeneral,0.0
eom,wirelessbackupbis,on,new,0.0
eom,businessinternetdedicated,on,project,0.0
smartpath,btce,qc,change,0.0
ssc,megalink,ns,generalinquiry-othergeneral,0.0
email,ondemandcontactcentre,ns,change,0.0
kana,businesslines,west,generalinquiry-directorylistings,0.0
kana,saput,qc,billinginquiry-otherbilling,0.0
email,wavelength,west,disconnect,0.0
eom,businessinternetdedicated,ab,escpartner,0.0
pss,btce,on,generalinquiry-transferresponsibility,0.0
kana,directorylisting,qc,t30,0.0
email,ethernet,bc,generalinquiry-othergeneral,0.0
email,wavelength,intl,pricing,0.0
email,businesslines,intl,billinginquiry-otherbilling,0.0
eom,ipvpn,on,agreementcreation,0.0
email,ipvpn,on,new,0.0
kana,megalink,qc,generalinquiry-directinwardcalling,0.0
kana,wavelength,bc,add,0.0
smartpath,btce,ab,move,0.0
email,digitalprivateline,qc,new,0.0
kana,btce,bc,change,0.0
eom,managedservices,west,agreementcreationvalidated,0.0
eom,businessinternetdedicated,bc,agreementcreation,0.0
email,webex,qc,billinginquiry-custombill,0.0
email,internalteamsupport,on,ordertrackingstatus,0.0
email,managedsecurityservices,qc,change,0.0
email,ondemandcontactcentre,intl,disconnect,0.0
email,vnet,west,generalinquiry-othergeneral,0.0
eom,professionalservices,on,project,0.0
email,managedservices,bc,generalinquiry-othergeneral,0.0
email,webex,nb,billinginquiry-otherbilling,0.0
kana,businessinternet,on,generalinquiry-reseller,0.0
eom,eip,on,agreementregistered,0.0
smartpath,btce,west,billinginquiry-copyofinvoice,0.0
kana,broadcast,on,generalinquiry-othergeneral,0.0
smartpath,audioconferencing,on,serviceassurance,0.0
kana,centrex,qc,generalinquiry-transferresponsibility,0.0
eom,broadband,on,generalinquiry-othergeneral,0.0
smartpath,localaccesspackage,on,coaching,0.0
egain,sap,nl,billinginquiry-invoiceexplanation,0.0
email,virtualnetworkservices,on,generalinquiry-othergeneral,0.0
email,managedsecurityservices,qc,new,0.0
kana,businesslines,nl,billinginquiry-otherbilling,0.0
kana,globalipvpn,qc,new,0.0
email,dedicatedinternetaccess,qc,generalinquiry-othergeneral,0.0
eom,eip,qc,escpartner,0.0
eom,globalbusinessinternetservice,qc,generalinquiry-othergeneral,0.0
kana,directorylisting,qc,cliff,0.0
smartpath,ipvpn,on,billinginquiry-copyofinvoice,0.0
smartpath,centrex,nb,facilitycheck,0.0
kana,datalegacy,east,generalinquiry-othergeneral,0.0
email,ethernet,qc,generalinquiry-othergeneral,0.0
email,datacentreandcloud,nb,change,0.0
email,wavelength,on,generalinquiry-othergeneral,0.0
eom,ondemandcontactcentre,qc,new,0.0
email,managedservices,nl,generalinquiry-othergeneral,0.0
email,payphone,qc,change,0.0
email,ondemandcontactcentre,nb,change,0.0
email,datalegacy,on,billinginquiry-otherbilling,0.0
kana,siptrunk,qc,billinginquiry-copyofinvoice,0.0
eom,datalegacy,qc,agreementcreation,0.0
pss,businessinternet,qc,generalinquiry-othergeneral,0.0
kana,btce,qc,generalinquiry-othergeneral,0.0
email,corporatehardwareorders,mb,ordertrackingstatus,0.0
eom,megalink,qc,pcoesamedayexpedite,0.0
email,corporatehardwareinquiries,on,newactivationportin,0.0
smartpath,audioconferencing,on,billinginquiry-copyofinvoice,0.0
smartpath,datalegacy,intl,billinginquiry-copyofinvoice,0.0
eom,wavelength,on,agreementregistered,0.0
egain,tollfree,east,generalinquiry-portin,0.0
kana,bandwidthselect,on,disconnect,0.0
email,corporategeneralinquiries,qc,orders,0.0
email,businessinternet,on,billinginquiry-otherbilling,0.0
email,btce,on,new,0.0
email,switchredirect,on,change,0.0
email,webex,qc,generalinquiry-othergeneral,0.0
smartpath,businessinternetdedicated,east,coaching,0.0
email,internalteamsupport,on,billinginquiry,0.0
smartpath,centrex,nl,billinginquiry-obmsupport,0.0
email,dedicatedinternetaccess,bc,facilitycheck,0.0
email,btce,qc,generalinquiry-othergeneral,0.0
email,webex,west,temporaryservice,0.0
email,audioconferencing,ns,billinginquiry-otherbilling,0.0
email,businessinternet,bc,change,0.0
eom,btce,on,new,0.0
email,managedsecurityservices,nb,disconnect,0.0
email,professionalservices,on,billinginquiry-custombill,0.0
kana,saput,qc,add,0.0
eom,professionalservices,nova scotia,agreementregistered,0.0
email,managedservices,east,change,0.0
email,audioconferencing,on,serviceassurance,0.0
smartpath,datalegacy,on,generalinquiry-transferresponsibility,0.0
email,vnet,qc,disconnect,0.0
email,microlink,on,new,0.0
eom,businessinternet,east,agreementcreation,0.0
smartpath,audioconferencing,ns,billinginquiry-copyofinvoice,0.0
kana,datalegacy,ns,disconnect,0.0
smartpath,businessinternet,ab,generalinquiry-serviceaddressinformation,0.0
eom,infrastructureservices,on,agreementcreation,0.0
eom,siptrunk,qc,agreementregistered,0.0
eom,businessinternetdedicated,on,pcoesamedayexpedite,0.0
smartpath,broadcast,on,generalinquiry-othergeneral,0.0
smartpath,corporatehardwareorders,on,newactivations,0.0
egain,tollfreeinternational,east,disconnect,0.0
email,infrastructureservices,on,disconnect,0.0
egain,webhosting,east,generalinquiry-copyofequipmentrecord,0.0
smartpath,businessinternet,qc,bliffman,0.0
email,webhosting,east,generalinquiry-othergeneral,0.0
pwo,localaccesspackage,qc,new,0.0
smartpath,businessinternet,bc,billinginquiry-incorrectrate,0.0
email,infrastructureservices,west,generalinquiry-othergeneral,0.0
email,corporatehardwareorders,on,newactivations,0.0
kana,megalink,bc,change,0.0
eom,centrex,on,agreementcreationvalidated,0.0
email,businessinternetdedicated,on,billinginquiry-obmsupport,0.0
eom,globalbusinessinternetservice,on,generalinquiry-othergeneral,0.0
kana,businesslines,mb,disconnect,0.0
pss,ipvpn,on,generalinquiry-transferresponsibility,0.0
email,managedservices,on,add,0.0
email,webex,on,seasonalservice,0.0
eom,centrex,west,generalinquiry-othergeneral,0.0
email,corporateaccountservice,on,requestimei,0.0
kana,payphone,on,generalinquiry-othergeneral,0.0
ssc,centrex,west,generalinquiry-accountcontractupdate,0.0
eom,globalipvpn,qc,generalinquiry-othergeneral,0.0
email,videoconferencing,west,serviceassurance,0.0
smartpath,audioconferencing,on,billinginquiry-otherbilling,0.0
email,ethernet,qc,facilitycheck,0.0
pwo,businessinternetbrokered,west,facilitycheck,0.0
eom,siptrunk,bc,agreementcreation,0.0
email,webcasting,on,add,0.0
smartpath,businessinternet,on,agreementcreationcomplex,0.0
email,corporatehardwareorders,ab,newactivations,0.0
egain,tollfreeinternational,ns,billinginquiry-otherbilling,0.0
eom,wirelessbackupbib,on,new,0.0
kana,btce,on,billinginquiry-incorrectrate,0.0
kana,ipvpn,west,facilitycheck,0.0
kana,businessinternetbrokered,on,disconnect,0.0
smartpath,businessinternet,qc,generalinquiry-transferresponsibility,0.0
kana,businessinternetdedicated,west,change,0.0
kana,btce,qc,billinginquiry-otherbilling,0.0
email,vnet,qc,new,0.0
email,internalteamsupport,on,newactivations,0.0
kana,megalink,on,billinginquiry-invoiceexplanation,0.0
email,managedservices,east,disconnect,0.0
email,corporatehardwareinquiries,on,inventoryavailability,0.0
eom,datalegacy,west,agreementcreationcomplex,0.0
egain,tollfree,east,generalinquiry-othergeneral,0.0
email,payphone,east,generalinquiry-othergeneral,0.0
smartpath,megalink,on,billinginquiry-copyofinvoice,0.0
eom,businesslines,on,agreementregistered,0.0
email,corporatehardwareorders,qc,newactivationportin,0.0
email,datalegacy,qc,billinginquiry-otherbilling,0.0
email,corporateaccountservice,on,pricechange,0.0
egain,siptrunk,east,disconnect,0.0
eom,localaccesspackage,on,project,0.0
email,darkfibre,on,billinginquiry-custombill,0.0
eom,ipvpn,on,escpartner,0.0
email,internetconnectservice,bc,disconnect,0.0
email,digitalprivateline,qc,generalinquiry-othergeneral,0.0
smartpath,audioconferencing,qc,billinginquiry-copyofinvoice,0.0
email,ipvpn,on,billinginquiry-balancetransferpaymentupdate,0.0
kana,switchredirect,qc,add,0.0
smartpath,ethernet,ab,generalinquiry-accountcontractupdate,0.0
pwo,ipvpn,saskatchewan,facilitycheck,0.0
kana,businesslines,nb,billinginquiry-otherbilling,0.0
kana,megalink,on,billinginquiry-billingaccountupdate,0.0
eom,localaccesspackage,on,generalinquiry-othergeneral,0.0
smartpath,audioconferencing,on,add,0.0
pwo,businessinternetbrokered,west,new,0.0
email,conferencingservices,on,generalinquiry-othergeneral,0.0
kana,ipvpn,ab,billinginquiry-otherbilling,0.0
email,btce,west,change,0.0
smartpath,centrex,ns,billinginquiry-incorrectrate,0.0
email,internetconnectservice,bc,add,0.0
email,corporatehardwareinquiries,on,hardwareorderchange,0.0
email,megalink,qc,generalinquiry-copyofequipmentrecord,0.0
email,bellmanagedservicesforciscomeraki,on,change,0.0
kana,centrex,sk,generalinquiry-othergeneral,0.0
email,corporateaccountservice,on,mobilenumberchange,0.0
kana,ethernet,mb,disconnect,0.0
smartpath,businesslines,qc,generalinquiry-pricingconfirmation,0.0
kana,sap,nl,billinginquiry-otherbilling,0.0
kana,broadband,on,change,0.0
ssc,businesslines,east,disconnect,0.0
eom,businessinternet,qc,pcoesamedayexpedite,0.0
email,ondemandcontactcentre,on,generalinquiry-othergeneral,0.0
egain,datalegacy,east,billinginquiry-otherbilling,0.0
smartpath,broadband,pe,billinginquiry-invoiceexplanation,0.0
email,audioconferencing,east,serviceassurance,0.0
kana,tollfree,bc,generalinquiry-othergeneral,0.0
email,bellmerakimanagement,qc,disconnect,0.0
kana,ethernet,on,generalinquiry-othergeneral,0.0
egain,megalink,ns,generalinquiry-othergeneral,0.0
pwo,businessinternetdedicated,qc,agreementregistered,0.0
email,webex,on,generalinquiry-othergeneral,0.0
email,internetconnectservice,on,generalinquiry-othergeneral,0.0
smartpath,bellmerakimanagement,ns,billinginquiry-banrequest,0.0
eom,wirelessbackupbib,on,escpartner,0.0
email,corporatehardwareorders,qc,orders,0.0
ssc,btce,bc,generalinquiry-othergeneral,0.0
eom,globalipvpn,on,facilitycheck,0.0
eom,btce,qc,pcoesamedayexpedite,0.0
kana,datalegacy,qc,move,0.0
email,datalegacy,nb,disconnect,0.0
smartpath,directorylisting,qc,disconnect,0.0
eom,businessinternetbrokered,on,escpartner,0.0
smartpath,broadband,west,billinginquiry-otherbilling,0.0
smartpath,businesslines,ab,portout,0.0
email,digitalprivateline,qc,add,0.0
email,corporatehardwareinquiries,qc,inventoryavailability,0.0
kana,businessinternetbrokered,qc,add,0.0
kana,businesslines,on,glct,0.0
kana,centrex,on,new,0.0
pwo,ipvpn,west,facilitycheck,0.0
kana,businesslines,west,billinginquiry-balancetransferpaymentupdate,0.0
smartpath,businessinternetdedicated,ab,generalinquiry-othergeneral,0.0
pss,businessinternet,west,billinginquiry-otherbilling,0.0
kana,sap,on,change,0.0
kana,businessinternet,on,move,0.0
email,internetconnectservice,on,move,0.0
kana,globalipvpn,intl,add,0.0
smartpath,btce,on,generalinquiry-copyofequipmentrecord,0.0
email,businesslines,ns,generalinquiry-othergeneral,0.0
kana,megalink,on,generalinquiry-transferresponsibility,0.0
eom,virtualnetworkservices,qc,agreementregistered,0.0
email,payphone,on,move,0.0
kana,btce,west,generalinquiry-othergeneral,0.0
smartpath,msos365,qc,add,0.0
email,wavelength,intl,add,0.0
eom,globalipvpn,new brunswick,new,0.0
smartpath,bandwidthselect,east,800features,0.0
smartpath,businessinternetdedicated,west,generalinquiry-accountcontractupdate,0.0
eom,btce,on,agreementcreationcomplex,0.0
eom,wavelength,qc,generalinquiry-othergeneral,0.0
eom,datalegacy,west,project,0.0
smartpath,ipvpn,east,coaching,0.0
ssc,otherdataservices,qc,generalinquiry-othergeneral,0.0
email,siptrunk,east,migration,0.0
smartpath,btce,west,generalinquiry-copyofequipmentrecord,0.0
email,corporatehardwareorders,on,deploymentupgrade,0.0
email,wavelength,on,change,0.0
eom,businesslines,qc,pcoesamedayexpedite,0.0
email,businessinternet,qc,add,0.0
smartpath,centrex,qc,billinginquiry-dispute,0.0
smartpath,businessinternet,west,change,0.0
kana,businesslines,ab,billinginquiry-otherbilling,0.0
kana,businessinternetdedicated,qc,billinginquiry-balancetransferpaymentupdate,0.0
pwo,managedservices,qc,agreementregistered,0.0
eom,businessinternet,west,generalinquiry-othergeneral,0.0
email,ondemandcontactcentre,qc,billinginquiry-otherbilling,0.0
eom,broadband,on,agreementcreation,0.0
ssc,businessinternetdedicated,bc,generalinquiry-othergeneral,0.0
email,digitalprivateline,mb,generalinquiry-othergeneral,0.0
pss,switchredirect,on,add,0.0
ssc,siptrunk,bc,add,0.0
smartpath,businesslines,ns,billinginquiry-custombill,0.0
pwo,businessinternetbrokered,qc,agreementcreationvalidated,0.0
smartpath,corporategeneralinquiries,on,deploymentupgrade,0.0
eom,wavelength,west,agreementcreationvalidated,0.0
eom,eip,west,generalinquiry-othergeneral,0.0
smartpath,businessinternet,nl,add,0.0
eom,managedservices,qc,generalinquiry-othergeneral,0.0
smartpath,businessinternetdedicated,west,generalinquiry-othergeneral,0.0
egain,siptrunk,east,billinginquiry-copyofinvoice,0.0
smartpath,businesslines,on,generalinquiry-serviceaddressinformation,0.0
email,ondemandcontactcentre,intl,add,0.0
email,corporatehardwareorders,qc,adjustments,0.0
smartpath,btce,qc,generalinquiry-pricingconfirmation,0.0
kana,vnet,on,generalinquiry-othergeneral,0.0
eom,businessinternetbrokered,nova scotia,agreementcreation,0.0
kana,digitalprivateline,on,billinginquiry-otherbilling,0.0
eom,siptrunk,on,generalinquiry-othergeneral,0.0
pss,megalink,on,generalinquiry-serviceaddressinformation,0.0
email,managedservices,on,billinginquiry-custombill,0.0
smartpath,corporateaccountservice,on,billinginquiry,0.0
email,businessinternet,qc,billinginquiry-custombill,0.0
email,bellmerakimanagement,on,add,0.0
ssc,businessinternet,mb,generalinquiry-serviceaddressinformation,0.0
kana,megalink,qc,new,0.0
kana,businesslines,on,generalinquiry-portin,0.0
email,ethernet,on,disconnect,0.0
eom,businessinternetbrokered,on,pcoesamedayexpedite,0.0
kana,datalegacy,qc,new,0.0
pss,locallink,on,billinginquiry-otherbilling,0.0
smartpath,corporategeneralinquiries,on,smartpathinquiry,0.0
smartpath,btce,ab,billinginquiry-balancetransferpaymentupdate,0.0
smartpath,siptrunk,ns,new,0.0
email,broadband,west,disconnect,0.0
smartpath,businessinternetdedicated,nb,billinginquiry-copyofinvoice,0.0
kana,businessinternetdedicated,ab,new,0.0
eom,siptrunk,qc,pcoesamedayexpedite,0.0
pwo,managedservices,on,agreementcreationvalidated,0.0
smartpath,businesslines,nl,billinginquiry-invoiceexplanation,0.0
eom,btce,east,escpartner,0.0
kana,megalink,on,move,0.0
kana,ethernet,ab,change,0.0
kana,vnet,west,add,0.0
smartpath,centrex,ab,generalinquiry-othergeneral,0.0
kana,datacentreandcloud,on,generalinquiry-othergeneral,0.0
eom,globalipvpn,intl,agreementregistered,0.0
eom,eip,qc,pcoesamedayexpedite,0.0
kana,eip,ns,disconnect,0.0
email,corporatehardwareinquiries,on,noactionrequired,0.0
kana,managedservices,mb,billinginquiry-otherbilling,0.0
smartpath,centrex,pe,move,0.0
pss,businessinternetdedicated,on,billinginquiry-otherbilling,0.0
eom,microlink,qc,agreementregistered,0.0
eom,ethernet,qc,agreementcreation,0.0
eom,datalegacy,on,agreementregistered,0.0
email,wavelength,west,facilitycheck,0.0
pss,businessinternet,qc,billinginquiry-otherbilling,0.0
kana,directorylisting,east,generalinquiry-directorylistings,0.0
email,wavelength,mb,add,0.0
kana,saput,on,change,0.0
kana,businessinternetdedicated,intl,add,0.0
smartpath,businessinternet,qc,softhardmac,0.0
email,ethernet,on,billinginquiry-incorrectrate,0.0
kana,sap,on,billinginquiry-balancetransferpaymentupdate,0.0
eom,digitalprivateline,on,generalinquiry-othergeneral,0.0
eom,centrex,east,agreementcreation,0.0
kana,btce,west,billinginquiry-incorrectrate,0.0
email,ondemandcontactcentre,on,change,0.0
kana,businesslines,qc,generalinquiry-feasibilityinformation,0.0
eom,businesslines,west,agreementcreation,0.0
smartpath,businesslines,qc,billinginquiry-billingaccountupdate,0.0
smartpath,siptrunk,bc,disconnect,0.0
kana,businesslines,east,generalinquiry-copyofequipmentrecord,0.0
email,internalteamsupport,on,hardwareorderchange,0.0
smartpath,megalink,ns,disconnect,0.0
smartpath,businesslines,nb,change,0.0
email,internalteamsupport,on,technicalsupport,0.0
kana,businessinternet,qc,generalinquiry-accountcontractupdate,0.0
smartpath,localaccesspackage,on,generalinquiry-accountcontractupdate,0.0
pss,businessinternetdedicated,west,billinginquiry-otherbilling,0.0
kana,localaccesspackage,on,move,0.0
eom,managedservices,on,agreementregistered,0.0
eom,globalipvpn,intl,new,0.0
eom,globalprivateline,intl,facilitycheck,0.0
smartpath,businessinternet,mb,coaching,0.0
pss,wavelength,on,change,0.0
kana,businessinternetdedicated,on,billinginquiry-copyofinvoice,0.0
smartpath,businesslines,ab,coaching,0.0
smartpath,btce,on,reconnection,0.0
email,corporatehardwareinquiries,on,deploymentnewactivation,0.0
smartpath,businessinternetdedicated,qc,generalinquiry-serviceaddressinformation,0.0
smartpath,broadcast,qc,generalinquiry-othergeneral,0.0
kana,vnet,qc,add,0.0
email,vnet,west,disconnect,0.0
eom,tollfreeinternational,qc,agreementregistered,0.0
kana,resellerinternet,on,disconnect,0.0
smartpath,businesslines,ab,reconnection,0.0
kana,wavelength,intl,generalinquiry-pricingconfirmation,0.0
email,ethernetaccessservice,on,facilitycheck,0.0
email,sap,on,billinginquiry-otherbilling,0.0
eom,ondemandcontactcentre,on,agreementcreationvalidated,0.0
smartpath,businessinternet,nb,billinginquiry-otherbilling,0.0
kana,businessinternet,on,billinginquiry-copyofinvoice,0.0
smartpath,eip,bc,billinginquiry-otherbilling,0.0
email,corporategeneralinquiries,on,unlockdevice,0.0
eom,localaccesspackage,west,new,0.0
eom,ethernet,on,generalinquiry-othergeneral,0.0
kana,sap,west,move,0.0
eom,infrastructureservices,on,agreementregistered,0.0
kana,ondemandcontactcentre,on,billinginquiry-otherbilling,0.0
kana,contactcentre,east,billinginquiry-otherbilling,0.0
smartpath,corporateaccountservice,on,technicalsupport,0.0
email,corporatehardwareinquiries,qc,noactionrequired,0.0
kana,businesslines,on,generalinquiry-pricingconfirmation,0.0
pss,businessinternet,qc,generalinquiry-accountcontractupdate,0.0
kana,directorylisting,on,cliff,0.0
kana,businessinternetdedicated,bc,add,0.0
eom,businessinternetdedicated,west,escpartner,0.0
smartpath,centrex,ab,coaching,0.0
smartpath,businessinternetbrokered,nl,coaching,0.0
kana,btce,ns,billinginquiry-otherbilling,0.0
kana,msos365,west,generalinquiry-othergeneral,0.0
eom,vnet,on,escpartner,0.0
kana,megalink,mb,generalinquiry-othergeneral,0.0
eom,ipvpn | ipvpn,on,new,0.0
kana,datalegacy,west,generalinquiry-othergeneral,0.0
eom,btce,bc,agreementregistered,0.0
email,ethernet,qc,change,0.0
ssc,otherdataservices,qc,billinginquiry-billingaccountupdate,0.0
email,ethernetaccessservice,on,disconnect,0.0
kana,btce,on,3235,0.0
eom,btce,qc,inventory,0.0
smartpath,businesslines,qc,migration,0.0
smartpath,businessinternetdedicated,on,billinginquiry-dispute,0.0
smartpath,conferencingservices,qc,billinginquiry-billingaccountupdate,0.0
smartpath,broadband,ns,billinginquiry-billingaccountupdate,0.0
eom,ondemandcontactcentre,on,pcoesamedayexpedite,0.0
email,corporategeneralinquiries,on,holdorder,0.0
smartpath,businessinternetdedicated,east,add,0.0
email,ethernet,on,new,0.0
email,corporatehardwareorders,west,billinginquiry-obmsupport,0.0
eom,businessinternet,qc,agreementcreationvalidated,0.0
smartpath,businessinternet,bc,generalinquiry-serviceaddressinformation,0.0
smartpath,businessinternet,ns,facilitycheck,0.0
eom,niceincontactcxone,qc,new,0.0
kana,managedservices,qc,disconnect,0.0
eom,businessinternetdedicated,east,agreementcreation,0.0
email,tollfree,qc,billinginquiry-obmsupport,0.0
smartpath,globalipvpn,qc,generalinquiry-pricingconfirmation,0.0
kana,directorylisting,on,generalinquiry-othergeneral,0.0
pss,businesslines,bc,billinginquiry-billingaccountupdate,0.0
kana,darkfibre,on,generalinquiry-othergeneral,0.0
kana,globalipvpn,on,disconnect,0.0
eom,megalink,west,agreementregistered,0.0
kana,siptrunk,on,billinginquiry-otherbilling,0.0
smartpath,businesslines,nl,billinginquiry-copyofinvoice,0.0
smartpath,businessinternet,west,disconnect,0.0
email,saput,nl,billinginquiry-otherbilling,0.0
smartpath,businessinternetdedicated,nb,change,0.0
email,corporatebillinginquiries,on,generalservicerequest,0.0
kana,tollfree,on,generalinquiry-accountcontractupdate,0.0
smartpath,businesslines,qc,generalinquiry-reseller,0.0
smartpath,ipvpn,qc,generalinquiry-feasibilityinformation,0.0
kana,businessinternetdedicated,ab,facilitycheck,0.0
kana,msos365,on,add,0.0
email,digitalprivateline,ns,disconnect,0.0
eom,ipvpn,on,agreementcreationvalidated,0.0
smartpath,businessinternet,sk,agreementcreation,0.0
eom,megalink,qc,escpartner,0.0
smartpath,businesslines,qc,billinginquiry-custombill,0.0
email,nddos,on,add,0.0
smartpath,businesslines,on,billinginquiry-dispute,0.0
eom,globalbusinessinternetdedicated,on,facilitycheck,0.0
email,broadband,qc,generalinquiry-othergeneral,0.0
email,wavelength,on,disconnect,0.0
eom,infrastructureservices,west,agreementcreation,0.0
email,ipvpn,nb,generalinquiry-othergeneral,0.0
email,ondemandcontactcentre,intl,generalinquiry-othergeneral,0.0
email,directorylisting,qc,distance,0.0
eom,megalink,qc,agreementregistered,0.0
smartpath,businessinternetbrokered,bc,add,0.0
ssc,businesslines,ab,billinginquiry-balancetransferpaymentupdate,0.0
email,videoconferencing,on,serviceassurance,0.0
smartpath,businesslines,east,generalinquiry-transferresponsibility,0.0
smartpath,businessinternet,mb,billinginquiry-balancetransferpaymentupdate,0.0
smartpath,centrex,qc,generalinquiry-pricingconfirmation,0.0
eom,infrastructureservices,on,pcoesamedayexpedite,0.0
email,wavelength,qc,new,0.0
ssc,megalink,west,generalinquiry-transferresponsibility,0.0
smartpath,businessinternetdedicated,on,3235,0.0
email,corporateaccountservice,qc,newactivations,0.0
smartpath,broadband,bc,billinginquiry-invoiceexplanation,0.0
eom,digitalprivateline,qc,agreementcreation,0.0
eom,megalink,ab,agreementcreation,0.0
email,digitalprivateline,intl,disconnect,0.0
smartpath,datalegacy,on,billinginquiry-incorrectrate,0.0
email,corporatehardwareorders,bc,newactivations,0.0
kana,btce,on,billinginquiry-billingaccountupdate,0.0
eom,wavelength,on,pcoesamedayexpedite,0.0
email,wavelength,on,generalinquiry-accountcontractupdate,0.0
smartpath,businesslines,ab,new,0.0
kana,ethernet,bc,add,0.0
kana,siptrunk,qc,billinginquiry-otherbilling,0.0
smartpath,broadband,ab,generalinquiry-serviceaddressinformation,0.0
kana,localaccesspackage,on,generalinquiry-accountcontractupdate,0.0
smartpath,btce,qc,pinreset,0.0
eom,msos365,qc,agreementcreation,0.0
smartpath,microlink,qc,disconnect,0.0
kana,btce,on,billinginquiry-invoiceexplanation,0.0
email,otherdataservices,on,generalinquiry-othergeneral,0.0
smartpath,businessinternetbrokered,on,generalinquiry-othergeneral,0.0
kana,sap,qc,pricing,0.0
kana,ipvpn,on,generalinquiry-pricingconfirmation,0.0
eom,ipvpn,qc,facilitycheck,0.0
pss,ethernet,qc,billinginquiry-otherbilling,0.0
smartpath,broadband,on,add,0.0
ssc,businesslines,west,generalinquiry-feasibilityinformation,0.0
smartpath,ethernet,qc,billinginquiry-invoiceexplanation,0.0
email,managedservices,west,generalinquiry-othergeneral,0.0
email,megalink,on,trafficstudyconsultation,0.0
email,wavelength,west,generalinquiry-othergeneral,0.0
pwo,ipvpn,on,agreementcreation,0.0
kana,datalegacy,qc,change,0.0
kana,datalegacy,on,generalinquiry-othergeneral,0.0
email,sap,on,change,0.0
kana,btce,west,billinginquiry-otherbilling,0.0
kana,businessinternet,on,disconnect,0.0
kana,webhosting,on,disconnect,0.0
email,corporatehardwareorders,west,billinginquiry-otherbilling,0.0
email,payphone,on,generalinquiry-othergeneral,0.0
kana,switchredirect,on,change,0.0
smartpath,siptrunk,bc,generalinquiry-othergeneral,0.0
email,internetconnectservice,ab,facilitycheck,0.0
kana,btce,west,change,0.0
kana,siptrunk,east,generalinquiry-othergeneral,0.0
email,siptrunk,on,agreementcreationvalidated,0.0
email,nddos,ab,generalinquiry-othergeneral,0.0
eom,siptrunk,east,agreementcreationvalidated,0.0
eom,btce,on,agreementcreation,0.0
smartpath,tollfree,ab,800features,0.0
eom,businesslines,qc,agreementcreationcomplex,0.0
email,ethernet,west,generalinquiry-othergeneral,0.0
smartpath,businesslines,qc,new,0.0
email,switchredirect,on,billinginquiry-otherbilling,0.0
smartpath,globalprivateline,intl,billinginquiry-otherbilling,0.0
smartpath,tollfree,qc,facilitycheck,0.0
smartpath,eip,ab,billinginquiry-invoiceexplanation,0.0
email,managedsecurityservices,qc,disconnect,0.0
smartpath,businessinternetdedicated,on,agreementcreationvalidated,0.0
email,webex,qc,disconnect,0.0
eom,tollfree,intl,new,0.0
smartpath,businesslines,on,project,0.0
email,businessinternetbrokered,on,disconnect,0.0
email,globalipvpn,on,billinginquiry-otherbilling,0.0
eom,globalprivateline,on,agreementregistered,0.0
eom,localaccesspackage,on,agreementcreationcomplex,0.0
email,managedservices,on,facilitycheck,0.0
kana,btce,west,add,0.0
smartpath,centrex,on,billinginquiry-invoiceexplanation,0.0
smartpath,centrex,ns,generalinquiry-accountcontractupdate,0.0
kana,broadband,qc,generalinquiry-othergeneral,0.0
ssc,ethernet,qc,disconnect,0.0
kana,businessinternetdedicated,on,billinginquiry-billingaccountupdate,0.0
kana,businessinternet,on,generalinquiry-portout,0.0
eom,managedservices,west,agreementregistered,0.0
kana,vnet,sk,add,0.0
pss,centrex,west,generalinquiry-othergeneral,0.0
email,internetconnectservice,on,add,0.0
smartpath,bellmanagedservicesforciscomeraki,on,billinginquiry-banrequest,0.0
smartpath,sap,qc,generalinquiry-othergeneral,0.0
email,corporateservicerepair,on,ordertrackingstatus,0.0
eom,ondemandcontactcentre,qc,pcoesamedayexpedite,0.0
email,managedservices,on,noactionrequired,0.0
kana,ondemandcontactcentre,on,billinginquiry-copyofinvoice,0.0
email,sap,east,move,0.0
kana,megalink,on,generalinquiry-accountcontractupdate,0.0
smartpath,managedservices,on,change,0.0
smartpath,corporateservicerepair,on,serviceandrepair,0.0
pss,centrex,qc,billinginquiry-otherbilling,0.0
eom,tollfreeinternational,qc,agreementcreation,0.0
eom,globalipvpn,west,agreementcreationcomplex,0.0
smartpath,globalbusinessinternetservice,qc,add,0.0
kana,businesslines,ns,change,0.0
email,corporategeneralinquiries,on,billinginquiry,0.0
kana,saput,qc,billinginquiry-invoiceexplanation,0.0
email,siptrunk,qc,portout,0.0
kana,tollfree,east,new,0.0
pwo,localaccesspackage,qc,agreementcreation,0.0
kana,sap,qc,generalinquiry-othergeneral,0.0
eom,digitalprivateline,qc,facilitycheck,0.0
smartpath,broadband,qc,generalinquiry-othergeneral,0.0
email,sap,nb,move,0.0
email,businesslines,nb,change,0.0
eom,microlink,ab,agreementcreation,0.0
email,tollfree,east,billinginquiry-invoiceexplanation,0.0
pwo,managedservices,east,agreementcreation,0.0
pss,businesslines,qc,add,0.0
smartpath,corporatehardwareorders,on,holdorder,0.0
email,managedsecurityservices,on,disconnect,0.0
pwo,businessinternet,qc,agreementregistered,0.0
pss,businesslines,bc,billinginquiry-copyofinvoice,0.0
eom,wavelength,ab,facilitycheck,0.0
eom,btce,qc,agreementcreationvalidated,0.0
pwo,ipvpn,on,facilitycheck,0.0
pss,businessinternet,ab,add,0.0
eom,businessinternet,on,agreementcreation,0.0
eom,siptrunk,qc,agreementcreation,0.0
kana,ipvpn,qc,billinginquiry-copyofinvoice,0.0
kana,tollfree,qc,change,0.0
smartpath,broadband,on,suspension,0.0
kana,vnet,ns,new,0.0
eom,broadband,on,agreementregistered,0.0
smartpath,btce,nl,billinginquiry-custombill,0.0
pss,businessinternetbrokered,on,disconnect,0.0
email,ondemandcontactcentre,on,new,0.0
kana,wavelength,ab,change,0.0
kana,directorylisting,qc,change,0.0
eom,btce,qc,generalinquiry-othergeneral,0.0
email,managedservices,qc,billinginquiry-otherbilling,0.0
eom,bell managed wi-fi | business internet dedicated,on,agreementregistered,0.0
smartpath,businesslines,nl,generalinquiry-copyofequipmentrecord,0.0
smartpath,managedsecurityservices,on,disconnect,0.0
smartpath,businessinternet,nb,change,0.0
kana,digitalprivateline,on,new,0.0
pwo,btce,west,agreementcreation,0.0
kana,ondemandcontactcentre,qc,generalinquiry-othergeneral,0.0
kana,businessinternetbrokered,on,change,0.0
email,corporategeneralinquiries,qc,serviceandrepair,0.0
pss,businesslines,ab,billinginquiry-otherbilling,0.0
smartpath,bellmerakimanagement,on,billinginquiry-banrequest,0.0
eom,globalprivateline,on,agreementcreationvalidated,0.0
email,vnet,on,change,0.0
eom,globalbusinessinternetdedicated,intl,facilitycheck,0.0
ssc,ethernet,west,generalinquiry-accountcontractupdate,0.0
kana,btce,on,generalinquiry-accountcontractupdate,0.0
pwo,megalink,on,agreementcreation,0.0
eom,businesslines,qc,facilitycheck,0.0
smartpath,businessinternetbrokered,mb,generalinquiry-othergeneral,0.0
smartpath,businessinternet,qc,billinginquiry-obmsupport,0.0
smartpath,btce,sk,winback,0.0
eom,btce,ab,agreementcreation,0.0
smartpath,businessinternet,east,billinginquiry-balancetransferpaymentupdate,0.0
kana,businesslines,mb,generalinquiry-othergeneral,0.0
smartpath,businesslines,east,suspension,0.0
smartpath,globalipvpn,on,facilitycheck,0.0
smartpath,broadband,on,generalinquiry-othergeneral,0.0
kana,msos365,on,move,0.0
email,internetconnectservice,ab,change,0.0
smartpath,btce,ab,new,0.0
smartpath,datalegacy,qc,billinginquiry-copyofinvoice,0.0
smartpath,businessinternet,ns,generalinquiry-othergeneral,0.0
kana,businessinternet,on,change,0.0
email,corporatehardwareorders,on,generalservicerequest,0.0
email,directorylisting,east,generalinquiry-othergeneral,0.0
email,corporategeneralinquiries,on,generalinquiry-othergeneral,0.0
kana,tollfree,qc,move,0.0
email,corporategeneralinquiries,on,problemfile,0.0
pss,locallink,on,billinginquiry-copyofinvoice,0.0
kana,megalink,bc,add,0.0
smartpath,datalegacy,on,agreementcreation,0.0
kana,tollfree,on,billinginquiry-copyofinvoice,0.0
smartpath,datalegacy,ns,generalinquiry-othergeneral,0.0
eom,businessinternetbrokered,qc,pricing,0.0
email,corporateservicerepair,on,status,0.0
email,professionalservices,west,billinginquiry-otherbilling,0.0
email,professionalservices,nb,billinginquiry-otherbilling,0.0
smartpath,directorylisting,on,generalinquiry-serviceaddressinformation,0.0
eom,businessinternetdedicated,mb,facilitycheck,0.0
kana,businessinternetdedicated,mb,add,0.0
pss,businesslines,qc,generalinquiry-copyofequipmentrecord,0.0
smartpath,businessinternetdedicated,qc,generalinquiry-copyofequipmentrecord,0.0
kana,broadband,qc,new,0.0
kana,vnet,on,new,0.0
kana,globalipvpn,intl,pricing,0.0
email,corporateservicerepair,on,noactionrequired,0.0
email,internetconnectservice,on,disconnect,0.0
email,corporatehardwareorders,west,generalinquiry-othergeneral,0.0
eom,ethernet,on,agreementcreation,0.0
kana,businessinternet,qc,generalinquiry-transferresponsibility,0.0
pss,tollfree,on,billinginquiry-copyofinvoice,0.0
pss,btce,qc,billinginquiry-copyofinvoice,0.0
email,ethernetaccessservice,qc,new,0.0
eom,globalbusinessinternetdedicated,on,generalinquiry-othergeneral,0.0
email,businesslines,qc,new,0.0
egain,resellerbusinesslines,east,generalinquiry-copyofequipmentrecord,0.0
eom,globalipvpn,west,new,0.0
eom,localaccesspackage,qc,generalinquiry-othergeneral,0.0
smartpath,businesslines,ns,disconnect,0.0
smartpath,businessinternet,bc,generalinquiry-othergeneral,0.0
pwo,ipvpn,saskatchewan,new,0.0
eom,businessinternetbrokered,east,new,0.0
eom,btce,nunavut,agreementcreation,0.0
eom,siptrunk,bc,agreementregistered,0.0
kana,saput,on,generalinquiry-accountcontractupdate,0.0
kana,broadband,on,billinginquiry-otherbilling,0.0
email,ethernet,west,add,0.0
eom,ondemandcontactcentre,west,agreementcreationvalidated,0.0
email,corporategeneralinquiries,mb,noactionrequired,0.0
eom,businesslines,qc,generalinquiry-othergeneral,0.0
eom,ethernet,on,escpartner,0.0
kana,tollfree,qc,new,0.0
email,ipvpn,on,generalinquiry-othergeneral,0.0
email,managedservices,qc,new,0.0
email,businesslines,bc,generalinquiry-othergeneral,0.0
eom,localaccesspackage,on,escpartner,0.0
email,businessinternet,east,move,0.0
email,businesslines,qc,portout,0.0
egain,resellerbusinesslines,east,billinginquiry-invoiceexplanation,0.0
egain,resellerresidentialline,east,disconnect,0.0
kana,centrex,west,generalinquiry-othergeneral,0.0
egain,managedservices,pe,billinginquiry-billingaccountupdate,0.0
email,payphone,east,add,0.0
eom,businessinternet,west,escpartner,0.0
eom,businessinternetdedicated,qc,agreementcreationcomplex,0.0
email,datalegacy,on,disconnect,0.0
eom,webex web conferencing,on,agreementcreation,0.0
email,siptrunk,qc,billinginquiry-otherbilling,0.0
email,payphone,on,new,0.0
email,corporategeneralinquiries,on,newactivationportin,0.0
eom,siptrunk,qc,escpartner,0.0
email,corporatehardwareorders,on,changesim,0.0
email,datacentreandcloud,qc,change,0.0
email,broadband,pe,generalinquiry-othergeneral,0.0
email,darkfibre,qc,facilitycheck,0.0
kana,businessinternet,nl,generalinquiry-othergeneral,0.0
email,corporategeneralinquiries,on,smartpathinquiry,0.0
kana,msos365,qc,change,0.0
email,sap,nb,add,0.0
eom,ipvpn,qc,agreementcreationcomplex,0.0
eom,globalipvpn,on,agreementcreationvalidated,0.0
email,businessinternetdedicated,on,move,0.0
email,digitalprivateline,west,generalinquiry-othergeneral,0.0
email,ondemandcontactcentre,nb,billinginquiry-otherbilling,0.0
eom,niceincontactcxone,on,agreementcreation,0.0
kana,vnet,west,new,0.0
egain,webhosting,east,new,0.0
eom,globalipvpn,on,pricing,0.0
email,contactcentre,east,generalinquiry-othergeneral,0.0
email,tollfreeinternational,intl,new,0.0
eom,businesslines,east,generalinquiry-othergeneral,0.0
kana,businesslines,nl,generalinquiry-othergeneral,0.0
eom,tollfree,on,agreementcreation,0.0
email,corporategeneralinquiries,on,adjustments,0.0
email,directorylisting,on,bliffman,0.0
eom,ipvpn,on,facilitycheck,0.0
egain,resellerresidentialline,east,wholesaleleasedloops,0.0
smartpath,btce,on,winback,0.0
email,managedservices,on,disconnect,0.0
email,infrastructureservices,on,change,0.0
email,corporategeneralinquiries,on,noactionrequired,0.0
egain,tollfree,east,disconnect,0.0
email,wavelength,mb,new,0.0
email,corporatehardwareinquiries,on,mobilenumberchange,0.0
eom,megalink,on,project,0.0
egain,tollfree,east,generalinquiry-accountcontractupdate,0.0
kana,businessinternetbrokered,qc,generalinquiry-accountcontractupdate,0.0
kana,resellerinternet,on,generalinquiry-reseller,0.0
email,ethernet,west,billinginquiry-obmsupport,0.0
email,siptrunk,qc,generalinquiry-othergeneral,0.0
eom,businessinternetbrokered,qc,agreementregistered,0.0
egain,tollfree,east,project,0.0
email,corporateaccountservice,on,hardwareordercancel,0.0
email,wavelength,on,facilitycheck,0.0
kana,vnet,east,add,0.0
smartpath,businessinternet,on,trafficstudybilling,0.0
eom,businessinternetbrokered,west,generalinquiry-othergeneral,0.0
eom,professionalservices,west,agreementcreationvalidated,0.0
egain,sap,east,pricing,0.0
eom,businesslines,qc,agreementcreation,0.0
email,businessinternetbrokered,qc,disconnect,0.0
email,corporateaccountservice,on,smartpathinquiry,0.0
email,digitalprivateline,west,disconnect,0.0
eom,wirelessbackupbis,qc,new,0.0
eom,broadband,qc,facilitycheck,0.0
email,businesslines,east,billinginquiry-taxexemption,0.0
email,ondemandcontactcentre,west,generalinquiry-othergeneral,0.0
email,tollfree,on,generalinquiry-transferresponsibility,0.0
kana,ondemandcontactcentre,qc,add,0.0
egain,ethernet,east,billinginquiry-balancetransferpaymentupdate,0.0
egain,tollfree,east,billinginquiry-banrequest,0.0
egain,siptrunk,east,generalinquiry-accountcontractupdate,0.0
email,vnet,qc,add,0.0
kana,digitalprivateline,ab,disconnect,0.0
email,siptrunk,east,generalinquiry-othergeneral,0.0
kana,businesslines,qc,new,0.0
email,sap,on,billinginquiry-leasing,0.0
egain,professionalservices,east,generalinquiry-portout,0.0
eom,centrex,qc,agreementregistered,0.0
kana,sap,qc,billinginquiry-copyofinvoice,0.0
email,corporatehardwareorders,west,change,0.0
email,wavelength,bc,add,0.0
email,corporatehardwareorders,on,cancelsubscriber,0.0
email,sap,on,billinginquiry-custombill,0.0
email,corporatehardwareinquiries,on,accountservicerep,0.0
smartpath,btce,on,migration,0.0
eom,btce,east,agreementregistered,0.0
email,datalegacy,on,change,0.0
email,corporatehardwareorders,on,orders,0.0
egain,resellerbusinesslines,east,wholesaleleasedloops,0.0
email,businessinternet,west,new,0.0
kana,ethernet,west,disconnect,0.0
egain,tollfree,east,icreditrequest,0.0
eom,businessinternet,on,facilitycheck,0.0
kana,datalegacy,west,move,0.0
email,ethernet,qc,billinginquiry-obmsupport,0.0
egain,tollfree,nl,change,0.0
email,ethernet,on,billinginquiry-obmsupport,0.0
smartpath,businessinternetbrokered,on,move,0.0
email,wavelength,west,new,0.0
email,corporatehardwareorders,nl,hardwareordercancel,0.0
email,siptrunk,on,new,0.0
email,corporateaccountservice,on,return,0.0
email,ethernet,on,presurvey,0.0
smartpath,broadcast,on,billinginquiry-copyofinvoice,0.0
eom,managedservices,east,new,0.0
eom,professionalservices,qc,generalinquiry-othergeneral,0.0
email,digitalprivateline,intl,billinginquiry-otherbilling,0.0
email,warehousesupport,ns,noactionrequired,0.0
email,corporatehardwareinquiries,on,devicemdmenrollment,0.0
kana,eip,west,disconnect,0.0
kana,saput,qc,new,0.0
kana,businessinternetdedicated,nb,billinginquiry-copyofinvoice,0.0
email,siptrunk,west,disconnect,0.0
email,corporatehardwareorders,nb,status,0.0
ssc,btce,on,generalinquiry-feasibilityinformation,0.0
email,ethernet,ns,generalinquiry-othergeneral,0.0
smartpath,centrex,nb,billinginquiry-otherbilling,0.0
smartpath,businessinternet,on,generalinquiry-transferresponsibility,0.0
email,ethernet,west,disconnect,0.0
kana,globalmanagedsdwan,intl,generalinquiry-othergeneral,0.0
email,corporateservicerepair,on,generalservicerequest,0.0
smartpath,businessinternetdedicated,on,serviceassurance,0.0
egain,ondemandcontactcentre,east,billinginquiry-invoiceexplanation,0.0
email,professionalservices,qc,billinginquiry-copyofinvoice,0.0
email,localaccesspackage,qc,change,0.0
egain,professionalservices,ns,new,0.0
smartpath,ethernet,ab,coaching,0.0
email,businessinternet,qc,billinginquiry-dslpromo,0.0
eom,siptrunk,west,generalinquiry-othergeneral,0.0
egain,resellerresidentialline,east,generalinquiry-portout,0.0
email,businesslines,qc,move,0.0
email,managedservices,east,generalinquiry-othergeneral,0.0
email,broadband,nl,disconnect,0.0
email,corporatehardwareorders,nb,return,0.0
kana,resellerbusinesslines,on,change,0.0
smartpath,btce,west,new,0.0
eom,wirelessbackupbis,on,agreementcreation,0.0
email,corporategeneralinquiries,qc,generalservicerequest,0.0
eom,managedservices,qc,pcoesamedayexpedite,0.0
email,megalink,qc,generalinquiry-directinwardcalling,0.0
eom,wavelength,intl,facilitycheck,0.0
eom,businesslines,west,pcoesamedayexpedite,0.0
email,businessinternet,on,billinginquiry-copyofinvoice,0.0
kana,ethernet,intl,generalinquiry-othergeneral,0.0
eom,businessinternetdedicated,west,agreementregistered,0.0
email,managedservices,intl,generalinquiry-othergeneral,0.0
eom,tollfree,on,pcoesamedayexpedite,0.0
kana,datalegacy,bc,change,0.0
email,siptrunk,qc,billinginquiry-custombill,0.0
eom,btce,on,agreementcreationvalidated,0.0
egain,megalink,ns,billinginquiry-otherbilling,0.0
email,corporatehardwareinquiries,on,serviceandrepair,0.0
email,digitalprivateline,nb,disconnect,0.0
smartpath,businesslines,bc,billinginquiry-incorrectrate,0.0
email,corporategeneralinquiries,on,changesim,0.0
email,broadcast,on,disconnect,0.0
email,sap,qc,disconnect,0.0
eom,businessinternetdedicated,east,agreementregistered,0.0
email,wavelength,nb,generalinquiry-othergeneral,0.0
email,payphone,intl,generalinquiry-othergeneral,0.0
email,wavelength,ab,add,0.0
email,corporateaccountservice,ns,newactivations,0.0
smartpath,broadband,qc,disconnect,0.0
email,wavelength,on,billinginquiry-copyofinvoice,0.0
egain,otherdataservices,east,add,0.0
eom,digitalprivateline,qc,generalinquiry-othergeneral,0.0
kana,businessinternetdedicated,east,generalinquiry-othergeneral,0.0
email,professionalservices,east,billinginquiry-otherbilling,0.0
email,corporateservicerepair,on,serviceandrepair,0.0
email,localaccesspackage,on,generalinquiry-othergeneral,0.0
email,corporatehardwareorders,bc,upgrade,0.0
kana,businesslines,ab,add,0.0
egain,sap,east,add,0.0
email,wavelength,on,billinginquiry-otherbilling,0.0
email,businessinternetbrokered,on,generalinquiry-othergeneral,0.0
email,payphone,on,billinginquiry-otherbilling,0.0
kana,directorylisting,qc,3235,0.0
kana,businessinternetdedicated,on,billinginquiry-incorrectrate,0.0
email,tollfree,intl,generalinquiry-othergeneral,0.0
email,managedservices,qc,change,0.0
kana,ipvpn,on,billinginquiry-invoiceexplanation,0.0
kana,saput,on,billinginquiry-otherbilling,0.0
email,tollfree,east,generalinquiry-othergeneral,0.0
egain,managedservices,ns,billinginquiry-otherbilling,0.0
email,corporateaccountservice,qc,generalinquiry-othergeneral,0.0
email,businessinternetbrokered,west,change,0.0
email,corporatehardwareorders,qc,ordertrackingstatus,0.0
email,corporatehardwareinquiries,on,new,0.0
kana,ethernet,east,change,0.0
email,ipvpn,qc,pricing,0.0
pss,businesslines,on,billinginquiry-balancetransferpaymentupdate,0.0
eomtask,btce,on,removelicense,0.0
kana,businesslines,bc,disconnect,0.0
email,managedservices,ns,add,0.0
eom,businessinternetdedicated,west,project,0.0
smartpath,broadband,nb,new,0.0
kana,centrex,qc,add,0.0
email,businesslines,qc,bliffman,0.0
pwo,businessinternetdedicated,ab,agreementcreation,0.0
email,businessinternetbrokered,sk,disconnect,0.0
pwo,1fl | 1fl,on,agreementcreation,0.0
pss,otherdataservices,on,billinginquiry-otherbilling,0.0
email,corporatebillinginquiries,on,adjustments,0.0
email,megalink,qc,billinginquiry-otherbilling,0.0
egain,datalegacy,pe,disconnect,0.0
eom,globalprivateline,intl,new,0.0
email,businesslines,on,add,0.0
eom,businessinternetdedicated,qc,escpartner,0.0
eom,businessinternetdedicated,on,inventory,0.0
email,managedservices,bc,change,0.0
pwo,businessinternet,qc,generalinquiry-othergeneral,0.0
kana,datalegacy,on,disconnect,0.0
email,corporateaccountservice,qc,generalservicerequest,0.0
eom,businesslines,on,agreementcreationcomplex,0.0
kana,businesslines,east,generalinquiry-accountcontractupdate,0.0
egain,vnet,east,billinginquiry-otherbilling,0.0
kana,sap,bc,new,0.0
email,businesslines,qc,billinginquiry-otherbilling,0.0
eom,globalbusinessinternetdedicated,qc,agreementregistered,0.0
egain,professionalservices,east,temporaryservice,0.0
email,ondemandcontactcentre,qc,generalinquiry-othergeneral,0.0
egain,internetconnectservice,east,add,0.0
egain,locallink,nb,change,0.0
email,corporatehardwareinquiries,on,sales,0.0
eom,centrex,on,inventory,0.0
egain,otherdataservices,east,billinginquiry-balancetransferpaymentupdate,0.0
eom,megalink,west,pcoesamedayexpedite,0.0
kana,businessinternetdedicated,on,change,0.0
kana,directorylisting,on,ilec,0.0
eom,businesslines,west,escpartner,0.0
kana,btce,qc,new,0.0
kana,wavelength,on,change,0.0
egain,tollfree,east,change,0.0
smartpath,broadband,on,billinginquiry-otherbilling,0.0
email,businesslines,on,generalinquiry-directorylistings,0.0
egain,managedservices,nl,disconnect,0.0
email,corporategeneralinquiries,qc,hardwareorderchange,0.0
kana,centrex,qc,billinginquiry-invoiceexplanation,0.0
egain,businesslines,east,disconnect,0.0
email,corporatehardwareinquiries,bc,requestimei,0.0
email,directorylisting,on,generalinquiry-othergeneral,0.0
email,corporateselfservetools,ab,generalservicerequest,0.0
email,internetconnectservice,west,disconnect,0.0
email,centrex,west,add,0.0
email,directorylisting,qc,generalinquiry-othergeneral,0.0
eom,businessinternet,on,escpartner,0.0
email,corporatehardwareorders,qc,billinginquiry-otherbilling,0.0
eom,megalink,on,agreementcreation,0.0
email,msos365,on,disconnect,0.0
email,wavelength,intl,change,0.0
eom,ipvpn,qc,agreementcreationvalidated,0.0
email,corporatehardwareorders,ns,mobilenumberchange,0.0
email,megalink,west,disconnect,0.0
eom,datalegacy,on,agreementcreation,0.0
email,sap,qc,billinginquiry-otherbilling,0.0
email,corporateaccountservice,on,noactionrequired,0.0
email,businesslines,qc,generalinquiry-copyofequipmentrecord,0.0
kana,btce,qc,add,0.0
egain,siptrunk,east,billinginquiry-otherbilling,0.0
email,dedicatedinternetaccess,on,disconnect,0.0
email,ethernet,mb,new,0.0
email,managedsecurityservices,bc,change,0.0
email,corporategeneralinquiries,ns,return,0.0
kana,ondemandcontactcentre,west,new,0.0
email,ethernetconnectservice,on,disconnect,0.0
egain,managedservices,ns,disconnect,0.0
email,professionalservices,ab,billinginquiry-otherbilling,0.0
email,businessinternetbrokered,on,change,0.0
eom,sip trunking (sipt) | ipvpn,on,facilitycheck,0.0
email,ondemandcontactcentre,east,billinginquiry-otherbilling,0.0
email,corporategeneralinquiries,bc,noactionrequired,0.0
email,ethernetaccessservice,on,change,0.0
email,managedservices,on,pinreset,0.0
email,ethernet,east,billinginquiry-custombill,0.0
eom,globalbusinessinternetdedicated,on,new,0.0
email,ethernetaccessservice,qc,generalinquiry-othergeneral,0.0
smartpath,businessinternetbrokered,qc,change,0.0
eom,btce,west,agreementcreation,0.0
kana,btce,qc,generalinquiry-transferresponsibility,0.0
email,corporateaccountservice,on,movesubscriber,0.0
kana,megalink,qc,disconnect,0.0
email,datacentreandcloud,on,move,0.0
email,corporatehardwareinquiries,on,problemfile,0.0
eom,btce,ab,escpartner,0.0
eom,managedservices,east,agreementregistered,0.0
egain,vnet,east,disconnect,0.0
email,globalmanagedsdwan,on,generalinquiry-othergeneral,0.0
email,businessinternet,on,billinginquiry-dslpromo,0.0
egain,tollfree,east,portout,0.0
email,ethernet,ab,add,0.0
email,digitalprivateline,on,disconnect,0.0
kana,ethernet,mb,add,0.0
egain,professionalservices,east,pricing,0.0
email,digitalprivateline,on,change,0.0
email,locallink,ns,generalinquiry-othergeneral,0.0
email,megalink,on,agreementcreation,0.0
kana,businessinternetdedicated,on,billinginquiry-otherbilling,0.0
email,digitalprivateline,qc,change,0.0
egain,otherdataservices,ns,add,0.0
eom,businessinternetdedicated,qc,pcoesamedayexpedite,0.0
email,ipvpn,ab,generalinquiry-othergeneral,0.0
email,internetconnectservice,on,billinginquiry-otherbilling,0.0
egain,tollfreeinternational,east,generalinquiry-pricingconfirmation,0.0
kana,ondemandcontactcentre,qc,billinginquiry-otherbilling,0.0
email,ethernetconnectservice,on,generalinquiry-othergeneral,0.0
email,siptrunk,east,disconnect,0.0
email,nddos,on,generalinquiry-othergeneral,0.0
pss,tollfree,on,billinginquiry-balancetransferpaymentupdate,0.0
eom,professionalservices,qc,facilitycheck,0.0
kana,siptrunk,nb,billinginquiry-otherbilling,0.0
ssc,siptrunk,on,generalinquiry-transferresponsibility,0.0
email,wavelength,qc,facilitycheck,0.0
kana,btce,east,generalinquiry-accountcontractupdate,0.0
eom,globalbusinessinternetdedicated,qc,new,0.0
email,tollfree,qc,generalinquiry-othergeneral,0.0
pss,businesslines,on,billinginquiry-copyofinvoice,0.0
eomtask,btce,east,removelicense,0.0
kana,wavelength,intl,billinginquiry-otherbilling,0.0
smartpath,corporatehardwareorders,qc,newactivationportin,0.0
kana,managedservices,east,generalinquiry-othergeneral,0.0
email,internetconnectservice,west,change,0.0
eom,businesslines,on,facilitycheck,0.0
eom,msos365,on,agreementcreationvalidated,0.0
kana,tollfree,qc,billinginquiry-billingaccountupdate,0.0
email,corporategeneralinquiries,on,pricing,0.0
email,corporatereporting,on,noactionrequired,0.0
kana,businessinternet,qc,generalinquiry-othergeneral,0.0
eom,tollfree,qc,agreementcreation,0.0
kana,businessinternetbrokered,on,generalinquiry-othergeneral,0.0
eom,ipvpn,on,generalinquiry-othergeneral,0.0
eom,wavelength,on,facilitycheck,0.0
smartpath,tollfree,qc,generalinquiry-transferresponsibility,0.0
kana,businessinternetdedicated,bc,disconnect,0.0
email,infrastructureservices,on,billinginquiry-otherbilling,0.0
smartpath,datalegacy,qc,change,0.0
smartpath,businesslines,ab,winback,0.0
email,datalegacy,qc,generalinquiry-othergeneral,0.0
kana,centrex,qc,generalinquiry-othergeneral,0.0
email,centrex,on,billinginquiry-otherbilling,0.0
kana,businessinternet,ns,disconnect,0.0
kana,businessinternetdedicated,on,generalinquiry-transferresponsibility,0.0
kana,siptrunk,on,change,0.0
email,digitalprivateline,on,new,0.0
email,corporatehardwareorders,qc,problemfile,0.0
eom,globalipvpn,on,escpartner,0.0
email,corporatehardwareorders,on,status,0.0
eom,ethernet,on,project,0.0
email,datacentreandcloud,on,facilitycheck,0.0
email,corporategeneralinquiries,ns,ordertrackingstatus,0.0
email,wavelength,bc,change,0.0
email,corporatehardwareorders,on,move,0.0
egain,megalink,nl,disconnect,0.0
email,corporatehardwareorders,qc,generalservicerequest,0.0
email,managedservices,east,billinginquiry-otherbilling,0.0
email,ethernet,west,facilitycheck,0.0
email,megalink,on,generalinquiry-copyofequipmentrecord,0.0
egain,siptrunk,east,portout,0.0
kana,sap,on,billinginquiry-invoiceexplanation,0.0
email,ethernet,bc,facilitycheck,0.0
egain,ethernet,ns,billinginquiry-billingaccountupdate,0.0
email,bellmerakimanagement,on,disconnect,0.0
egain,ethernet,nl,change,0.0
email,managedservices,west,move,0.0
email,corporategeneralinquiries,qc,new,0.0
eom,businessinternetdedicated,on,generalinquiry-othergeneral,0.0
eom,businessinternet,on,generalinquiry-othergeneral,0.0
email,wavelength,pe,facilitycheck,0.0
egain,webhosting,east,icreditrequest,0.0
email,vnet,on,disconnect,0.0
kana,btce,ns,generalinquiry-othergeneral,0.0
email,managedsecurityservices,on,billinginquiry-otherbilling,0.0
email,megalink,on,generalinquiry-portout,0.0
email,corporatehardwareorders,on,nationaldistributionteam,0.0
email,eip,on,change,0.0
kana,tollfree,intl,generalinquiry-othergeneral,0.0
smartpath,centrex,ab,billinginquiry-copyofinvoice,0.0
eom,globalipvpn,intl,agreementcreation,0.0
eom,msos365,qc,pcoesamedayexpedite,0.0
eom,businessinternetdedicated,east,project,0.0
eom,btce,nb,new,0.0
eom,globalmanagedsdwan,on,facilitycheck,0.0
smartpath,centrex,ab,move,0.0
pwo,ipvpn,on,new,0.0
eom,centrex,on,agreementregistered,0.0
kana,directorylisting,on,t30,0.0
smartpath,datalegacy,on,generalinquiry-serviceaddressinformation,0.0
email,broadband,on,add,0.0
email,corporatehardwareorders,on,inventoryavailability,0.0
email,sap,west,billinginquiry-otherbilling,0.0
email,datalegacy,west,billinginquiry-otherbilling,0.0
smartpath,businessinternetbrokered,ab,disconnect,0.0
email,corporatehardwareorders,east,change,0.0
kana,vnet,on,disconnect,0.0
email,wavelength,intl,generalinquiry-othergeneral,0.0
smartpath,businesslines,nl,disconnect,0.0
kana,siptrunk,qc,generalinquiry-accountcontractupdate,0.0
eom,globalmanagedsdwan,on,generalinquiry-othergeneral,0.0
email,dedicatedinternetaccess,mb,change,0.0
email,corporategeneralinquiries,on,wirelessclientcare,0.0
email,corporategeneralinquiries,qc,changesim,0.0
eom,globalipvpn,intl,pricing,0.0
eom,globalbusinessinternetdedicated,on,agreementcreationvalidated,0.0
eom,localaccesspackage,qc,agreementregistered,0.0
eom,ipvpn,qc,pcoesamedayexpedite,0.0
email,managedsecurityservices,qc,generalinquiry-othergeneral,0.0
kana,msos365,west,change,0.0
email,corporatebillinginquiries,on,sales,0.0
email,corporatehardwareorders,on,noactionrequired,0.0
smartpath,btce,on,billinginquiry-otherbilling,0.0
egain,webhosting,east,billinginquiry-incorrectrate,0.0
email,ondemandcontactcentre,ab,generalinquiry-othergeneral,0.0
kana,ipvpn,qc,generalinquiry-othergeneral,0.0
smartpath,siptrunk,on,billinginquiry-otherbilling,0.0
email,corporatehardwareinquiries,mb,orders,0.0
email,professionalservices,bc,billinginquiry-otherbilling,0.0
email,internalteamsupport,on,accountservicerep,0.0
kana,sap,qc,new,0.0
smartpath,ethernet,on,billinginquiry-copyofinvoice,0.0
email,ethernet,on,facilitycheck,0.0
kana,tollfree,on,generalinquiry-reseller,0.0
email,wavelength,mb,change,0.0
kana,btce,qc,billinginquiry-copyofinvoice,0.0
email,centrex,qc,billinginquiry-otherbilling,0.0
email,directorylisting,east,generalinquiry-directorylistings,0.0
smartpath,globalprivateline,on,generalinquiry-othergeneral,0.0
eom,businessinternetbrokered,on,facilitycheck,0.0
email,switchredirect,on,move,0.0
eom,msos365,on,agreementregistered,0.0
email,businesslines,east,billinginquiry-custombill,0.0
eom,businessinternet,qc,facilitycheck,0.0
egain,siptrunk,east,presurvey,0.0
email,broadband,on,generalinquiry-othergeneral,0.0
pss,tollfree,qc,generalinquiry-othergeneral,0.0
pss,businesslines,nl,disconnect,0.0
smartpath,tollfree,on,generalinquiry-pricingconfirmation,0.0
email,bellmanagedservicesforciscomeraki,on,generalinquiry-othergeneral,0.0
smartpath,vnet,west,coaching,0.0
smartpath,broadband,on,coaching,0.0
email,centrex,qc,trafficstudy,0.0
pss,wavelength,qc,change,0.0
pss,datalegacy,on,billinginquiry-otherbilling,0.0
eom,ondemandcontactcentre,on,generalinquiry-othergeneral,0.0
email,globalmanagedsdwan,qc,generalinquiry-othergeneral,0.0
email,corporateaccountservice,qc,new,0.0
kana,btce,nb,generalinquiry-othergeneral,0.0
email,businesslines,nb,billinginquiry-otherbilling,0.0
eom,wavelength,qc,project,0.0
ssc,btce,qc,generalinquiry-othergeneral,0.0
eom,btce,east,agreementcreationcomplex,0.0
email,wavelength,qc,move,0.0
eom,datalegacy,on,pcoesamedayexpedite,0.0
email,corporateaccountservice,on,unsuspendlines,0.0
email,businesslines,qc,trafficstudy,0.0
egain,ethernet,east,generalinquiry-copyofequipmentrecord,0.0
email,ipvpn,mb,disconnect,0.0
smartpath,ethernetconnectservice,qc,generalinquiry-othergeneral,0.0
kana,businessinternetdedicated,on,generalinquiry-pricingconfirmation,0.0
egain,professionalservices,east,facilitycheck,0.0
eom,localaccesspackage,on,agreementregistered,0.0
email,payphone,qc,billinginquiry-otherbilling,0.0
email,tollfree,on,billinginquiry-otherbilling,0.0
egain,digitalprivateline,east,generalinquiry-reseller,0.0
kana,tollfree,mb,change,0.0
smartpath,centrex,ab,add,0.0
email,businesslines,pe,generalinquiry-othergeneral,0.0
email,corporatehardwareorders,on,billinginquiry-otherbilling,0.0
email,corporategeneralinquiries,qc,smartpathinquiry,0.0
eom,tollfreeinternational,on,agreementcreationvalidated,0.0
email,btce,west,billinginquiry-banrequest,0.0
egain,webhosting,east,billinginquiry-otherbilling,0.0
kana,switchredirect,qc,generalinquiry-othergeneral,0.0
email,professionalservices,on,generalinquiry-othergeneral,0.0
egain,dryloopdsl,east,move,0.0
eom,ipvpn (bw) | ipvpn (bw),west,agreementcreation,0.0
email,managedsecurityservices,on,new,0.0
email,datacentreandcloud,nb,add,0.0
egain,tollfree,east,billinginquiry-dispute,0.0
smartpath,businessinternetdedicated,ab,billinginquiry-copyofinvoice,0.0
email,vnet,on,new,0.0
smartpath,centrex,ns,pricing,0.0
pss,tollfree,on,generalinquiry-copyofequipmentrecord,0.0
egain,professionalservices,east,generalinquiry-serviceaddressinformation,0.0
email,ethernet,west,change,0.0
smartpath,businesslines,qc,generalinquiry-feasibilityinformation,0.0
email,ethernetaccessservice,qc,change,0.0
smartpath,btce,on,billinginquiry-invoiceexplanation,0.0
email,corporatebillinginquiries,on,return,0.0
smartpath,tollfree,bc,billinginquiry-otherbilling,0.0
eom,btce,east,agreementcreationvalidated,0.0
email,megalink,qc,trafficstudy,0.0
kana,businessinternet,qc,billinginquiry-otherbilling,0.0
kana,megalink,qc,generalinquiry-transferresponsibility,0.0
eom,nice incontact cxone - powered by bell,qc,agreementcreation,0.0
eom,wavelength,on,generalinquiry-othergeneral,0.0
kana,ethernet,west,pricing,0.0
kana,centrex,ab,generalinquiry-othergeneral,0.0
kana,globalipvpn,west,disconnect,0.0
kana,datalegacy,on,change,0.0
email,businesslines,on,generalinquiry-copyofequipmentrecord,0.0
smartpath,businessinternet,nl,move,0.0
email,saput,qc,generalinquiry-othergeneral,0.0
smartpath,corporateaccountservice,on,newactivations,0.0
egain,resellerbusinesslines,east,generalinquiry-othergeneral,0.0
eom,ipvpn,west,agreementregistered,0.0
egain,wavelength,ns,facilitycheck,0.0
email,bellmerakimanagement,qc,add,0.0
smartpath,centrex,pe,generalinquiry-othergeneral,0.0
email,datacentreandcloud,nb,move,0.0
kana,btce,ab,new,0.0
email,ipvpn,intl,billinginquiry-otherbilling,0.0
kana,globalipvpn,qc,disconnect,0.0
pss,businessinternet,bc,move,0.0
email,bellmanagedservicesforciscomeraki,qc,add,0.0
email,businesslines,qc,billinginquiry-invoiceexplanation,0.0
eom,businessinternet,west,agreementcreationcomplex,0.0
email,megalink,east,generalinquiry-othergeneral,0.0
eom,tollfreeinternational,on,new,0.0
email,datacentreandcloud,qc,add,0.0
eom,businessinternet,on,agreementcreationcomplex,0.0
eom,eip,west,agreementcreation,0.0
smartpath,businessinternetbrokered,qc,move,0.0
kana,megalink,west,generalinquiry-othergeneral,0.0
kana,sap,qc,move,0.0
email,corporatehardwareorders,ab,ordertrackingstatus,0.0
eom,localaccesspackage,qc,pcoesamedayexpedite,0.0
smartpath,businesslines,ns,generalinquiry-accountcontractupdate,0.0
email,infrastructureservices,on,billinginquiry-invoiceexplanation,0.0
egain,tollfree,east,generalinquiry-serviceaddressinformation,0.0
egain,managedservices,east,generalinquiry-accountcontractupdate,0.0
kana,ipvpn,sk,generalinquiry-othergeneral,0.0
eom,businessinternetdedicated,ab,agreementregistered,0.0
email,corporatebillinginquiries,on,billinginquiry,0.0
eom,broadband,qc,agreementcreationvalidated,0.0
email,payphone,west,billinginquiry-otherbilling,0.0
smartpath,directorylisting,qc,generalinquiry-directorylistings,0.0
email,corporateservicerepair,on,unlockdevice,0.0
email,ipvpn,on,billinginquiry-otherbilling,0.0
eom,businesslines,west,agreementregistered,0.0
email,corporateaccountservice,on,hardwareorderchange,0.0
eom,localaccesspackage,west,pcoesamedayexpedite,0.0
kana,businessinternetdedicated,west,disconnect,0.0
smartpath,businessinternet,qc,new,0.0
eom,managedservices,on,pcoesamedayexpedite,0.0
ssc,digitalprivateline,intl,disconnect,2.0
smartpath,businessinternet,nl,new,2.0
pss,businesslines,ns,disconnect,2.0
kana,businesslines,qc,move,2.0
email,businessinternet,qc,move,2.0
smartpath,businesslines,ab,add,2.0
ssc,tollfree,intl,disconnect,2.0
ssc,businessinternet,bc,add,2.0
email,businessinternet,west,disconnect,2.0
kana,businessinternet,on,add,2.0
kana,businesslines,west,disconnect,2.0
pss,businesslines,nb,disconnect,2.0
ssc,businessinternet,ab,disconnect,2.0
ssc,businesslines,on,change,2.0
smartpath,businesslines,on,disconnect,2.0
smartpath,businessinternet,on,move,2.0
pss,businessinternet,qc,disconnect,2.0
kana,businessinternet,west,disconnect,2.0
kana,digitalprivateline,west,move,2.0
kana,businessinternet,west,new,2.0
smartpath,businessinternet,sk,disconnect,2.0
ssc,businesslines,qc,disconnect,2.0
ssc,businesslines,nl,add,2.0
ssc,businesslines,east,add,2.0
pss,businessinternet,qc,move,2.0
ssc,businessinternet,qc,disconnect,2.0
ssc,otherdataservices,on,disconnect,2.0
kana,businessinternet,qc,new,2.0
kana,digitalprivateline,qc,move,2.0
email,businessinternet,on,add,2.0
pss,otherdataservices,on,disconnect,2.0
ssc,otherdataservices,on,add,2.0
ssc,businesslines,sk,change,2.0
pss,digitalprivateline,on,disconnect,2.0
smartpath,businessinternet,qc,add,2.0
smartpath,tollfree,intl,change,2.0
pss,businessinternet,qc,add,2.0
smartpath,businesslines,qc,disconnect,2.0
pss,businesslines,on,move,2.0
ssc,businessinternet,yt,add,2.0
pss,businesslines,west,add,2.0
ssc,businesslines,mb,disconnect,2.0
smartpath,businessinternet,qc,change,2.0
kana,businesslines,qc,add,2.0
email,businesslines,sk,change,2.0
pwo,businessinternet,on,new,2.0
ssc,businesslines,ab,move,2.0
ssc,businessinternet,sk,disconnect,2.0
ssc,businesslines,mb,add,2.0
kana,businessinternet,east,new,2.0
kana,businesslines,on,move,2.0
eom,businesslines,west,new,2.0
ssc,businessinternet,intl,move,2.0
kana,digitalprivateline,on,move,2.0
kana,digitalprivateline,qc,new,2.0
kana,businesslines,on,new,2.0
ssc,businesslines,ab,disconnect,2.0
email,businessinternet,qc,new,2.0
email,businessinternet,east,disconnect,2.0
ssc,businesslines,intl,change,2.0
ssc,businessinternet,on,change,2.0
kana,businessinternet,east,change,2.0
pss,businessinternet,qc,change,2.0
smartpath,digitalprivateline,qc,change,2.0
ssc,businesslines,intl,disconnect,2.0
ssc,businessinternet,ns,disconnect,2.0
smartpath,businesslines,east,add,2.0
smartpath,digitalprivateline,qc,disconnect,2.0
ssc,businessinternet,nb,add,2.0
ssc,businesslines,nb,add,2.0
kana,businesslines,mb,change,2.0
ssc,businesslines,mb,change,2.0
kana,businesslines,qc,change,2.0
smartpath,businessinternet,on,add,2.0
pss,businesslines,bc,add,2.0
ssc,businesslines,bc,disconnect,2.0
pss,businesslines,qc,move,2.0
ssc,businesslines,qc,add,2.0
pss,businesslines,east,change,2.0
kana,digitalprivateline,mb,disconnect,2.0
ssc,otherdataservices,on,move,2.0
ssc,businesslines,on,add,2.0
ssc,businesslines,on,disconnect,2.0
ssc,businessinternet,nl,move,2.0
email,businessinternet,on,new,2.0
pss,businesslines,west,disconnect,2.0
kana,businessinternet,west,add,2.0
email,businessinternet,west,change,2.0
kana,businesslines,bc,add,2.0
ssc,digitalprivateline,bc,disconnect,2.0
ssc,businesslines,bc,add,2.0
smartpath,businesslines,ab,disconnect,2.0
pss,businessinternet,on,add,2.0
ssc,businesslines,west,change,2.0
kana,businesslines,on,disconnect,2.0
ssc,otherdataservices,qc,disconnect,2.0
email,businessinternet,qc,change,2.0
ssc,businesslines,qc,move,2.0
ssc,businessinternet,west,disconnect,2.0
ssc,businesslines,qc,change,2.0
pwo,businessinternet,qc,new,2.0
eom,digitalprivateline,on,new,2.0
pss,businesslines,on,disconnect,2.0
smartpath,businessinternet,qc,move,2.0
eom,businessinternet,west,new,2.0
ssc,businesslines,bc,move,2.0
pwo,businesslines,qc,new,2.0
ssc,businessinternet,qc,add,2.0
pwo,businesslines,ab,new,2.0
ssc,businessinternet,bc,change,2.0
kana,businesslines,west,add,2.0
smartpath,businesslines,ab,change,2.0
pss,businessinternet,on,disconnect,2.0
smartpath,tollfree,intl,disconnect,2.0
smartpath,businessinternet,on,new,2.0
kana,businesslines,ab,change,2.0
smartpath,businessinternet,bc,move,2.0
smartpath,businesslines,qc,change,2.0
ssc,digitalprivateline,on,change,2.0
eom,businesslines,qc,new,2.0
ssc,businessinternet,bc,disconnect,2.0
pss,tollfree,intl,add,2.0
ssc,businessinternet,bc,move,2.0
ssc,businessinternet,intl,disconnect,2.0
ssc,businesslines,nb,disconnect,2.0
ssc,businesslines,nb,change,2.0
kana,digitalprivateline,ns,disconnect,2.0
pss,businessinternet,on,change,2.0
kana,businessinternet,qc,add,2.0
eom,digitalprivateline,qc,new,2.0
kana,businesslines,bc,change,2.0
ssc,siptrunk,intl,change,2.0
email,businesslines,west,new,2.0
ssc,otherdataservices,west,disconnect,2.0
smartpath,businesslines,on,add,2.0
email,businesslines,on,move,2.0
ssc,businesslines,west,add,2.0
email,businessinternet,bc,disconnect,2.0
pss,businesslines,bc,change,2.0
smartpath,businessinternet,mb,change,2.0
ssc,businessinternet,ab,change,2.0
email,businesslines,west,add,2.0
eom,businessinternet,on,new,2.0
kana,digitalprivateline,qc,disconnect,2.0
ssc,businessinternet,mb,disconnect,2.0
ssc,businessinternet,mb,add,2.0
ssc,businessinternet,on,disconnect,2.0
kana,businessinternet,qc,move,2.0
smartpath,businessinternet,bc,disconnect,2.0
eom,businesslines,ab,new,2.0
smartpath,businessinternet,nb,move,2.0
kana,businesslines,east,new,2.0
pss,businesslines,ab,disconnect,2.0
email,businessinternet,east,change,2.0
ssc,businessinternet,sk,move,2.0
smartpath,businesslines,bc,new,2.0
pss,businesslines,on,add,2.0
ssc,businessinternet,on,move,2.0
smartpath,businesslines,sk,change,2.0
ssc,otherdataservices,on,change,2.0
ssc,tollfree,intl,change,2.0
kana,businessinternet,qc,change,2.0
email,businessinternet,on,change,2.0
ssc,businesslines,on,move,2.0
kana,tollfree,intl,add,2.0
eom,businessinternet,qc,new,2.0
smartpath,businesslines,west,new,2.0
smartpath,tollfree,intl,add,2.0
pwo,businesslines,on,new,2.0
ssc,otherdataservices,west,add,2.0
ssc,businessinternet,sk,add,2.0
email,businessinternet,qc,disconnect,2.0
smartpath,digitalprivateline,on,disconnect,2.0
kana,businesslines,bc,new,2.0
pss,businesslines,mb,disconnect,2.0
email,businesslines,qc,add,2.0
ssc,businesslines,sk,disconnect,2.0
kana,businessinternet,east,disconnect,2.0
ssc,businessinternet,qc,move,2.0
kana,businesslines,sk,change,2.0
ssc,businessinternet,nl,disconnect,2.0
email,businessinternet,sk,disconnect,2.0
pss,businesslines,qc,change,2.0
kana,tollfree,intl,new,2.0
ssc,digitalprivateline,on,disconnect,2.0
smartpath,businesslines,qc,move,2.0
pss,businessinternet,on,move,2.0
kana,businesslines,on,add,2.0
email,businesslines,on,new,2.0
ssc,businessinternet,ab,move,2.0
ssc,megalink,mb,disconnect,4.0
smartpath,megalink,ab,add,4.0
smartpath,megalink,bc,add,4.0
smartpath,megalink,on,add,4.0
pss,megalink,mb,disconnect,4.0
smartpath,megalink,west,move,4.0
pss,megalink,on,change,4.0
ssc,megalink,qc,disconnect,4.0
email,megalink,on,disconnect,4.0
pss,megalink,qc,move,4.0
pss,megalink,qc,add,4.0
pss,megalink,west,disconnect,4.0
ssc,megalink,qc,move,4.0
ssc,megalink,qc,add,4.0
smartpath,megalink,qc,add,4.0
pss,megalink,on,disconnect,4.0
eom,megalink,ns,new,4.0
pss,megalink,west,change,4.0
pss,megalink,bc,disconnect,4.0
email,megalink,on,change,4.0
smartpath,megalink,ab,move,4.0
ssc,megalink,on,disconnect,4.0
ssc,megalink,ab,disconnect,4.0
pss,megalink,qc,disconnect,4.0
ssc,megalink,on,move,4.0
kana,megalink,west,add,4.0
smartpath,megalink,qc,disconnect,4.0
email,megalink,qc,add,4.0
ssc,megalink,qc,change,4.0
ssc,megalink,nl,change,4.0
ssc,megalink,on,change,4.0
kana,megalink,west,new,4.0
ssc,megalink,bc,change,4.0
ssc,megalink,nb,disconnect,4.0
smartpath,megalink,west,new,4.0
ssc,megalink,ns,disconnect,4.0
smartpath,megalink,on,move,4.0
kana,megalink,west,change,4.0
ssc,megalink,west,change,4.0
pwo,megalink,qc,new,4.0
pwo,megalink,on,new,4.0
ssc,megalink,mb,move,4.0
email,megalink,west,change,4.0
eom,megalink,qc,new,4.0
pss,megalink,on,move,4.0
smartpath,megalink,ns,new,4.0
email,megalink,qc,change,4.0
eom,megalink,west,new,4.0
ssc,megalink,ab,move,4.0
email,megalink,sk,add,4.0
email,megalink,qc,new,4.0
ssc,megalink,west,disconnect,4.0
pss,megalink,ab,disconnect,4.0
smartpath,megalink,ab,new,4.0
ssc,megalink,ab,add,4.0
pss,megalink,on,add,4.0
eom,megalink,on,new,4.0
ssc,megalink,ab,change,4.0
smartpath,megalink,qc,move,4.0
pss,megalink,qc,change,4.0
smartpath,megalink,on,change,4.0
smartpath,centrex,qc,add,5.0
email,siptrunk,ns,add,5.0
ssc,centrex,bc,move,5.0
ssc,centrex,ab,move,5.0
kana,centrex,bc,disconnect,5.0
smartpath,tollfree,ab,disconnect,5.0
email,centrex,west,change,5.0
ssc,centrex,nb,add,5.0
ssc,btce,intl,add,5.0
ssc,centrex,west,disconnect,5.0
email,centrex,west,disconnect,5.0
ssc,btce,ns,add,5.0
ssc,tollfree,on,disconnect,5.0
pss,centrex,on,disconnect,5.0
pwo,centrex,qc,new,5.0
kana,centrex,bc,change,5.0
kana,centrex,west,move,5.0
pss,centrex,west,change,5.0
smartpath,tollfree,nl,change,5.0
smartpath,centrex,ab,new,5.0
ssc,locallink,bc,change,5.0
email,tollfree,qc,disconnect,5.0
smartpath,centrex,qc,change,5.0
ssc,locallink,west,disconnect,5.0
email,centrex,on,add,5.0
smartpath,centrex,bc,add,5.0
smartpath,tollfree,bc,change,5.0
smartpath,centrex,on,disconnect,5.0
smartpath,tollfree,west,change,5.0
email,centrex,on,move,5.0
kana,siptrunk,nl,change,5.0
email,centrex,east,disconnect,5.0
kana,btce,east,change,5.0
ssc,locallink,ab,change,5.0
email,tollfree,east,disconnect,5.0
email,tollfree,west,add,5.0
ssc,tollfree,qc,disconnect,5.0
pss,centrex,bc,change,5.0
kana,siptrunk,east,disconnect,5.0
kana,siptrunk,nb,new,5.0
email,locallink,on,change,5.0
ssc,tollfree,ab,disconnect,5.0
ssc,tollfree,mb,change,5.0
smartpath,tollfree,mb,change,5.0
pwo,centrex,on,new,5.0
ssc,locallink,qc,add,5.0
pss,locallink,on,change,5.0
kana,siptrunk,nb,disconnect,5.0
kana,tollfree,east,disconnect,5.0
ssc,btce,nl,disconnect,5.0
email,tollfree,east,new,5.0
eom,centrex,qc,new,5.0
ssc,siptrunk,ns,add,5.0
ssc,centrex,qc,move,5.0
kana,centrex,qc,disconnect,5.0
kana,tollfree,west,add,5.0
ssc,locallink,east,disconnect,5.0
smartpath,btce,east,add,5.0
ssc,tollfree,qc,change,5.0
ssc,tollfree,ns,add,5.0
kana,centrex,nb,disconnect,5.0
kana,tollfree,east,change,5.0
ssc,tollfree,on,change,5.0
kana,centrex,on,change,5.0
ssc,locallink,bc,add,5.0
email,centrex,qc,disconnect,5.0
pss,tollfree,ab,change,5.0
email,centrex,west,move,5.0
email,centrex,on,disconnect,5.0
ssc,siptrunk,nb,add,5.0
kana,tollfree,west,change,5.0
ssc,centrex,on,move,5.0
ssc,centrex,on,change,5.0
ssc,locallink,mb,change,5.0
ssc,centrex,on,add,5.0
kana,tollfree,west,move,5.0
ssc,centrex,nl,disconnect,5.0
kana,siptrunk,east,add,5.0
pss,tollfree,ab,disconnect,5.0
smartpath,tollfree,ab,change,5.0
smartpath,centrex,west,move,5.0
kana,tollfree,east,add,5.0
pss,centrex,qc,disconnect,5.0
kana,tollfree,sk,disconnect,5.0
kana,centrex,west,disconnect,5.0
smartpath,centrex,ns,change,5.0
ssc,tollfree,bc,disconnect,5.0
smartpath,tollfree,bc,disconnect,5.0
ssc,tollfree,bc,add,5.0
eom,centrex,west,new,5.0
email,tollfree,on,add,5.0
email,tollfree,on,new,5.0
ssc,tollfree,ab,add,5.0
kana,centrex,qc,change,5.0
kana,tollfree,qc,add,5.0
pss,centrex,on,add,5.0
ssc,tollfree,west,disconnect,5.0
email,tollfree,on,change,5.0
kana,tollfree,ab,disconnect,5.0
ssc,locallink,on,move,5.0
ssc,centrex,west,add,5.0
pss,tollfree,bc,change,5.0
kana,btce,nb,change,5.0
ssc,locallink,qc,change,5.0
kana,tollfree,bc,change,5.0
pss,btce,ns,change,5.0
kana,centrex,qc,move,5.0
ssc,tollfree,mb,disconnect,5.0
smartpath,centrex,bc,change,5.0
smartpath,tollfree,on,new,5.0
eom,tollfree,qc,new,5.0
ssc,locallink,west,add,5.0
smartpath,tollfree,west,move,5.0
ssc,tollfree,bc,change,5.0
ssc,tollfree,qc,move,5.0
ssc,centrex,ab,add,5.0
smartpath,centrex,bc,disconnect,5.0
pss,centrex,ab,change,5.0
ssc,centrex,bc,change,5.0
email,tollfree,qc,new,5.0
ssc,locallink,west,change,5.0
ssc,siptrunk,ns,change,5.0
email,tollfree,east,change,5.0
smartpath,tollfree,mb,add,5.0
pss,locallink,qc,disconnect,5.0
smartpath,centrex,on,new,5.0
ssc,centrex,sk,change,5.0
smartpath,tollfree,qc,new,5.0
ssc,btce,nb,change,5.0
kana,tollfree,ab,change,5.0
kana,tollfree,west,new,5.0
kana,tollfree,bc,disconnect,5.0
kana,centrex,west,change,5.0
eom,tollfree,on,new,5.0
email,tollfree,qc,add,5.0
kana,centrex,on,add,5.0
kana,centrex,ab,move,5.0
pss,tollfree,qc,disconnect,5.0
kana,tollfree,bc,add,5.0
ssc,tollfree,nb,disconnect,5.0
smartpath,tollfree,on,change,5.0
pss,tollfree,west,disconnect,5.0
ssc,centrex,on,disconnect,5.0
ssc,locallink,on,disconnect,5.0
ssc,centrex,bc,disconnect,5.0
kana,siptrunk,east,change,5.0
ssc,centrex,ab,change,5.0
kana,centrex,qc,new,5.0
pss,locallink,on,disconnect,5.0
ssc,centrex,qc,change,5.0
ssc,centrex,nl,change,5.0
kana,centrex,ab,disconnect,5.0
kana,centrex,ab,change,5.0
pss,tollfree,on,add,5.0
kana,siptrunk,ns,disconnect,5.0
kana,centrex,west,new,5.0
ssc,centrex,west,change,5.0
smartpath,centrex,nl,change,5.0
ssc,centrex,qc,disconnect,5.0
email,centrex,on,change,5.0
ssc,tollfree,ab,change,5.0
ssc,centrex,ab,disconnect,5.0
email,centrex,bc,add,5.0
ssc,centrex,bc,add,5.0
smartpath,btce,ns,change,5.0
ssc,tollfree,mb,add,5.0
ssc,centrex,qc,add,5.0
kana,tollfree,west,disconnect,5.0
smartpath,centrex,ab,change,5.0
email,centrex,qc,change,5.0
email,siptrunk,east,add,5.0
kana,tollfree,nb,disconnect,5.0
email,tollfree,on,disconnect,5.0
smartpath,tollfree,ab,move,5.0
pss,centrex,on,change,5.0
pss,centrex,bc,disconnect,5.0
smartpath,centrex,sk,add,5.0
ssc,tollfree,west,add,5.0
ssc,centrex,nb,change,5.0
ssc,siptrunk,nl,add,5.0
email,btce,east,disconnect,5.0
eom,centrex,on,new,5.0
smartpath,tollfree,west,add,5.0
pss,tollfree,on,disconnect,5.0
kana,tollfree,on,add,5.0
smartpath,businessinternetdedicated,qc,move,10.0
email,ipvpn,on,move,10.0
email,ethernet,qc,new,10.0
pss,ethernet,on,move,10.0
ssc,siptrunk,mb,add,10.0
smartpath,ethernet,qc,change,10.0
ssc,ipvpn,on,add,10.0
smartpath,ipvpn,on,change,10.0
email,siptrunk,qc,change,10.0
pss,btce,qc,change,10.0
pwo,siptrunk,on,new,10.0
pss,btce,on,add,10.0
kana,ipvpn,on,new,10.0
kana,btce,on,change,10.0
ssc,siptrunk,qc,change,10.0
ssc,ethernet,on,change,10.0
pss,businessinternetdedicated,on,change,10.0
smartpath,ipvpn,qc,change,10.0
kana,siptrunk,west,add,10.0
pss,btce,bc,move,10.0
smartpath,broadband,on,new,10.0
ssc,eip,qc,add,10.0
ssc,ipvpn,west,change,10.0
kana,eip,ab,change,10.0
smartpath,ethernet,bc,change,10.0
kana,btce,qc,change,10.0
pss,siptrunk,west,add,10.0
ssc,btce,ab,add,10.0
smartpath,btce,on,add,10.0
smartpath,ethernet,qc,move,10.0
eom,businessinternetdedicated,qc,new,10.0
ssc,btce,on,add,10.0
kana,eip,on,change,10.0
pwo,businessinternetdedicated,qc,new,10.0
ssc,businessinternetdedicated,qc,change,10.0
eom,eip,on,new,10.0
kana,ethernet,qc,move,10.0
ssc,btce,bc,change,10.0
ssc,btce,qc,change,10.0
ssc,siptrunk,qc,add,10.0
pwo,businessinternetdedicated,on,new,10.0
pss,businessinternetdedicated,qc,change,10.0
ssc,ipvpn,sk,change,10.0
smartpath,ipvpn,bc,change,10.0
ssc,btce,qc,move,10.0
smartpath,businessinternetdedicated,west,change,10.0
email,siptrunk,on,add,10.0
email,siptrunk,qc,add,10.0
kana,ethernet,qc,change,10.0
smartpath,btce,sk,new,10.0
kana,ethernet,on,add,10.0
eom,ipvpn,on,new,10.0
eom,eip,qc,new,10.0
eom,siptrunk,on,new,10.0
kana,siptrunk,on,add,10.0
kana,ipvpn,qc,change,10.0
kana,ipvpn,sk,change,10.0
email,siptrunk,west,add,10.0
kana,siptrunk,bc,add,10.0
smartpath,btce,qc,new,10.0
smartpath,ipvpn,qc,move,10.0
smartpath,btce,mb,new,10.0
kana,businessinternetdedicated,on,move,10.0
kana,broadband,on,new,10.0
pss,btce,qc,add,10.0
email,btce,on,change,10.0
smartpath,businessinternetdedicated,bc,change,10.0
kana,btce,mb,change,10.0
kana,broadband,qc,add,10.0
kana,ipvpn,on,move,10.0
smartpath,ipvpn,on,move,10.0
ssc,btce,west,change,10.0
ssc,ipvpn,qc,change,10.0
pss,btce,on,move,10.0
ssc,businessinternetdedicated,west,change,10.0
pss,btce,on,change,10.0
kana,ipvpn,qc,move,10.0
kana,btce,ab,change,10.0
kana,businessinternetdedicated,on,add,10.0
email,ipvpn,qc,new,10.0
ssc,btce,on,change,10.0
email,ipvpn,on,change,10.0
ssc,btce,qc,add,10.0
smartpath,ethernet,west,change,10.0
email,siptrunk,qc,new,10.0
kana,siptrunk,ab,add,10.0
ssc,ipvpn,qc,add,10.0
ssc,btce,mb,add,10.0
email,businessinternetdedicated,on,add,10.0
ssc,btce,bc,move,10.0
pss,businessinternetdedicated,west,change,10.0
eom,businessinternetdedicated,on,new,10.0
ssc,businessinternetdedicated,mb,change,10.0
kana,btce,on,move,10.0
ssc,siptrunk,bc,move,10.0
ssc,btce,bc,add,10.0
ssc,eip,on,change,10.0
ssc,eip,on,move,10.0
pss,btce,ab,change,10.0
email,ipvpn,qc,add,10.0
ssc,siptrunk,on,add,10.0
email,btce,west,new,10.0
smartpath,businessinternetdedicated,ab,change,10.0
kana,siptrunk,qc,change,10.0
smartpath,siptrunk,qc,new,10.0
eom,ethernet,qc,new,10.0
ssc,siptrunk,west,change,10.0
kana,siptrunk,west,change,10.0
smartpath,businessinternetdedicated,qc,change,10.0
ssc,ipvpn,bc,change,10.0
pss,businessinternetdedicated,ab,change,10.0
eom,btce,bc,new,10.0
email,broadband,on,new,10.0
ssc,businessinternetdedicated,on,add,10.0
email,btce,bc,new,10.0
smartpath,siptrunk,ab,new,10.0
kana,siptrunk,west,new,10.0
kana,siptrunk,mb,new,10.0
kana,broadband,on,add,10.0
kana,siptrunk,qc,move,10.0
ssc,eip,bc,change,10.0
smartpath,siptrunk,on,new,10.0
email,btce,qc,change,10.0
smartpath,ethernet,on,add,10.0
smartpath,ethernet,on,move,10.0
email,ipvpn,west,change,10.0
pss,siptrunk,on,add,10.0
eom,btce,west,new,10.0
pss,siptrunk,on,move,10.0
kana,ipvpn,ab,change,10.0
ssc,ethernet,qc,add,10.0
kana,ipvpn,qc,add,10.0
ssc,btce,mb,change,10.0
ssc,siptrunk,ab,change,10.0
pss,businessinternetdedicated,on,move,10.0
smartpath,eip,qc,change,10.0
email,siptrunk,on,change,10.0
kana,ethernet,qc,add,10.0
smartpath,businessinternetdedicated,on,new,10.0
ssc,businessinternetdedicated,ab,change,10.0
email,ipvpn,bc,change,10.0
pss,ipvpn,qc,change,10.0
eom,siptrunk,qc,new,10.0
ssc,btce,west,add,10.0
email,btce,west,add,10.0
kana,ipvpn,west,change,10.0
ssc,businessinternetdedicated,on,change,10.0
pss,siptrunk,on,change,10.0
pss,btce,bc,add,10.0
eom,btce,qc,new,10.0
ssc,siptrunk,ab,add,10.0
email,btce,bc,add,10.0
email,ipvpn,qc,change,10.0
kana,ipvpn,bc,change,10.0
kana,ethernet,on,new,10.0
smartpath,businessinternetdedicated,qc,new,10.0
email,businessinternetdedicated,qc,new,10.0
eom,ethernet,on,new,10.0
ssc,ipvpn,mb,change,10.0
pss,btce,ab,add,10.0
email,btce,bc,move,10.0
pss,businessinternetdedicated,on,add,10.0
smartpath,siptrunk,qc,change,10.0
email,btce,ab,change,10.0
email,btce,on,move,10.0
ssc,ethernet,on,add,10.0
kana,ipvpn,on,add,10.0
kana,btce,on,add,10.0
smartpath,btce,qc,move,10.0
kana,btce,qc,move,10.0
kana,siptrunk,qc,add,10.0
smartpath,ipvpn,mb,change,10.0
email,btce,on,add,10.0
kana,businessinternetdedicated,qc,new,10.0
smartpath,businessinternetdedicated,mb,change,10.0
smartpath,ipvpn,west,change,10.0
pss,btce,bc,change,10.0
kana,siptrunk,ab,new,10.0
smartpath,broadband,qc,change,10.0
ssc,siptrunk,on,move,10.0
kana,siptrunk,on,new,10.0
ssc,eip,on,add,10.0
email,siptrunk,west,change,10.0
pss,ipvpn,ab,change,10.0
smartpath,btce,on,new,10.0
kana,ipvpn,on,change,10.0
kana,btce,on,new,10.0
ssc,siptrunk,on,change,10.0
kana,ipvpn,mb,change,10.0
smartpath,siptrunk,qc,move,10.0
pss,btce,west,change,10.0
ssc,businessinternetdedicated,qc,move,10.0
ssc,siptrunk,qc,move,10.0
smartpath,eip,on,add,10.0
smartpath,ipvpn,qc,new,10.0
ssc,ipvpn,on,change,10.0
email,ipvpn,sk,change,10.0
eom,broadband,qc,new,10.0
smartpath,siptrunk,qc,add,10.0
pss,eip,bc,change,10.0
smartpath,ipvpn,on,add,10.0
smartpath,ethernet,on,new,10.0
smartpath,eip,west,change,10.0
pss,ipvpn,on,change,10.0
ssc,btce,ab,move,10.0
smartpath,businessinternetdedicated,qc,add,10.0
eom,siptrunk,west,new,10.0
ssc,btce,on,move,10.0
email,businessinternetdedicated,qc,add,10.0
ssc,ipvpn,ab,change,10.0
email,btce,ab,add,10.0
kana,businessinternetdedicated,qc,change,10.0
kana,ipvpn,west,disconnect,15.0
kana,ethernet,on,disconnect,15.0
ssc,ethernet,west,disconnect,15.0
ssc,btce,west,disconnect,15.0
email,ipvpn,west,disconnect,15.0
ssc,ipvpn,qc,disconnect,15.0
smartpath,ethernet,qc,disconnect,15.0
smartpath,ipvpn,bc,disconnect,15.0
ssc,businessinternetdedicated,bc,disconnect,15.0
pss,businessinternetdedicated,on,disconnect,15.0
kana,ipvpn,ab,disconnect,15.0
smartpath,ipvpn,sk,disconnect,15.0
smartpath,eip,ab,disconnect,15.0
ssc,eip,qc,disconnect,15.0
ssc,ethernet,ab,disconnect,15.0
ssc,siptrunk,bc,disconnect,15.0
smartpath,businessinternetdedicated,bc,disconnect,15.0
email,businessinternetdedicated,qc,disconnect,15.0
smartpath,eip,on,disconnect,15.0
ssc,eip,ab,disconnect,15.0
ssc,businessinternetdedicated,mb,disconnect,15.0
email,btce,west,disconnect,15.0
pss,ethernet,on,disconnect,15.0
kana,siptrunk,qc,disconnect,15.0
ssc,businessinternetdedicated,ab,disconnect,15.0
pss,eip,on,disconnect,15.0
ssc,ipvpn,on,disconnect,15.0
smartpath,ipvpn,qc,disconnect,15.0
smartpath,btce,mb,disconnect,15.0
smartpath,btce,sk,disconnect,15.0
kana,btce,bc,disconnect,15.0
smartpath,btce,on,disconnect,15.0
kana,ipvpn,bc,disconnect,15.0
kana,btce,west,disconnect,15.0
smartpath,businessinternetdedicated,ab,disconnect,15.0
ssc,ipvpn,bc,disconnect,15.0
ssc,btce,bc,disconnect,15.0
ssc,btce,qc,disconnect,15.0
pss,btce,ab,disconnect,15.0
pss,ipvpn,mb,disconnect,15.0
pss,ipvpn,on,disconnect,15.0
ssc,businessinternetdedicated,west,disconnect,15.0
ssc,siptrunk,qc,disconnect,15.0
kana,ipvpn,qc,disconnect,15.0
pss,ethernet,qc,disconnect,15.0
ssc,ipvpn,ab,disconnect,15.0
kana,siptrunk,ab,disconnect,15.0
ssc,ethernet,bc,disconnect,15.0
kana,siptrunk,bc,disconnect,15.0
smartpath,ipvpn,ab,disconnect,15.0
email,ipvpn,bc,disconnect,15.0
kana,broadband,qc,disconnect,15.0
kana,eip,on,disconnect,15.0
email,ipvpn,on,disconnect,15.0
smartpath,siptrunk,qc,disconnect,15.0
smartpath,eip,qc,disconnect,15.0
kana,siptrunk,west,disconnect,15.0
smartpath,ipvpn,west,disconnect,15.0
pss,businessinternetdedicated,bc,disconnect,15.0
smartpath,ethernet,ab,disconnect,15.0
ssc,ipvpn,sk,disconnect,15.0
kana,eip,bc,disconnect,15.0
email,siptrunk,qc,disconnect,15.0
ssc,businessinternetdedicated,on,disconnect,15.0
ssc,siptrunk,on,disconnect,15.0
smartpath,ipvpn,on,disconnect,15.0
email,broadband,qc,disconnect,15.0
pss,businessinternetdedicated,ab,disconnect,15.0
ssc,siptrunk,ab,disconnect,15.0
pss,btce,on,disconnect,15.0
pss,ipvpn,qc,disconnect,15.0
ssc,btce,ab,disconnect,15.0
smartpath,siptrunk,ab,disconnect,15.0
email,ipvpn,sk,disconnect,15.0
pss,ipvpn,ab,disconnect,15.0
email,siptrunk,on,disconnect,15.0
ssc,eip,bc,disconnect,15.0
pss,btce,bc,disconnect,15.0
kana,ipvpn,on,disconnect,15.0
ssc,ethernet,on,disconnect,15.0
email,btce,bc,disconnect,15.0
kana,btce,on,disconnect,15.0
kana,btce,qc,disconnect,15.0
smartpath,ethernet,bc,disconnect,15.0
ssc,siptrunk,west,disconnect,15.0
ssc,businessinternetdedicated,qc,disconnect,15.0
email,btce,on,disconnect,15.0
email,businessinternetdedicated,on,disconnect,15.0
smartpath,btce,qc,disconnect,15.0
ssc,eip,on,disconnect,15.0
pss,businessinternetdedicated,qc,disconnect,15.0
kana,businessinternetdedicated,qc,disconnect,15.0
pss,ipvpn,bc,disconnect,15.0
email,ipvpn,qc,disconnect,15.0
ssc,ipvpn,mb,disconnect,15.0
kana,siptrunk,on,disconnect,15.0
ssc,ipvpn,west,disconnect,15.0
smartpath,ipvpn,west,new,30.0
kana,ipvpn,ab,new,30.0
smartpath,businessinternetdedicated,ab,move,30.0
email,ipvpn,ab,move,30.0
ssc,ipvpn,bc,move,30.0
smartpath,ethernet,west,new,30.0
ssc,businessinternetdedicated,mb,add,30.0
eom,ethernet,west,new,30.0
email,ipvpn,west,add,30.0
smartpath,ipvpn,west,move,30.0
ssc,ipvpn,sk,move,30.0
email,businessinternetdedicated,west,add,30.0
smartpath,businessinternetdedicated,mb,add,30.0
smartpath,ipvpn,sk,move,30.0
eom,eip,west,new,30.0
pwo,businessinternetdedicated,west,new,30.0
eom,ipvpn,west,new,30.0
ssc,businessinternetdedicated,bc,add,30.0
smartpath,ipvpn,west,add,30.0
smartpath,ipvpn,mb,add,30.0
pwo,ipvpn,bc,new,30.0
ssc,ipvpn,sk,add,30.0
ssc,ipvpn,bc,add,30.0
email,ipvpn,west,new,30.0
email,ipvpn,bc,add,30.0
ssc,businessinternetdedicated,ab,move,30.0
ssc,ipvpn,ab,add,30.0
ssc,ipvpn,mb,move,30.0
eom,businessinternetdedicated,ab,new,30.0
smartpath,ethernet,ab,new,30.0
ssc,businessinternetdedicated,west,move,30.0
eom,businessinternetdedicated,west,new,30.0
kana,ipvpn,west,move,30.0
eom,businessinternetdedicated,bc,new,30.0
ssc,ipvpn,ab,move,30.0
pwo,ipvpn,west,new,30.0
smartpath,ipvpn,mb,move,30.0
smartpath,businessinternetdedicated,mb,new,30.0
kana,ipvpn,west,new,30.0
ssc,businessinternetdedicated,ab,add,30.0
smartpath,businessinternetdedicated,bc,add,30.0
pwo,ipvpn,mb,new,30.0
smartpath,ipvpn,bc,move,30.0
smartpath,ipvpn,ab,move,30.0
smartpath,eip,west,add,30.0
ssc,ethernet,bc,move,30.0
smartpath,ipvpn,ab,new,30.0
kana,ipvpn,west,add,30.0
smartpath,ipvpn,bc,add,30.0
ssc,ipvpn,mb,add,30.0
smartpath,businessinternetdedicated,ab,add,30.0
eom,businessinternetdedicated,mb,new,30.0
ssc,ethernet,ab,move,30.0
pss,ipvpn,bc,move,30.0
ssc,ethernet,ab,add,30.0
smartpath,ipvpn,nb,disconnect,75.0
kana,ipvpn,nb,add,75.0
smartpath,ipvpn,nb,add,75.0
ssc,businessinternetdedicated,nb,add,75.0
kana,ipvpn,east,new,75.0
kana,wavelength,on,new,75.0
email,broadband,nl,change,75.0
ssc,ipvpn,intl,disconnect,75.0
smartpath,ipvpn,east,change,75.0
kana,wavelength,intl,new,75.0
smartpath,wavelength,on,add,75.0
smartpath,ipvpn,east,add,75.0
ssc,onenet,on,softhardmac,75.0
smartpath,ipvpn,nl,new,75.0
email,ipvpn,east,disconnect,75.0
smartpath,wavelength,ab,change,75.0
smartpath,wavelength,on,change,75.0
ssc,onenet,sk,projectmac,75.0
kana,wavelength,intl,change,75.0
ssc,onenet,bc,softhardmac,75.0
email,ipvpn,nb,move,75.0
email,ethernet,nl,disconnect,75.0
ssc,businessinternetdedicated,intl,disconnect,75.0
ssc,onenet,sk,softhardmac,75.0
kana,ethernet,intl,disconnect,75.0
ssc,ipvpn,nb,change,75.0
ssc,businessinternetdedicated,nb,change,75.0
kana,ethernet,east,disconnect,75.0
ssc,ethernet,nb,add,75.0
ssc,ethernet,nb,change,75.0
ssc,ipvpn,nl,move,75.0
ssc,ipvpn,intl,change,75.0
ssc,onenet,qc,softhardmac,75.0
email,ipvpn,nb,change,75.0
ssc,onenet,nl,projectmac,75.0
smartpath,ipvpn,ns,disconnect,75.0
smartpath,ipvpn,nl,disconnect,75.0
eom,ipvpn,nb,new,75.0
email,ipvpn,east,move,75.0
smartpath,wavelength,intl,add,75.0
kana,ipvpn,ns,disconnect,75.0
smartpath,wavelength,qc,change,75.0
kana,ipvpn,nb,disconnect,75.0
smartpath,wavelength,qc,move,75.0
smartpath,broadband,ns,move,75.0
ssc,onenet,mb,projectmac,75.0
email,ipvpn,ns,change,75.0
ssc,onenet,ab,softhardmac,75.0
ssc,ipvpn,nb,add,75.0
ssc,onenet,on,projectmac,75.0
ssc,onenet,nb,softhardmac,75.0
smartpath,ethernet,ns,disconnect,75.0
eom,wavelength,on,new,75.0
email,ipvpn,ns,disconnect,75.0
smartpath,wavelength,on,disconnect,75.0
eom,wavelength,west,new,75.0
smartpath,ethernet,east,disconnect,75.0
kana,wavelength,on,add,75.0
ssc,ipvpn,nb,move,75.0
ssc,ipvpn,east,disconnect,75.0
kana,ipvpn,east,change,75.0
ssc,ipvpn,nl,add,75.0
smartpath,ipvpn,east,disconnect,75.0
ssc,businessinternetdedicated,nb,disconnect,75.0
ssc,ipvpn,intl,move,75.0
ssc,wavelength,on,disconnect,75.0
kana,businessinternetdedicated,east,disconnect,75.0
ssc,onenet,ab,projectmac,75.0
eom,wavelength,intl,new,75.0
ssc,onenet,nb,projectmac,75.0
email,ipvpn,east,new,75.0
ssc,onenet,ns,softhardmac,75.0
smartpath,broadband,ns,add,75.0
pss,ipvpn,nt,disconnect,75.0
kana,ipvpn,ns,change,75.0
ssc,onenet,intl,projectmac,75.0
kana,ipvpn,nb,change,75.0
kana,wavelength,ab,move,75.0
ssc,ethernet,nb,move,75.0
email,ipvpn,east,add,75.0
email,ipvpn,east,change,75.0
kana,ipvpn,nb,new,75.0
ssc,onenet,bc,projectmac,75.0
ssc,onenet,nt,projectmac,75.0
ssc,ipvpn,ns,change,75.0
kana,wavelength,bc,disconnect,75.0
smartpath,ipvpn,ns,change,75.0
smartpath,ipvpn,intl,change,75.0
ssc,onenet,mb,softhardmac,75.0
kana,wavelength,on,disconnect,75.0
kana,ipvpn,east,disconnect,75.0
kana,ipvpn,nl,new,75.0
email,ipvpn,intl,disconnect,75.0
smartpath,ipvpn,nl,add,75.0
kana,wavelength,qc,disconnect,75.0
ssc,ethernet,ns,disconnect,75.0
ssc,ipvpn,nl,change,75.0
ssc,onenet,nu,projectmac,75.0
email,ipvpn,nl,new,75.0
smartpath,ipvpn,ns,move,75.0
ssc,ipvpn,ns,disconnect,75.0
ssc,ipvpn,east,change,75.0
smartpath,ipvpn,ns,add,75.0
email,ipvpn,ns,add,75.0
email,ipvpn,nl,disconnect,75.0
ssc,onenet,ns,projectmac,75.0
ssc,ipvpn,ns,move,75.0
kana,wavelength,east,new,75.0
smartpath,wavelength,qc,disconnect,75.0
smartpath,ipvpn,ns,new,75.0
smartpath,ipvpn,nb,move,75.0
ssc,ipvpn,nl,disconnect,75.0
smartpath,wavelength,qc,new,75.0
ssc,ipvpn,ns,add,75.0
ssc,onenet,nl,softhardmac,75.0
eom,wavelength,qc,new,75.0
ssc,businessinternetdedicated,intl,change,75.0
ssc,onenet,qc,projectmac,75.0
smartpath,businessinternetdedicated,east,change,75.0
